dimension_reduction_type,model,n_estimators,max_depth,rmse,mae,r2,spearman_r,within_1_acc
"Lasso (alpha=1.0, top-100) + SMOTE",Random Forest,10,10.0,1.2673710333077606,1.026268735219661,0.37659177038690894,0.5951000099822237,0.8090909090909091
"Lasso (alpha=1.0, top-100) + SMOTE",Random Forest,10,20.0,1.2287465897483427,0.9690909090909089,0.41401077752117,0.6118166548706852,0.7727272727272727
"Lasso (alpha=1.0, top-100) + SMOTE",Random Forest,10,30.0,1.3234939983378706,1.0563636363636362,0.3201565306646138,0.5567325752987734,0.7181818181818181
"Lasso (alpha=1.0, top-100) + SMOTE",Random Forest,10,,1.2355344813259785,0.9872727272727273,0.40751860405440077,0.6191070086320988,0.7727272727272727
"Lasso (alpha=1.0, top-100) + SMOTE",Random Forest,20,10.0,1.2320314673493262,0.9712737027471265,0.410873473437224,0.6148757893184073,0.8
"Lasso (alpha=1.0, top-100) + SMOTE",Random Forest,20,20.0,1.2394646938387264,0.9763636363636364,0.40374326404926864,0.6218752821463454,0.8
"Lasso (alpha=1.0, top-100) + SMOTE",Random Forest,20,30.0,1.3120681107597758,1.0404545454545455,0.33184420708237106,0.5568154278833263,0.7545454545454545
"Lasso (alpha=1.0, top-100) + SMOTE",Random Forest,20,,1.2592566349744887,1.0045454545454546,0.38454901206055947,0.5999094335386301,0.7818181818181819
"Lasso (alpha=1.0, top-100) + SMOTE",Random Forest,50,10.0,1.2299602452791405,0.9618795692252577,0.41285262124383537,0.6144541263642469,0.7818181818181819
"Lasso (alpha=1.0, top-100) + SMOTE",Random Forest,50,20.0,1.232103891723421,0.9832727272727272,0.4108042083654093,0.61981658848671,0.7818181818181819
"Lasso (alpha=1.0, top-100) + SMOTE",Random Forest,50,30.0,1.1889215892793543,0.9367272727272726,0.4513802925327174,0.6495052819171613,0.8
"Lasso (alpha=1.0, top-100) + SMOTE",Random Forest,50,,1.2385401964336151,0.9678181818181819,0.4046324095458045,0.6203776481287461,0.7909090909090909
"Lasso (alpha=1.0, top-100) + SMOTE",Random Forest,100,10.0,1.2329847595564183,0.9813215984245259,0.40996143991177114,0.6213679129849685,0.7818181818181819
"Lasso (alpha=1.0, top-100) + SMOTE",Random Forest,100,20.0,1.205837317536506,0.9570909090909092,0.43565794200667185,0.6407026918850068,0.7909090909090909
"Lasso (alpha=1.0, top-100) + SMOTE",Random Forest,100,30.0,1.215690226691293,0.9655454545454547,0.42639777392866307,0.6433737644912313,0.8
"Lasso (alpha=1.0, top-100) + SMOTE",Random Forest,100,,1.242604303286229,0.9900000000000001,0.40071875801898893,0.6098480165695348,0.7636363636363637
"Ridge (alpha=1.0, top-100) + SMOTE",Random Forest,10,10.0,1.2800679781110404,1.049476624349279,0.36403817853855625,0.5650407521584571,0.7636363636363637
"Ridge (alpha=1.0, top-100) + SMOTE",Random Forest,10,20.0,1.183984029376318,0.8927272727272729,0.45592763664357205,0.6567918370290232,0.7818181818181819
"Ridge (alpha=1.0, top-100) + SMOTE",Random Forest,10,30.0,1.143121722620681,0.9527272727272728,0.4928342314600975,0.6667648164985582,0.8727272727272727
"Ridge (alpha=1.0, top-100) + SMOTE",Random Forest,10,,1.2726850642351677,1.07,0.37135296381832184,0.5626371663292048,0.7909090909090909
"Ridge (alpha=1.0, top-100) + SMOTE",Random Forest,20,10.0,1.210167354578359,0.9894781151700365,0.43159767719864905,0.6391453865789749,0.7909090909090909
"Ridge (alpha=1.0, top-100) + SMOTE",Random Forest,20,20.0,1.2219023915785803,1.0254545454545456,0.4205205927636645,0.6178047897011917,0.7909090909090909
"Ridge (alpha=1.0, top-100) + SMOTE",Random Forest,20,30.0,1.134370069485904,0.9359090909090908,0.5005701501154733,0.7098682574411654,0.8181818181818182
"Ridge (alpha=1.0, top-100) + SMOTE",Random Forest,20,,1.1906167233069513,0.9495454545454546,0.4498147613548884,0.6493478160794047,0.8181818181818182
"Ridge (alpha=1.0, top-100) + SMOTE",Random Forest,50,10.0,1.1730638611350606,0.9506411318013492,0.46591757281744706,0.660033391668122,0.8272727272727273
"Ridge (alpha=1.0, top-100) + SMOTE",Random Forest,50,20.0,1.165682008720451,0.9309090909090911,0.4726181678214012,0.6729324396168024,0.8090909090909091
"Ridge (alpha=1.0, top-100) + SMOTE",Random Forest,50,30.0,1.1428258437272536,0.94,0.49309674108288426,0.6937904364513418,0.8
"Ridge (alpha=1.0, top-100) + SMOTE",Random Forest,50,,1.1645397061812566,0.9556363636363633,0.47365127020785225,0.6723780311499724,0.8272727272727273
"Ridge (alpha=1.0, top-100) + SMOTE",Random Forest,100,10.0,1.133222133406705,0.9275501501631173,0.5015804438004103,0.6932814543819324,0.8181818181818182
"Ridge (alpha=1.0, top-100) + SMOTE",Random Forest,100,20.0,1.1488741524561417,0.931,0.4877170579933283,0.6850083895566978,0.8090909090909091
"Ridge (alpha=1.0, top-100) + SMOTE",Random Forest,100,30.0,1.1482757825223315,0.9340909090909091,0.48825054529124956,0.6925883335529255,0.8181818181818182
"Ridge (alpha=1.0, top-100) + SMOTE",Random Forest,100,,1.1500260866606462,0.9440000000000001,0.4866892481395946,0.6857388736161508,0.8181818181818182
PCA (n_components=50) + SMOTE,Random Forest,10,10.0,1.0534661989721916,0.8318965423512913,0.569268941116221,0.7588727961478999,0.8545454545454545
PCA (n_components=50) + SMOTE,Random Forest,10,20.0,1.0547727027874083,0.8345454545454545,0.5681998973569413,0.7624464675099982,0.8636363636363636
PCA (n_components=50) + SMOTE,Random Forest,10,30.0,1.0876162424812765,0.8472727272727274,0.5408904285347704,0.7431149144916519,0.8454545454545455
PCA (n_components=50) + SMOTE,Random Forest,10,,1.0450750299293434,0.7945454545454543,0.576103412881704,0.764745484199495,0.8818181818181818
PCA (n_components=50) + SMOTE,Random Forest,20,10.0,1.0398558247981238,0.8048364305794806,0.5803268010637768,0.7669038141153475,0.8454545454545455
PCA (n_components=50) + SMOTE,Random Forest,20,20.0,1.0096916721094973,0.7659090909090909,0.604321433153708,0.777203013466344,0.8818181818181818
PCA (n_components=50) + SMOTE,Random Forest,20,30.0,0.9805378857823626,0.7427272727272729,0.626841159866564,0.7924999638925031,0.8636363636363636
PCA (n_components=50) + SMOTE,Random Forest,20,,1.0203052128028784,0.7822727272727273,0.5959592314600975,0.77212223322705,0.8636363636363636
PCA (n_components=50) + SMOTE,Random Forest,50,10.0,1.0199185650686513,0.7968646860260612,0.5962653983706208,0.76573535184745,0.8909090909090909
PCA (n_components=50) + SMOTE,Random Forest,50,20.0,0.9797346579559182,0.7761818181818182,0.6274522709776751,0.7934537816386423,0.8727272727272727
PCA (n_components=50) + SMOTE,Random Forest,50,30.0,0.9737406785643233,0.767090909090909,0.6319967924044138,0.7863373137243884,0.9090909090909091
PCA (n_components=50) + SMOTE,Random Forest,50,,0.9921821680243275,0.7754545454545454,0.61792571208622,0.7837120668817055,0.8818181818181818
PCA (n_components=50) + SMOTE,Random Forest,100,10.0,1.007697346082984,0.7884359807343755,0.6058829647882173,0.7728477308694348,0.8909090909090909
PCA (n_components=50) + SMOTE,Random Forest,100,20.0,0.9965627289474922,0.7806363636363637,0.6145444893507827,0.779650981801714,0.8727272727272727
PCA (n_components=50) + SMOTE,Random Forest,100,30.0,0.9985912804819325,0.775909090909091,0.612973665640236,0.783061372129524,0.8818181818181818
PCA (n_components=50) + SMOTE,Random Forest,100,,1.0033240208970833,0.7891818181818182,0.6092964139081346,0.7715755308207862,0.8727272727272727
"Lasso->PCA (top-100, 95%var) + SMOTE",Random Forest,10,10.0,1.3592660301884172,1.069351291217666,0.2829096066213572,0.5452314146559288,0.7272727272727273
"Lasso->PCA (top-100, 95%var) + SMOTE",Random Forest,10,20.0,1.3171249681857002,1.0536363636363635,0.3266839876828329,0.5723178922613035,0.7454545454545455
"Lasso->PCA (top-100, 95%var) + SMOTE",Random Forest,10,30.0,1.3057912961460991,1.0290909090909093,0.3382217090069284,0.5880470742856361,0.7363636363636363
"Lasso->PCA (top-100, 95%var) + SMOTE",Random Forest,10,,1.308225724198445,1.050909090909091,0.33575186040544003,0.6027922606134807,0.7090909090909091
"Lasso->PCA (top-100, 95%var) + SMOTE",Random Forest,20,10.0,1.2713602397328383,1.0011708746095591,0.3726610855786556,0.6148143637432825,0.7636363636363637
"Lasso->PCA (top-100, 95%var) + SMOTE",Random Forest,20,20.0,1.2863355281220725,1.0304545454545457,0.35779525917372335,0.5899704286898849,0.7454545454545455
"Lasso->PCA (top-100, 95%var) + SMOTE",Random Forest,20,30.0,1.297628956632407,1.035,0.3464692391583267,0.5938120951215305,0.8
"Lasso->PCA (top-100, 95%var) + SMOTE",Random Forest,20,,1.3275918047351754,1.0518181818181818,0.3159401462663587,0.5649568760121856,0.7454545454545455
"Lasso->PCA (top-100, 95%var) + SMOTE",Random Forest,50,10.0,1.2602222686914455,0.9952174147741681,0.3836047595996809,0.6267529999587569,0.7727272727272727
"Lasso->PCA (top-100, 95%var) + SMOTE",Random Forest,50,20.0,1.261479650684429,0.9978181818181817,0.38237413394919184,0.6209476434871911,0.7636363636363637
"Lasso->PCA (top-100, 95%var) + SMOTE",Random Forest,50,30.0,1.2803479640671551,1.0194545454545454,0.3637599435463178,0.611841192485171,0.7636363636363637
"Lasso->PCA (top-100, 95%var) + SMOTE",Random Forest,50,,1.2996628933549024,1.0223636363636361,0.3444189119835772,0.5904436727601835,0.7818181818181819
"Lasso->PCA (top-100, 95%var) + SMOTE",Random Forest,100,10.0,1.2887816983988787,1.003735903006772,0.355350429171556,0.5983589050060542,0.7636363636363637
"Lasso->PCA (top-100, 95%var) + SMOTE",Random Forest,100,20.0,1.2682457461893073,0.9965454545454545,0.3757309468822171,0.6063920495255528,0.7636363636363637
"Lasso->PCA (top-100, 95%var) + SMOTE",Random Forest,100,30.0,1.280148073821576,1.0055454545454545,0.3639585899409802,0.606451480553624,0.7454545454545455
"Lasso->PCA (top-100, 95%var) + SMOTE",Random Forest,100,,1.2778476221578787,1.0092727272727273,0.36624249422632815,0.6099061359336587,0.7818181818181819
"Ridge->PCA (top-100, 95%var) + SMOTE",Random Forest,10,10.0,1.3582059283933976,1.1304003713817592,0.2840276988238406,0.49983944808943803,0.7090909090909091
"Ridge->PCA (top-100, 95%var) + SMOTE",Random Forest,10,20.0,1.4193468408199086,1.190909090909091,0.21811649987169612,0.45229771619774467,0.7090909090909091
"Ridge->PCA (top-100, 95%var) + SMOTE",Random Forest,10,30.0,1.320123961121558,1.0781818181818184,0.32361431870669755,0.5505888121876047,0.7363636363636363
"Ridge->PCA (top-100, 95%var) + SMOTE",Random Forest,10,,1.3345070591454702,1.1018181818181818,0.3087952270977674,0.5232732560237072,0.7454545454545455
"Ridge->PCA (top-100, 95%var) + SMOTE",Random Forest,20,10.0,1.2906045548827572,1.0853266385009948,0.3535255511701999,0.5726794273616894,0.7636363636363637
"Ridge->PCA (top-100, 95%var) + SMOTE",Random Forest,20,20.0,1.3250214406498553,1.1036363636363635,0.31858641262509635,0.5443481735613831,0.7636363636363637
"Ridge->PCA (top-100, 95%var) + SMOTE",Random Forest,20,30.0,1.3366681780388947,1.0763636363636364,0.3065547215807032,0.5423965044327228,0.6909090909090909
"Ridge->PCA (top-100, 95%var) + SMOTE",Random Forest,20,,1.3357411970342703,1.1095454545454546,0.30751619835771116,0.5289912004704391,0.7
"Ridge->PCA (top-100, 95%var) + SMOTE",Random Forest,50,10.0,1.2674332660666756,1.0769057553224206,0.3765305454329444,0.6009221325107305,0.7909090909090909
"Ridge->PCA (top-100, 95%var) + SMOTE",Random Forest,50,20.0,1.2860270038165817,1.0707272727272727,0.35810328457788054,0.5935837549778286,0.7636363636363637
"Ridge->PCA (top-100, 95%var) + SMOTE",Random Forest,50,30.0,1.2888684254732203,1.0714545454545452,0.3552636643571979,0.5830406738898246,0.7727272727272727
"Ridge->PCA (top-100, 95%var) + SMOTE",Random Forest,50,,1.2851077068408774,1.0987272727272728,0.35902065691557616,0.5934896707375681,0.7454545454545455
"Ridge->PCA (top-100, 95%var) + SMOTE",Random Forest,100,10.0,1.2928163543655886,1.078065069999399,0.3513078353222644,0.5566729744525253,0.7909090909090909
"Ridge->PCA (top-100, 95%var) + SMOTE",Random Forest,100,20.0,1.2728711282336909,1.069909090909091,0.37116913651526817,0.5997639828904909,0.7454545454545455
"Ridge->PCA (top-100, 95%var) + SMOTE",Random Forest,100,30.0,1.2849396873005363,1.0895454545454546,0.3591882537849628,0.5791901289687721,0.7363636363636363
"Ridge->PCA (top-100, 95%var) + SMOTE",Random Forest,100,,1.2599906204557094,1.0659999999999998,0.38383134462406987,0.6115050831978396,0.7636363636363637
"Lasso (alpha=1.0, top-100) + SMOTE",Random Forest,10,10.0,1.3310935113018338,1.0546643948874697,0.3230319800580653,0.5548299567153475,0.7272727272727273
"Lasso (alpha=1.0, top-100) + SMOTE",Random Forest,10,20.0,1.4416530915458254,1.18,0.20590482806530042,0.4650039495600195,0.6818181818181818
"Lasso (alpha=1.0, top-100) + SMOTE",Random Forest,10,30.0,1.3119728378563054,1.0636363636363637,0.3423410906564778,0.5691591541931114,0.7454545454545455
"Lasso (alpha=1.0, top-100) + SMOTE",Random Forest,10,,1.4654816149090248,1.1672727272727272,0.17943730461965945,0.4307474701867169,0.7
"Lasso (alpha=1.0, top-100) + SMOTE",Random Forest,20,10.0,1.384090988888437,1.140992340352268,0.2680518749307438,0.4903007163476634,0.7181818181818181
"Lasso (alpha=1.0, top-100) + SMOTE",Random Forest,20,20.0,1.406833969657336,1.1336363636363636,0.24379993053143445,0.48239599848977877,0.7272727272727273
"Lasso (alpha=1.0, top-100) + SMOTE",Random Forest,20,30.0,1.3852551455171782,1.1240909090909093,0.2668200764154218,0.5068034811731384,0.7
"Lasso (alpha=1.0, top-100) + SMOTE",Random Forest,20,,1.3475145470626484,1.0886363636363636,0.3062261201806181,0.5526376688178335,0.7272727272727273
"Lasso (alpha=1.0, top-100) + SMOTE",Random Forest,50,10.0,1.370688621498061,1.1080255719403609,0.2821583790153942,0.5153900007744602,0.7181818181818181
"Lasso (alpha=1.0, top-100) + SMOTE",Random Forest,50,20.0,1.3570784126872766,1.1139999999999999,0.29634317471344207,0.5270612725276586,0.7272727272727273
"Lasso (alpha=1.0, top-100) + SMOTE",Random Forest,50,30.0,1.3458137112745379,1.0847272727272728,0.3079763806877388,0.5282856910980038,0.7090909090909091
"Lasso (alpha=1.0, top-100) + SMOTE",Random Forest,50,,1.36103703777003,1.0974545454545457,0.2922320250086835,0.5238931723164044,0.7272727272727273
"Lasso (alpha=1.0, top-100) + SMOTE",Random Forest,100,10.0,1.3548570356781884,1.1037788003737337,0.29864489550560713,0.5238091609306063,0.7545454545454545
"Lasso (alpha=1.0, top-100) + SMOTE",Random Forest,100,20.0,1.346721946060136,1.096909090909091,0.3070420284821117,0.5275997521702686,0.7181818181818181
"Lasso (alpha=1.0, top-100) + SMOTE",Random Forest,100,30.0,1.3528669893633634,1.096909090909091,0.3007037165682529,0.5318116049814047,0.7272727272727273
"Lasso (alpha=1.0, top-100) + SMOTE",Random Forest,100,,1.3468998073016014,1.0957272727272729,0.30685897881208757,0.5322256629228713,0.7090909090909091
"Ridge (alpha=1.0, top-100) + SMOTE",Random Forest,10,10.0,1.3293274128748602,1.0690710403083847,0.32482719427487805,0.5390181943592132,0.7636363636363637
"Ridge (alpha=1.0, top-100) + SMOTE",Random Forest,10,20.0,1.1955599676986666,0.9336363636363637,0.45387287252518227,0.6662161812998257,0.7818181818181819
"Ridge (alpha=1.0, top-100) + SMOTE",Random Forest,10,30.0,1.349983164878194,1.0754545454545457,0.3036818339701286,0.5430036272695282,0.7181818181818181
"Ridge (alpha=1.0, top-100) + SMOTE",Random Forest,10,,1.3674794331177347,1.0654545454545452,0.2855158040986451,0.5304128327904585,0.7545454545454545
"Ridge (alpha=1.0, top-100) + SMOTE",Random Forest,20,10.0,1.2663850082777064,1.0243317242383059,0.3872510982599586,0.6175648156494966,0.7818181818181819
"Ridge (alpha=1.0, top-100) + SMOTE",Random Forest,20,20.0,1.2147016094498269,0.9736363636363636,0.43624522403612365,0.655976039479956,0.7818181818181819
"Ridge (alpha=1.0, top-100) + SMOTE",Random Forest,20,30.0,1.2687681928834469,1.0236363636363637,0.3849426884334838,0.6067455932862688,0.7727272727272727
"Ridge (alpha=1.0, top-100) + SMOTE",Random Forest,20,,1.2723189279993656,1.0304545454545455,0.3814953108718304,0.6068541729791089,0.7636363636363637
"Ridge (alpha=1.0, top-100) + SMOTE",Random Forest,50,10.0,1.2566348364892457,1.019193364515087,0.3966501481395662,0.6111927529226946,0.7545454545454545
"Ridge (alpha=1.0, top-100) + SMOTE",Random Forest,50,20.0,1.2316242047873944,0.9900000000000001,0.4204279263633206,0.6437041373899055,0.7363636363636363
"Ridge (alpha=1.0, top-100) + SMOTE",Random Forest,50,30.0,1.231210786177574,0.9816363636363636,0.42081695032997557,0.6267737200744506,0.7636363636363637
"Ridge (alpha=1.0, top-100) + SMOTE",Random Forest,50,,1.2781577651946072,1.0192727272727273,0.37580548801667235,0.5940452718451068,0.7636363636363637
"Ridge (alpha=1.0, top-100) + SMOTE",Random Forest,100,10.0,1.2305237878978175,0.985306607037675,0.42146312197268754,0.637587701551207,0.7818181818181819
"Ridge (alpha=1.0, top-100) + SMOTE",Random Forest,100,20.0,1.2588587905501771,1.015272727272727,0.3945126780131989,0.6159183755361487,0.7545454545454545
"Ridge (alpha=1.0, top-100) + SMOTE",Random Forest,100,30.0,1.2338399041573056,0.9795454545454548,0.41834074331365056,0.6458582239739257,0.7727272727272727
"Ridge (alpha=1.0, top-100) + SMOTE",Random Forest,100,,1.2599985569977308,1.012,0.3934157693643625,0.6137613917264333,0.7363636363636363
PCA (n_components=50) + SMOTE,Random Forest,10,10.0,1.307342956799666,1.0054926623367764,0.34697458584124263,0.5802530558454593,0.7090909090909091
PCA (n_components=50) + SMOTE,Random Forest,10,20.0,1.2995103973140318,0.9800000000000001,0.3547759638763458,0.5844137772221881,0.7727272727272727
PCA (n_components=50) + SMOTE,Random Forest,10,30.0,1.2312964342882298,0.9445454545454544,0.4207363667940257,0.6254098390371616,0.7545454545454545
PCA (n_components=50) + SMOTE,Random Forest,10,,1.3449907062875937,1.0209090909090908,0.3088225078152136,0.563910639854693,0.7363636363636363
PCA (n_components=50) + SMOTE,Random Forest,20,10.0,1.2867272786671105,1.0075153784509983,0.3674075030800018,0.59885063788811,0.7545454545454545
PCA (n_components=50) + SMOTE,Random Forest,20,20.0,1.2312595177297108,0.9727272727272728,0.42077110107676274,0.6282978603129932,0.7909090909090909
PCA (n_components=50) + SMOTE,Random Forest,20,30.0,1.298906883078649,1.0313636363636365,0.35537513025356016,0.5697462502396817,0.7545454545454545
PCA (n_components=50) + SMOTE,Random Forest,20,,1.2678632705174768,1.0059090909090909,0.38581972907259465,0.6023867041568963,0.7454545454545455
PCA (n_components=50) + SMOTE,Random Forest,50,10.0,1.2577766395641798,0.957753729523531,0.3955532189869063,0.6156453230281514,0.7454545454545455
PCA (n_components=50) + SMOTE,Random Forest,50,20.0,1.2396583106940102,0.9769090909090911,0.4128419590135465,0.6385429500773191,0.7818181818181819
PCA (n_components=50) + SMOTE,Random Forest,50,30.0,1.2417641409777391,0.9643636363636361,0.4108454324418199,0.6307050642824342,0.7636363636363637
PCA (n_components=50) + SMOTE,Random Forest,50,,1.2807739137653522,0.9918181818181818,0.3732476554359153,0.6108171141711217,0.7727272727272727
PCA (n_components=50) + SMOTE,Random Forest,100,10.0,1.2191070898362182,0.9574829786203652,0.43214855639533645,0.6406538250472842,0.7636363636363637
PCA (n_components=50) + SMOTE,Random Forest,100,20.0,1.219961623837555,0.9428181818181818,0.43135220562695364,0.638495120647296,0.7727272727272727
PCA (n_components=50) + SMOTE,Random Forest,100,30.0,1.2534682793245018,0.9697272727272729,0.3996870441125392,0.6170318716373182,0.7727272727272727
PCA (n_components=50) + SMOTE,Random Forest,100,,1.2388157835023517,0.9646363636363635,0.4136398054880166,0.6323112496857249,0.7636363636363637
"Lasso->PCA (top-100, 95%var) + SMOTE",Random Forest,10,10.0,1.4485580198992525,1.0880842211317465,0.1982798295533561,0.4904479770060879,0.7545454545454545
"Lasso->PCA (top-100, 95%var) + SMOTE",Random Forest,10,20.0,1.5098765753290144,1.2063636363636365,0.12896839180270903,0.4383919522667314,0.7090909090909091
"Lasso->PCA (top-100, 95%var) + SMOTE",Random Forest,10,30.0,1.4722894972240899,1.1454545454545453,0.17179576241750605,0.44043057510613415,0.7
"Lasso->PCA (top-100, 95%var) + SMOTE",Random Forest,10,,1.4400126262072717,1.1072727272727272,0.20771101076762766,0.4845498661042712,0.7090909090909091
"Lasso->PCA (top-100, 95%var) + SMOTE",Random Forest,20,10.0,1.4412905534892848,1.107233128705141,0.20630416619131853,0.4698359787677623,0.7363636363636363
"Lasso->PCA (top-100, 95%var) + SMOTE",Random Forest,20,20.0,1.4024329509171487,1.088181818181818,0.24852379298367488,0.49516810075108897,0.7181818181818181
"Lasso->PCA (top-100, 95%var) + SMOTE",Random Forest,20,30.0,1.4533816366729635,1.1154545454545457,0.19293157346300782,0.46637633597827227,0.7363636363636363
"Lasso->PCA (top-100, 95%var) + SMOTE",Random Forest,20,,1.4305990480786839,1.114090909090909,0.21803577631121906,0.49164182282713303,0.7181818181818181
"Lasso->PCA (top-100, 95%var) + SMOTE",Random Forest,50,10.0,1.3953474881344807,1.0763039075638265,0.25609792500606965,0.5271749807082552,0.7727272727272727
"Lasso->PCA (top-100, 95%var) + SMOTE",Random Forest,50,20.0,1.4378089391343154,1.0989090909090908,0.210134074331365,0.46848241907781807,0.7545454545454545
"Lasso->PCA (top-100, 95%var) + SMOTE",Random Forest,50,30.0,1.4659306693267342,1.1185454545454545,0.17893435220562703,0.44608020983203844,0.7272727272727273
"Lasso->PCA (top-100, 95%var) + SMOTE",Random Forest,50,,1.4231718736042327,1.0781818181818181,0.2261340743313649,0.4763261229342178,0.7363636363636363
"Lasso->PCA (top-100, 95%var) + SMOTE",Random Forest,100,10.0,1.43371920453688,1.094302290161743,0.21462110691085412,0.49280673328004426,0.7363636363636363
"Lasso->PCA (top-100, 95%var) + SMOTE",Random Forest,100,20.0,1.4318640108105747,1.1067272727272728,0.216652309829802,0.4765316554075033,0.7454545454545455
"Lasso->PCA (top-100, 95%var) + SMOTE",Random Forest,100,30.0,1.4262347122915828,1.102181818181818,0.22279958318860715,0.4841491402884549,0.7454545454545455
"Lasso->PCA (top-100, 95%var) + SMOTE",Random Forest,100,,1.4628378397671238,1.1258181818181818,0.18239527613754758,0.44182195983821726,0.7272727272727273
"Ridge->PCA (top-100, 95%var) + SMOTE",Random Forest,10,10.0,1.3091869243768246,1.0593473425715207,0.34513114162724035,0.5558095568751635,0.7272727272727273
"Ridge->PCA (top-100, 95%var) + SMOTE",Random Forest,10,20.0,1.3555944687244645,1.1018181818181816,0.29788120875303925,0.4930111071467377,0.6909090909090909
"Ridge->PCA (top-100, 95%var) + SMOTE",Random Forest,10,30.0,1.2896440664702096,1.0554545454545454,0.36453629732546,0.5644035752542044,0.7727272727272727
"Ridge->PCA (top-100, 95%var) + SMOTE",Random Forest,10,,1.2476523408531577,0.9736363636363636,0.4052448766932961,0.5954474048099584,0.7727272727272727
"Ridge->PCA (top-100, 95%var) + SMOTE",Random Forest,20,10.0,1.2491802569322328,1.0294894777568975,0.4037872713649854,0.6057982076943844,0.7545454545454545
"Ridge->PCA (top-100, 95%var) + SMOTE",Random Forest,20,20.0,1.2659347965400545,1.0399999999999998,0.38768669676971157,0.5848367890305622,0.7545454545454545
"Ridge->PCA (top-100, 95%var) + SMOTE",Random Forest,20,30.0,1.258642847745864,1.0063636363636363,0.39472038902396667,0.5916039758204324,0.7636363636363637
"Ridge->PCA (top-100, 95%var) + SMOTE",Random Forest,20,,1.3033610397737077,1.0713636363636363,0.3509465092045848,0.5409218322784672,0.7363636363636363
"Ridge->PCA (top-100, 95%var) + SMOTE",Random Forest,50,10.0,1.2857797611647677,1.0424202525778692,0.3683388142955819,0.569676524147113,0.7636363636363637
"Ridge->PCA (top-100, 95%var) + SMOTE",Random Forest,50,20.0,1.244073952785766,1.0176363636363637,0.40865161514414716,0.6031425514504213,0.7454545454545455
"Ridge->PCA (top-100, 95%var) + SMOTE",Random Forest,50,30.0,1.271284246879366,1.034,0.3825008683570683,0.586847389262922,0.7363636363636363
"Ridge->PCA (top-100, 95%var) + SMOTE",Random Forest,50,,1.2579608318804902,1.0272727272727276,0.39537617228204225,0.5892687601515763,0.7636363636363637
"Ridge->PCA (top-100, 95%var) + SMOTE",Random Forest,100,10.0,1.2574000191062034,1.0191322845194015,0.39591514801906613,0.5902633533350605,0.7727272727272727
"Ridge->PCA (top-100, 95%var) + SMOTE",Random Forest,100,20.0,1.2329801296046907,1.002909090909091,0.41915109412990625,0.6087289794852597,0.7818181818181819
"Ridge->PCA (top-100, 95%var) + SMOTE",Random Forest,100,30.0,1.2486246979631774,1.0216363636363637,0.4043174713442167,0.6010346223910011,0.7818181818181819
"Ridge->PCA (top-100, 95%var) + SMOTE",Random Forest,100,,1.2574859478701577,1.0258181818181817,0.3958325807572074,0.5922777617759585,0.7545454545454545
"Lasso (alpha=1.0, top-100) + SMOTE",Random Forest,10,10.0,1.4227259793129834,1.2023175271469355,0.22661891857127592,0.44951774500638764,0.6636363636363637
"Lasso (alpha=1.0, top-100) + SMOTE",Random Forest,10,20.0,1.3874436925511608,1.1409090909090909,0.2645015630427232,0.4749990775996809,0.7
"Lasso (alpha=1.0, top-100) + SMOTE",Random Forest,10,30.0,1.4611950277395926,1.1654545454545453,0.18423063563737418,0.42546577084890747,0.6818181818181818
"Lasso (alpha=1.0, top-100) + SMOTE",Random Forest,10,,1.3768541218034949,1.1372727272727272,0.2756860020840569,0.5014551550456979,0.6727272727272727
"Lasso (alpha=1.0, top-100) + SMOTE",Random Forest,20,10.0,1.3452582452708848,1.1027157227451903,0.30854750916421325,0.5274401691371426,0.7090909090909091
"Lasso (alpha=1.0, top-100) + SMOTE",Random Forest,20,20.0,1.3728785286927079,1.1250000000000002,0.2798627995831886,0.49904374357351183,0.6818181818181818
"Lasso (alpha=1.0, top-100) + SMOTE",Random Forest,20,30.0,1.3563989758983828,1.1318181818181818,0.2970475859673499,0.5190793647824135,0.7090909090909091
"Lasso (alpha=1.0, top-100) + SMOTE",Random Forest,20,,1.3766972995344526,1.1122727272727273,0.27585098992705814,0.48573471457477335,0.7090909090909091
"Lasso (alpha=1.0, top-100) + SMOTE",Random Forest,50,10.0,1.3242530728818245,1.0924219682040888,0.3299719273564954,0.5493755591046643,0.7181818181818181
"Lasso (alpha=1.0, top-100) + SMOTE",Random Forest,50,20.0,1.292045594467091,1.0752727272727274,0.3621674192427926,0.5736617503901839,0.7545454545454545
"Lasso (alpha=1.0, top-100) + SMOTE",Random Forest,50,30.0,1.302272140250542,1.0759999999999998,0.35203056616880857,0.5636175885937232,0.7454545454545455
"Lasso (alpha=1.0, top-100) + SMOTE",Random Forest,50,,1.3173030299544872,1.1072727272727272,0.3369864536297327,0.545505333443772,0.7181818181818181
"Lasso (alpha=1.0, top-100) + SMOTE",Random Forest,100,10.0,1.2938162477516266,1.0864183994974006,0.3604180162415046,0.572055651551588,0.7454545454545455
"Lasso (alpha=1.0, top-100) + SMOTE",Random Forest,100,20.0,1.3126309458488323,1.0789090909090908,0.34168113928447386,0.5442911317014582,0.7090909090909091
"Lasso (alpha=1.0, top-100) + SMOTE",Random Forest,100,30.0,1.3243571339264262,1.1,0.3298666203542898,0.5407738525780712,0.7181818181818181
"Lasso (alpha=1.0, top-100) + SMOTE",Random Forest,100,,1.3398093487168579,1.1069090909090908,0.31413754775963876,0.5322709494006062,0.7454545454545455
"Ridge (alpha=1.0, top-100) + SMOTE",Random Forest,10,10.0,1.3871561995603694,1.085078648293375,0.26480633755587224,0.49952542248198545,0.7545454545454545
"Ridge (alpha=1.0, top-100) + SMOTE",Random Forest,10,20.0,1.2940071659208636,1.0336363636363637,0.36022924626606456,0.570906997513444,0.7363636363636363
"Ridge (alpha=1.0, top-100) + SMOTE",Random Forest,10,30.0,1.3369911946402095,1.0645454545454545,0.31701979854116014,0.5150266676554144,0.7454545454545455
"Ridge (alpha=1.0, top-100) + SMOTE",Random Forest,10,,1.281511891194431,1.020909090909091,0.37252518235498444,0.5494389533808005,0.7636363636363637
"Ridge (alpha=1.0, top-100) + SMOTE",Random Forest,20,10.0,1.327466767049609,1.0723511811441606,0.3267159363031418,0.5218946339966235,0.7545454545454545
"Ridge (alpha=1.0, top-100) + SMOTE",Random Forest,20,20.0,1.3272322534302181,1.0672727272727274,0.32695380340395974,0.534906421056456,0.7545454545454545
"Ridge (alpha=1.0, top-100) + SMOTE",Random Forest,20,30.0,1.2895471368592226,1.035,0.36463181660298705,0.5732613529784402,0.7727272727272727
"Ridge (alpha=1.0, top-100) + SMOTE",Random Forest,20,,1.3079477331786897,1.05,0.34637026745397714,0.5703082860853214,0.7454545454545455
"Ridge (alpha=1.0, top-100) + SMOTE",Random Forest,50,10.0,1.302253686660577,1.0544845015791604,0.3520489298842756,0.5649966514425739,0.7545454545454545
"Ridge (alpha=1.0, top-100) + SMOTE",Random Forest,50,20.0,1.3177970598347422,1.0469090909090908,0.3364890587009378,0.5405643910286795,0.7454545454545455
"Ridge (alpha=1.0, top-100) + SMOTE",Random Forest,50,30.0,1.2778632733804292,1.0459999999999998,0.3760930878777353,0.5847934377787388,0.7454545454545455
"Ridge (alpha=1.0, top-100) + SMOTE",Random Forest,50,,1.284616674342973,1.058909090909091,0.36948106981590845,0.5793458581651595,0.7545454545454545
"Ridge (alpha=1.0, top-100) + SMOTE",Random Forest,100,10.0,1.267768326974446,1.017697585939794,0.3859117110220409,0.6086522448707298,0.7909090909090909
"Ridge (alpha=1.0, top-100) + SMOTE",Random Forest,100,20.0,1.2794089544501681,1.0347272727272727,0.37458284126432806,0.5851326636641723,0.7636363636363637
"Ridge (alpha=1.0, top-100) + SMOTE",Random Forest,100,30.0,1.2799804686009861,1.0344545454545453,0.37402396665508864,0.5931973387545113,0.7636363636363637
"Ridge (alpha=1.0, top-100) + SMOTE",Random Forest,100,,1.2859676229488546,1.0347272727272727,0.3681542202153526,0.5894392510277934,0.7636363636363637
PCA (n_components=50) + SMOTE,Random Forest,10,10.0,1.2543752170528504,0.9957553082810723,0.3988180258172894,0.607404401103968,0.7727272727272727
PCA (n_components=50) + SMOTE,Random Forest,10,20.0,1.2971647403612094,1.0645454545454545,0.35710316081972915,0.5932460020555347,0.7636363636363637
PCA (n_components=50) + SMOTE,Random Forest,10,30.0,1.2426145456620525,0.977272727272727,0.41003820771101074,0.6088142778611594,0.7636363636363637
PCA (n_components=50) + SMOTE,Random Forest,10,,1.2187176569134983,0.9563636363636365,0.4325112886418896,0.6454504024304785,0.8272727272727273
PCA (n_components=50) + SMOTE,Random Forest,20,10.0,1.2812889714687423,1.0057011933205358,0.372743462574446,0.5932699068406547,0.8272727272727273
PCA (n_components=50) + SMOTE,Random Forest,20,20.0,1.2702809281271745,0.9822727272727273,0.3834751649878432,0.5987435556591462,0.7727272727272727
PCA (n_components=50) + SMOTE,Random Forest,20,30.0,1.2696456198483104,0.9881818181818182,0.3840916985064259,0.5829078302817678,0.7909090909090909
PCA (n_components=50) + SMOTE,Random Forest,20,,1.2557685079084224,0.9627272727272725,0.39748176450156314,0.6331241260498168,0.8
PCA (n_components=50) + SMOTE,Random Forest,50,10.0,1.22785760170236,0.9651488879284907,0.42396744735529757,0.6419647143361487,0.7909090909090909
PCA (n_components=50) + SMOTE,Random Forest,50,20.0,1.2163537164971232,0.9707272727272729,0.43471066342480025,0.6275416407660104,0.7727272727272727
PCA (n_components=50) + SMOTE,Random Forest,50,30.0,1.2446700913750746,1.0034545454545454,0.40808475164987856,0.6212333750691762,0.8
PCA (n_components=50) + SMOTE,Random Forest,50,,1.2487229840557474,0.9854545454545455,0.4042236887808268,0.6176758418427347,0.7636363636363637
PCA (n_components=50) + SMOTE,Random Forest,100,10.0,1.200059436859611,0.9684800608432991,0.4497544573826374,0.6448587944133332,0.7909090909090909
PCA (n_components=50) + SMOTE,Random Forest,100,20.0,1.226282630925306,0.9710909090909089,0.4254442514762071,0.6396002997696237,0.7909090909090909
PCA (n_components=50) + SMOTE,Random Forest,100,30.0,1.2384165109305734,0.9793636363636364,0.4140177144841959,0.6231219137009297,0.7909090909090909
PCA (n_components=50) + SMOTE,Random Forest,100,,1.2256471388988386,0.9767272727272729,0.4260395970823203,0.6235092266069906,0.7545454545454545
"Lasso->PCA (top-100, 95%var) + SMOTE",Random Forest,10,10.0,1.432880757297052,1.1334019988532924,0.21553942650385882,0.47693051106158146,0.7272727272727273
"Lasso->PCA (top-100, 95%var) + SMOTE",Random Forest,10,20.0,1.4791889669680478,1.1890909090909092,0.16401528308440438,0.42554250031028057,0.7090909090909091
"Lasso->PCA (top-100, 95%var) + SMOTE",Random Forest,10,30.0,1.4804176314933444,1.1781818181818182,0.16262591177492203,0.4220163922786727,0.6909090909090909
"Lasso->PCA (top-100, 95%var) + SMOTE",Random Forest,10,,1.423919047750066,1.1481818181818182,0.22532129211531782,0.46305261794209773,0.7454545454545455
"Lasso->PCA (top-100, 95%var) + SMOTE",Random Forest,20,10.0,1.4628727818501466,1.1369891562227894,0.1823562162327943,0.43185178841588934,0.7454545454545455
"Lasso->PCA (top-100, 95%var) + SMOTE",Random Forest,20,20.0,1.4725241933496371,1.158590909090909,0.1715316950329978,0.44379669550799417,0.7272727272727273
"Lasso->PCA (top-100, 95%var) + SMOTE",Random Forest,20,30.0,1.4230009902251715,1.1313636363636363,0.22631990274400837,0.4592447306121239,0.7454545454545455
"Lasso->PCA (top-100, 95%var) + SMOTE",Random Forest,20,,1.4270519516567266,1.1322727272727273,0.2219086488364017,0.46482516666849577,0.7363636363636363
"Lasso->PCA (top-100, 95%var) + SMOTE",Random Forest,50,10.0,1.4485833946272981,1.1317013606368538,0.1982517414696281,0.4512293665105378,0.7545454545454545
"Lasso->PCA (top-100, 95%var) + SMOTE",Random Forest,50,20.0,1.4394834932269032,1.122,0.20829315734630072,0.46553800092627745,0.7727272727272727
"Lasso->PCA (top-100, 95%var) + SMOTE",Random Forest,50,30.0,1.4118691672582648,1.1145454545454543,0.23837721431052428,0.4757920343687474,0.7363636363636363
"Lasso->PCA (top-100, 95%var) + SMOTE",Random Forest,50,,1.412801214866151,1.098909090909091,0.23737130948245933,0.45766651062812624,0.7727272727272727
"Lasso->PCA (top-100, 95%var) + SMOTE",Random Forest,100,10.0,1.4202606449295614,1.116425002276538,0.22929686367165447,0.48101253192220117,0.7454545454545455
"Lasso->PCA (top-100, 95%var) + SMOTE",Random Forest,100,20.0,1.413441700923821,1.1194147727272727,0.23667968527215488,0.4670802674794358,0.7363636363636363
"Lasso->PCA (top-100, 95%var) + SMOTE",Random Forest,100,30.0,1.4238433902645335,1.123181818181818,0.22540361236540463,0.46475578605967494,0.7181818181818181
"Lasso->PCA (top-100, 95%var) + SMOTE",Random Forest,100,,1.4249631574184647,1.125818181818182,0.22418478638416128,0.4693765658535896,0.7181818181818181
"Ridge->PCA (top-100, 95%var) + SMOTE",Random Forest,10,10.0,1.4540920022607131,1.2171435599970613,0.19214244315997697,0.4105719581372312,0.6454545454545455
"Ridge->PCA (top-100, 95%var) + SMOTE",Random Forest,10,20.0,1.493805390756957,1.2,0.14741229593608896,0.36426604087216125,0.6363636363636364
"Ridge->PCA (top-100, 95%var) + SMOTE",Random Forest,10,30.0,1.4541164139966736,1.160909090909091,0.19211531781868718,0.4179144750177896,0.6454545454545455
"Ridge->PCA (top-100, 95%var) + SMOTE",Random Forest,10,,1.4760820376314394,1.2081818181818185,0.16752344564084753,0.43445259162709976,0.6909090909090909
"Ridge->PCA (top-100, 95%var) + SMOTE",Random Forest,20,10.0,1.4166998672465267,1.1610847660761845,0.23315652475096948,0.4334562432874585,0.6727272727272727
"Ridge->PCA (top-100, 95%var) + SMOTE",Random Forest,20,20.0,1.4354441821262156,1.160909090909091,0.21273011462313307,0.4382172124690207,0.6818181818181818
"Ridge->PCA (top-100, 95%var) + SMOTE",Random Forest,20,30.0,1.4395706430611999,1.2054545454545456,0.20819729072594662,0.45033401691697134,0.6272727272727273
"Ridge->PCA (top-100, 95%var) + SMOTE",Random Forest,20,,1.4098113993787191,1.1604545454545454,0.24059569294894056,0.47195993519187424,0.6545454545454545
"Ridge->PCA (top-100, 95%var) + SMOTE",Random Forest,50,10.0,1.41581633001709,1.1686016023246102,0.23411272373137626,0.4483235942519045,0.6727272727272727
"Ridge->PCA (top-100, 95%var) + SMOTE",Random Forest,50,20.0,1.3952425660729457,1.1783636363636365,0.256209795067732,0.46164290266235986,0.6818181818181818
"Ridge->PCA (top-100, 95%var) + SMOTE",Random Forest,50,30.0,1.418616483505224,1.1534545454545457,0.23108023619312268,0.4455057571349506,0.6636363636363637
"Ridge->PCA (top-100, 95%var) + SMOTE",Random Forest,50,,1.3608673704663508,1.1172727272727274,0.2924084751649879,0.5028312724308893,0.7
"Ridge->PCA (top-100, 95%var) + SMOTE",Random Forest,100,10.0,1.367526738342077,1.1260915896991823,0.28546637093137506,0.49503370718772155,0.7
"Ridge->PCA (top-100, 95%var) + SMOTE",Random Forest,100,20.0,1.3819127060971426,1.1390000000000002,0.27035394234109067,0.5003825197728407,0.6818181818181818
"Ridge->PCA (top-100, 95%var) + SMOTE",Random Forest,100,30.0,1.3888176789825746,1.1465454545454545,0.2630441125390761,0.4706493264951604,0.7363636363636363
"Ridge->PCA (top-100, 95%var) + SMOTE",Random Forest,100,,1.3829014294722397,1.1294545454545455,0.2693094824591872,0.4852977559827013,0.7090909090909091
"Lasso (alpha=1.0, top-100) + SMOTE",Random Forest,10,10.0,1.4233406513596734,1.1227947575431738,0.20245402203484386,0.48786244766327913,0.6727272727272727
"Lasso (alpha=1.0, top-100) + SMOTE",Random Forest,10,20.0,1.3656167437861515,1.0945454545454545,0.2658315981259761,0.5175352325461658,0.6909090909090909
"Lasso (alpha=1.0, top-100) + SMOTE",Random Forest,10,30.0,1.4052175502876285,1.1300000000000001,0.22263469547110903,0.4736575015675804,0.7181818181818181
"Lasso (alpha=1.0, top-100) + SMOTE",Random Forest,10,,1.2992655267846174,1.0736363636363637,0.33544052576782935,0.5553973697416429,0.7363636363636363
"Lasso (alpha=1.0, top-100) + SMOTE",Random Forest,20,10.0,1.3229486847634306,1.0845376977682268,0.3109923870230604,0.5640421901767148,0.7090909090909091
"Lasso (alpha=1.0, top-100) + SMOTE",Random Forest,20,20.0,1.307061242218241,1.0609090909090908,0.3274417621030713,0.5647960128942232,0.7545454545454545
"Lasso (alpha=1.0, top-100) + SMOTE",Random Forest,20,30.0,1.3277287510495646,1.0845454545454545,0.30600435970848516,0.5269222139780027,0.6909090909090909
"Lasso (alpha=1.0, top-100) + SMOTE",Random Forest,20,,1.295665851984994,1.064090909090909,0.33911780973451333,0.5669766595801371,0.7272727272727273
"Lasso (alpha=1.0, top-100) + SMOTE",Random Forest,50,10.0,1.2903855779931748,1.0468761963452027,0.3444934678324235,0.5454160558864551,0.7090909090909091
"Lasso (alpha=1.0, top-100) + SMOTE",Random Forest,50,20.0,1.3438519940150335,1.0849090909090908,0.28904698073919854,0.5290480773399594,0.7
"Lasso (alpha=1.0, top-100) + SMOTE",Random Forest,50,30.0,1.3338597445690523,1.0718181818181818,0.2995802967204585,0.5315248653306935,0.7090909090909091
"Lasso (alpha=1.0, top-100) + SMOTE",Random Forest,50,,1.3428138705379429,1.074909090909091,0.29014497657470084,0.5354138981253039,0.7
"Lasso (alpha=1.0, top-100) + SMOTE",Random Forest,100,10.0,1.3197943993846033,1.073852112738076,0.31427404979736207,0.563658089721812,0.7090909090909091
"Lasso (alpha=1.0, top-100) + SMOTE",Random Forest,100,20.0,1.3272401303593726,1.0806363636363636,0.3065150637688704,0.5396439440512157,0.7090909090909091
"Lasso (alpha=1.0, top-100) + SMOTE",Random Forest,100,30.0,1.3223677112045513,1.0774545454545454,0.31159741020301945,0.5495155410954867,0.6909090909090909
"Lasso (alpha=1.0, top-100) + SMOTE",Random Forest,100,,1.3218011128071356,1.082,0.3121872071837587,0.5480626658084207,0.7
"Ridge (alpha=1.0, top-100) + SMOTE",Random Forest,10,10.0,1.2692662479085957,0.9995874513747011,0.3657748120195351,0.5816722554087838,0.7636363636363637
"Ridge (alpha=1.0, top-100) + SMOTE",Random Forest,10,20.0,1.3178839788912307,1.0227272727272727,0.3162578084331079,0.5100864176620965,0.7454545454545455
"Ridge (alpha=1.0, top-100) + SMOTE",Random Forest,10,30.0,1.2928122974212601,1.053636363636364,0.34202563768870387,0.5173415738272887,0.7727272727272727
"Ridge (alpha=1.0, top-100) + SMOTE",Random Forest,10,,1.3815011598060476,1.0854545454545454,0.2486530452889122,0.48275892515858004,0.7
"Ridge (alpha=1.0, top-100) + SMOTE",Random Forest,20,10.0,1.315407190052781,1.0481285581232191,0.31882539968522616,0.5051507877182726,0.7363636363636363
"Ridge (alpha=1.0, top-100) + SMOTE",Random Forest,20,20.0,1.2989856182281758,1.040909090909091,0.3357268349817806,0.4964562020490333,0.7363636363636363
"Ridge (alpha=1.0, top-100) + SMOTE",Random Forest,20,30.0,1.2957535540091227,1.024090909090909,0.33902833810515376,0.5084338787110358,0.7454545454545455
"Ridge (alpha=1.0, top-100) + SMOTE",Random Forest,20,,1.2556599134247373,1.0036363636363637,0.37929951847995846,0.5593304127600763,0.7363636363636363
"Ridge (alpha=1.0, top-100) + SMOTE",Random Forest,50,10.0,1.2393562826924724,0.9718607632232047,0.39531336722616583,0.5678197526011123,0.7636363636363637
"Ridge (alpha=1.0, top-100) + SMOTE",Random Forest,50,20.0,1.2643762385964366,0.9843636363636363,0.3706522644456013,0.5405887091519933,0.7454545454545455
"Ridge (alpha=1.0, top-100) + SMOTE",Random Forest,50,30.0,1.2497737977148287,0.9883636363636363,0.3851051535658514,0.557686890449511,0.7636363636363637
"Ridge (alpha=1.0, top-100) + SMOTE",Random Forest,50,,1.241660178953968,0.9750909090909091,0.3930631181676212,0.5633188007894901,0.7727272727272727
"Ridge (alpha=1.0, top-100) + SMOTE",Random Forest,100,10.0,1.2416345620203502,0.9875670243437696,0.39308816157593884,0.5688747117869923,0.7636363636363637
"Ridge (alpha=1.0, top-100) + SMOTE",Random Forest,100,20.0,1.2399010224427374,0.9756363636363635,0.3947816892243624,0.5514091785383958,0.7818181818181819
"Ridge (alpha=1.0, top-100) + SMOTE",Random Forest,100,30.0,1.240030424846687,0.9828181818181817,0.39465535528370654,0.5604245356172277,0.7545454545454545
"Ridge (alpha=1.0, top-100) + SMOTE",Random Forest,100,,1.2212787635023457,0.9603636363636364,0.4128248958875588,0.584596069292742,0.7727272727272727
PCA (n_components=50) + SMOTE,Random Forest,10,10.0,1.3382617633127936,1.0850452463082203,0.2949496024058005,0.5409030891955321,0.7
PCA (n_components=50) + SMOTE,Random Forest,10,20.0,1.2832132962358063,1.037272727272727,0.35176015096304036,0.575728315076447,0.7272727272727273
PCA (n_components=50) + SMOTE,Random Forest,10,30.0,1.2957974027952475,1.0636363636363635,0.338983602290474,0.5714228384023134,0.7272727272727273
PCA (n_components=50) + SMOTE,Random Forest,10,,1.404441008178893,1.17,0.22349362311296217,0.451912606386694,0.6909090909090909
PCA (n_components=50) + SMOTE,Random Forest,20,10.0,1.3161458692910548,1.0985732558091599,0.31806014491319423,0.5341250075216785,0.6909090909090909
PCA (n_components=50) + SMOTE,Random Forest,20,20.0,1.2364354925643015,1.0390909090909088,0.3981601379489851,0.6098550239180311,0.7363636363636363
PCA (n_components=50) + SMOTE,Random Forest,20,30.0,1.3284474875856882,1.0772727272727272,0.3052527980218638,0.5337576251724606,0.7
PCA (n_components=50) + SMOTE,Random Forest,20,,1.3334592743551026,1.115909090909091,0.30000081337844886,0.5106348891863143,0.6818181818181818
PCA (n_components=50) + SMOTE,Random Forest,50,10.0,1.2515480452686667,1.0352097218204226,0.38335803727383433,0.5830683745486805,0.7090909090909091
PCA (n_components=50) + SMOTE,Random Forest,50,20.0,1.2660963628413124,1.0452727272727274,0.3689387038001042,0.5758845783925881,0.7363636363636363
PCA (n_components=50) + SMOTE,Random Forest,50,30.0,1.3056492637764556,1.06,0.3288940655908381,0.5342406754840953,0.7
PCA (n_components=50) + SMOTE,Random Forest,50,,1.2536332652081164,1.0230909090909093,0.38130153565851144,0.5889486284815914,0.7454545454545455
PCA (n_components=50) + SMOTE,Random Forest,100,10.0,1.287395445354165,1.0697830893369662,0.34752787949324426,0.5502649264872453,0.7
PCA (n_components=50) + SMOTE,Random Forest,100,20.0,1.2773057582270582,1.051909090909091,0.357715024726705,0.5622051624330627,0.7
PCA (n_components=50) + SMOTE,Random Forest,100,30.0,1.2826907088403872,1.0675454545454544,0.3522880335762625,0.5596289825371823,0.7181818181818181
PCA (n_components=50) + SMOTE,Random Forest,100,,1.2671234423614055,1.0492727272727271,0.36791443258719436,0.5698041971964094,0.7181818181818181
"Lasso->PCA (top-100, 95%var) + SMOTE",Random Forest,10,10.0,1.3948497652108058,1.1026328563291052,0.23406328094564888,0.5119093043920003,0.7272727272727273
"Lasso->PCA (top-100, 95%var) + SMOTE",Random Forest,10,20.0,1.5110502067346165,1.1636363636363636,0.10113222280062506,0.4051393885099498,0.6727272727272727
"Lasso->PCA (top-100, 95%var) + SMOTE",Random Forest,10,30.0,1.5228860161488837,1.2209090909090907,0.08699570536179091,0.4011323024433705,0.6272727272727273
"Lasso->PCA (top-100, 95%var) + SMOTE",Random Forest,10,,1.4701886088031513,1.1418181818181818,0.14908901613742864,0.46162148439823153,0.6909090909090909
"Lasso->PCA (top-100, 95%var) + SMOTE",Random Forest,20,10.0,1.4433892824168884,1.1271476438811947,0.1798279311162525,0.4577584649686647,0.6636363636363637
"Lasso->PCA (top-100, 95%var) + SMOTE",Random Forest,20,20.0,1.3947547845735855,1.1213636363636366,0.2341675884955755,0.48817602522142606,0.7363636363636363
"Lasso->PCA (top-100, 95%var) + SMOTE",Random Forest,20,30.0,1.4176805640969272,1.1281818181818182,0.20878448724622634,0.5132463660468324,0.6727272727272727
"Lasso->PCA (top-100, 95%var) + SMOTE",Random Forest,20,,1.460059151977319,1.1572727272727272,0.16077401093180643,0.46355486208705526,0.6727272727272727
"Lasso->PCA (top-100, 95%var) + SMOTE",Random Forest,50,10.0,1.4170567705939474,1.1102621630551806,0.20948061939932405,0.4885785774470829,0.7090909090909091
"Lasso->PCA (top-100, 95%var) + SMOTE",Random Forest,50,20.0,1.432256008096064,1.123181818181818,0.19243157860489346,0.4741172159561379,0.6818181818181818
"Lasso->PCA (top-100, 95%var) + SMOTE",Random Forest,50,30.0,1.4124974658062546,1.1098181818181818,0.21455934409161903,0.4899860170760284,0.6818181818181818
"Lasso->PCA (top-100, 95%var) + SMOTE",Random Forest,50,,1.431288040383715,1.1347272727272728,0.19352277459656442,0.4705503296160189,0.7
"Lasso->PCA (top-100, 95%var) + SMOTE",Random Forest,100,10.0,1.3987985769122024,1.1065411606120126,0.2297204173888474,0.5025438170749152,0.6909090909090909
"Lasso->PCA (top-100, 95%var) + SMOTE",Random Forest,100,20.0,1.4256806986648358,1.108909090909091,0.19982945080687164,0.4759766271473097,0.6909090909090909
"Lasso->PCA (top-100, 95%var) + SMOTE",Random Forest,100,30.0,1.4166022088722785,1.1214545454545455,0.2099877017178554,0.48565060401762666,0.6909090909090909
"Lasso->PCA (top-100, 95%var) + SMOTE",Random Forest,100,,1.421700006714113,1.1156363636363638,0.2042915799062991,0.48698047929829497,0.6818181818181818
"Ridge->PCA (top-100, 95%var) + SMOTE",Random Forest,10,10.0,1.3580810506643768,1.1202773871276375,0.2739117615792148,0.44867440507646955,0.6727272727272727
"Ridge->PCA (top-100, 95%var) + SMOTE",Random Forest,10,20.0,1.434573107234344,1.1709090909090911,0.18981650182196785,0.4069980123321998,0.6909090909090909
"Ridge->PCA (top-100, 95%var) + SMOTE",Random Forest,10,30.0,1.3485682643590438,1.117272727272727,0.2840480218636129,0.48461000816759087,0.7181818181818181
"Ridge->PCA (top-100, 95%var) + SMOTE",Random Forest,10,,1.3429614493891677,1.1427272727272726,0.28998893805309756,0.46991569161558777,0.7545454545454545
"Ridge->PCA (top-100, 95%var) + SMOTE",Random Forest,20,10.0,1.4050522171298598,1.1831849059425399,0.22281760906999737,0.4023219292191722,0.6636363636363637
"Ridge->PCA (top-100, 95%var) + SMOTE",Random Forest,20,20.0,1.3883443376914821,1.1554545454545455,0.24119111140031257,0.44643531259460895,0.6636363636363637
"Ridge->PCA (top-100, 95%var) + SMOTE",Random Forest,20,30.0,1.3836135167149688,1.135,0.2463536244143678,0.4301643808728326,0.6909090909090909
"Ridge->PCA (top-100, 95%var) + SMOTE",Random Forest,20,,1.3841226298798293,1.116818181818182,0.24579890031233753,0.4616995970748103,0.7272727272727273
"Ridge->PCA (top-100, 95%var) + SMOTE",Random Forest,50,10.0,1.3398335322722783,1.1140077173190217,0.29329248699132493,0.47035389188225923,0.6727272727272727
"Ridge->PCA (top-100, 95%var) + SMOTE",Random Forest,50,20.0,1.3276732894942052,1.094,0.30606233732431043,0.4853270417478484,0.7090909090909091
"Ridge->PCA (top-100, 95%var) + SMOTE",Random Forest,50,30.0,1.337834070428766,1.1045454545454547,0.29540018219677266,0.46809822457551087,0.7272727272727273
"Ridge->PCA (top-100, 95%var) + SMOTE",Random Forest,50,,1.3752870774694805,1.1543636363636365,0.2553970588235297,0.416555697234586,0.7
"Ridge->PCA (top-100, 95%var) + SMOTE",Random Forest,100,10.0,1.334146601845018,1.1002859956492834,0.2992790025345925,0.5023408715657481,0.7181818181818181
"Ridge->PCA (top-100, 95%var) + SMOTE",Random Forest,100,20.0,1.3558110621925301,1.1283636363636362,0.27633699895887565,0.4516504944597543,0.7090909090909091
"Ridge->PCA (top-100, 95%var) + SMOTE",Random Forest,100,30.0,1.328156275032833,1.1059090909090907,0.3055573594482043,0.4846502653350131,0.7
"Ridge->PCA (top-100, 95%var) + SMOTE",Random Forest,100,,1.3799387338178855,1.1436363636363638,0.2503515747006769,0.42004579430779415,0.6909090909090909
"Lasso (alpha=1.0, top-100) + SMOTE",Random Forest,10,10.0,1.3563740345610733,1.0518014195861956,0.28230641096980347,0.5536996904340057,0.7431192660550459
"Lasso (alpha=1.0, top-100) + SMOTE",Random Forest,10,20.0,1.3903665941236671,1.153211009174312,0.24588291305489862,0.4854510884156782,0.6513761467889908
"Lasso (alpha=1.0, top-100) + SMOTE",Random Forest,10,30.0,1.43523804885487,1.1678899082568805,0.19642205148410785,0.4553545745896426,0.6697247706422018
"Lasso (alpha=1.0, top-100) + SMOTE",Random Forest,10,,1.3323084746257652,1.0880733944954128,0.30754793800893077,0.5716308865650834,0.7431192660550459
"Lasso (alpha=1.0, top-100) + SMOTE",Random Forest,20,10.0,1.298028468751997,1.0409015641546029,0.342722800186805,0.5942280602951887,0.7339449541284404
"Lasso (alpha=1.0, top-100) + SMOTE",Random Forest,20,20.0,1.3164188982221163,1.0555045871559632,0.3239662956396109,0.5736222783699596,0.7431192660550459
"Lasso (alpha=1.0, top-100) + SMOTE",Random Forest,20,30.0,1.3052118531684334,1.063302752293578,0.33542783031258183,0.5695010349154662,0.6788990825688074
"Lasso (alpha=1.0, top-100) + SMOTE",Random Forest,20,,1.2938900170210714,1.058256880733945,0.3469072596532701,0.5727802738958241,0.7431192660550459
"Lasso (alpha=1.0, top-100) + SMOTE",Random Forest,50,10.0,1.3040195701246824,1.0597046098552658,0.33664142062171554,0.5749253277982668,0.6972477064220184
"Lasso (alpha=1.0, top-100) + SMOTE",Random Forest,50,20.0,1.307544796362791,1.0840366972477065,0.3330499868662987,0.5680618884883267,0.7522935779816514
"Lasso (alpha=1.0, top-100) + SMOTE",Random Forest,50,30.0,1.2611615441199326,1.0111926605504586,0.379528881008668,0.6334870708536069,0.7798165137614679
"Lasso (alpha=1.0, top-100) + SMOTE",Random Forest,50,,1.2688678765235546,1.026422018348624,0.3719229314420801,0.6066342931988111,0.7247706422018348
"Lasso (alpha=1.0, top-100) + SMOTE",Random Forest,100,10.0,1.2806008272104634,1.0392129287820897,0.36025383947774214,0.6005751275986051,0.7339449541284404
"Lasso (alpha=1.0, top-100) + SMOTE",Random Forest,100,20.0,1.260480585888246,1.0325652095700666,0.3801987410285863,0.6195396842896035,0.7431192660550459
"Lasso (alpha=1.0, top-100) + SMOTE",Random Forest,100,30.0,1.28573507337207,1.0511009174311927,0.3551137542684527,0.6037660174093419,0.7155963302752294
"Lasso (alpha=1.0, top-100) + SMOTE",Random Forest,100,,1.2758627230518944,1.0344954128440365,0.3649790845810347,0.5993522088533626,0.7431192660550459
"Ridge (alpha=1.0, top-100) + SMOTE",Random Forest,10,10.0,1.237826274644336,0.9918338121573147,0.40227760763262654,0.6282010799271386,0.7889908256880734
"Ridge (alpha=1.0, top-100) + SMOTE",Random Forest,10,20.0,1.2435521775738339,0.9688073394495412,0.39673496191226665,0.6426984756894653,0.7981651376146789
"Ridge (alpha=1.0, top-100) + SMOTE",Random Forest,10,30.0,1.2874125961247043,1.0055045871559634,0.3534298660362487,0.5935900027048416,0.7706422018348624
"Ridge (alpha=1.0, top-100) + SMOTE",Random Forest,10,,1.2646934574371782,1.0220183486238532,0.37604872603099526,0.6240924438522477,0.7981651376146789
"Ridge (alpha=1.0, top-100) + SMOTE",Random Forest,20,10.0,1.2166288776626744,0.9699322656819536,0.42257394936093695,0.6452475352635414,0.8165137614678899
"Ridge (alpha=1.0, top-100) + SMOTE",Random Forest,20,20.0,1.2886946670775543,1.0137614678899083,0.3521414499605986,0.6019443727194067,0.8256880733944955
"Ridge (alpha=1.0, top-100) + SMOTE",Random Forest,20,30.0,1.273944967342198,1.0174311926605504,0.3668866561597055,0.6096629516631098,0.7889908256880734
"Ridge (alpha=1.0, top-100) + SMOTE",Random Forest,20,,1.2648022654321118,0.989908256880734,0.375941358024691,0.6217284782956033,0.7889908256880734
"Ridge (alpha=1.0, top-100) + SMOTE",Random Forest,50,10.0,1.2379483160807563,0.9822501514572951,0.40215973891893253,0.6296528026772511,0.8073394495412844
"Ridge (alpha=1.0, top-100) + SMOTE",Random Forest,50,20.0,1.2580748362390775,1.0044036697247707,0.3825623850801154,0.6127029338071118,0.7981651376146789
"Ridge (alpha=1.0, top-100) + SMOTE",Random Forest,50,30.0,1.256627202715867,1.0128440366972475,0.38398250591016536,0.6216326076458728,0.7981651376146789
"Ridge (alpha=1.0, top-100) + SMOTE",Random Forest,50,,1.2279542172381785,0.9612844036697247,0.4117736406619382,0.6462853753571196,0.7889908256880734
"Ridge (alpha=1.0, top-100) + SMOTE",Random Forest,100,10.0,1.236282640345399,0.978965252734435,0.40376746044847667,0.6410221594094528,0.8165137614678899
"Ridge (alpha=1.0, top-100) + SMOTE",Random Forest,100,20.0,1.2606635066758378,0.9927522935779817,0.38001883701076944,0.6124754293749198,0.7706422018348624
"Ridge (alpha=1.0, top-100) + SMOTE",Random Forest,100,30.0,1.242594208489834,0.9812844036697247,0.3976640530601522,0.625111663792072,0.7981651376146789
"Ridge (alpha=1.0, top-100) + SMOTE",Random Forest,100,,1.254675293350084,0.9879816513761469,0.3858947301024427,0.6201313578449246,0.8073394495412844
PCA (n_components=50) + SMOTE,Random Forest,10,10.0,1.2881150472268257,0.9998654282596898,0.35272409725197496,0.603485120355319,0.7706422018348624
PCA (n_components=50) + SMOTE,Random Forest,10,20.0,1.3123618319585693,1.0247706422018348,0.32812680588389764,0.580670830970711,0.7798165137614679
PCA (n_components=50) + SMOTE,Random Forest,10,30.0,1.2971740632847681,0.9862385321100918,0.3435877987916993,0.5938472405042222,0.7614678899082569
PCA (n_components=50) + SMOTE,Random Forest,10,,1.3358844096565026,1.056880733944954,0.3038258471237193,0.5573585776277828,0.7431192660550459
PCA (n_components=50) + SMOTE,Random Forest,20,10.0,1.2218315830133044,0.9284437222286946,0.41762486244638275,0.6439489611618052,0.8165137614678899
PCA (n_components=50) + SMOTE,Random Forest,20,20.0,1.2589405040193722,0.9940366972477065,0.3817123883635406,0.6238018810535707,0.7981651376146789
PCA (n_components=50) + SMOTE,Random Forest,20,30.0,1.313113115860881,1.0467889908256882,0.32735733517205123,0.5685524332024217,0.7431192660550459
PCA (n_components=50) + SMOTE,Random Forest,20,,1.2303594611615438,0.9600917431192661,0.4094670179931704,0.6480652032580931,0.7706422018348624
PCA (n_components=50) + SMOTE,Random Forest,50,10.0,1.2546611810301274,0.9693666184618472,0.3859085446748066,0.6283632009127978,0.8073394495412844
PCA (n_components=50) + SMOTE,Random Forest,50,20.0,1.2692582533753594,0.9882568807339448,0.37153640661938514,0.6084128173644947,0.7706422018348624
PCA (n_components=50) + SMOTE,Random Forest,50,30.0,1.2405932289163228,0.9770642201834863,0.3996024034672968,0.639479199244146,0.7889908256880734
PCA (n_components=50) + SMOTE,Random Forest,50,,1.2458960152171388,0.9655045871559634,0.39445876017861825,0.6318005446111173,0.7798165137614679
PCA (n_components=50) + SMOTE,Random Forest,100,10.0,1.228251940612555,0.9568741691794797,0.4114883694937783,0.6457965306477043,0.7981651376146789
PCA (n_components=50) + SMOTE,Random Forest,100,20.0,1.227311150666553,0.963394495412844,0.4123895751247699,0.6542213030561261,0.8073394495412844
PCA (n_components=50) + SMOTE,Random Forest,100,30.0,1.2289198658566993,0.9649541284403669,0.41084812844759644,0.6451424560214633,0.7981651376146789
PCA (n_components=50) + SMOTE,Random Forest,100,,1.2142634721577166,0.9393577981651376,0.42481706396112406,0.6605489610559646,0.8165137614678899
"Lasso->PCA (top-100, 95%var) + SMOTE",Random Forest,10,10.0,1.3865838488061308,1.1586004912546026,0.2499807565130795,0.5226793696456733,0.6697247706422018
"Lasso->PCA (top-100, 95%var) + SMOTE",Random Forest,10,20.0,1.325404560014195,1.1045871559633027,0.31470580509587587,0.5675132054846298,0.7431192660550459
"Lasso->PCA (top-100, 95%var) + SMOTE",Random Forest,10,30.0,1.3694906305469794,1.1256880733944954,0.2683586157079063,0.5287473780600234,0.7155963302752294
"Lasso->PCA (top-100, 95%var) + SMOTE",Random Forest,10,,1.3891123163815573,1.1183486238532114,0.24724290780141822,0.5272293440783593,0.7706422018348624
"Lasso->PCA (top-100, 95%var) + SMOTE",Random Forest,20,10.0,1.293449239574072,1.0656664598838301,0.34735214989001406,0.5879602019042602,0.7155963302752294
"Lasso->PCA (top-100, 95%var) + SMOTE",Random Forest,20,20.0,1.357902456941885,1.1110091743119268,0.28068804176516915,0.5224204733867396,0.6972477064220184
"Lasso->PCA (top-100, 95%var) + SMOTE",Random Forest,20,30.0,1.322086549374396,1.103211009174312,0.3181326339637507,0.5636905465353533,0.7614678899082569
"Lasso->PCA (top-100, 95%var) + SMOTE",Random Forest,20,,1.3159048235291018,1.0944954128440365,0.32449418833727306,0.5469777888792,0.7614678899082569
"Lasso->PCA (top-100, 95%var) + SMOTE",Random Forest,50,10.0,1.2949788925420394,1.0774000345731358,0.3458075743357798,0.5710328165901193,0.7706422018348624
"Lasso->PCA (top-100, 95%var) + SMOTE",Random Forest,50,20.0,1.293808828383726,1.0710091743119265,0.3469892172314156,0.5914344139113691,0.7431192660550459
"Lasso->PCA (top-100, 95%var) + SMOTE",Random Forest,50,30.0,1.3454578702932118,1.10697247706422,0.29381199106908285,0.543508837261572,0.7889908256880734
"Lasso->PCA (top-100, 95%var) + SMOTE",Random Forest,50,,1.3125883107031295,1.0746788990825689,0.3278948909902808,0.5833113498787257,0.7614678899082569
"Lasso->PCA (top-100, 95%var) + SMOTE",Random Forest,100,10.0,1.296676151915198,1.0595469524462924,0.34409162072377386,0.5744085388558939,0.7522935779816514
"Lasso->PCA (top-100, 95%var) + SMOTE",Random Forest,100,20.0,1.291649610225749,1.0624770642201835,0.3491669982926189,0.5932806177787733,0.7889908256880734
"Lasso->PCA (top-100, 95%var) + SMOTE",Random Forest,100,30.0,1.2951964889367669,1.0695412844036696,0.34558770685579165,0.5846254473550357,0.7522935779816514
"Lasso->PCA (top-100, 95%var) + SMOTE",Random Forest,100,,1.3032711139015838,1.073394495412844,0.33740268584187005,0.5723151861875603,0.7706422018348624
"Ridge->PCA (top-100, 95%var) + SMOTE",Random Forest,10,10.0,1.383665777210386,1.1155290019313386,0.25313427208763783,0.5349737010888722,0.7339449541284404
"Ridge->PCA (top-100, 95%var) + SMOTE",Random Forest,10,20.0,1.3873279709868784,1.118348623853211,0.24917553191489328,0.5086446353496016,0.7247706422018348
"Ridge->PCA (top-100, 95%var) + SMOTE",Random Forest,10,30.0,1.4093397504186462,1.1211009174311926,0.22516088783819244,0.4927330213482637,0.7431192660550459
"Ridge->PCA (top-100, 95%var) + SMOTE",Random Forest,10,,1.368652990781196,1.0678899082568807,0.2692533490937743,0.5079585248007312,0.7247706422018348
"Ridge->PCA (top-100, 95%var) + SMOTE",Random Forest,20,10.0,1.3479182894949442,1.0891886801280055,0.29122683806946803,0.5508308176920045,0.6880733944954128
"Ridge->PCA (top-100, 95%var) + SMOTE",Random Forest,20,20.0,1.3807490321952998,1.1018348623853214,0.2562797149986864,0.5229991364735312,0.7155963302752294
"Ridge->PCA (top-100, 95%var) + SMOTE",Random Forest,20,30.0,1.391784545173385,1.1311926605504585,0.24434397163120547,0.5014597527643508,0.7247706422018348
"Ridge->PCA (top-100, 95%var) + SMOTE",Random Forest,20,,1.32974957979092,1.0674311926605504,0.31020529616495895,0.5544246064464403,0.7522935779816514
"Ridge->PCA (top-100, 95%var) + SMOTE",Random Forest,50,10.0,1.3518906893583567,1.0950052878710084,0.2870430841934307,0.5328947408795978,0.7155963302752294
"Ridge->PCA (top-100, 95%var) + SMOTE",Random Forest,50,20.0,1.3434202550398653,1.095045871559633,0.2959493301812447,0.5625932593288837,0.7614678899082569
"Ridge->PCA (top-100, 95%var) + SMOTE",Random Forest,50,30.0,1.3480805246413996,1.0623853211009178,0.2910562122406092,0.5544191373439695,0.7339449541284404
"Ridge->PCA (top-100, 95%var) + SMOTE",Random Forest,50,,1.3378443567679237,1.0686238532110095,0.30178156028368774,0.5565530471573613,0.7431192660550459
"Ridge->PCA (top-100, 95%var) + SMOTE",Random Forest,100,10.0,1.3298574950964457,1.0666095965311868,0.3100933315847161,0.5420641887194969,0.7155963302752294
"Ridge->PCA (top-100, 95%var) + SMOTE",Random Forest,100,20.0,1.3276432868988968,1.0733944954128443,0.31238880351983156,0.5700743862715446,0.7431192660550459
"Ridge->PCA (top-100, 95%var) + SMOTE",Random Forest,100,30.0,1.3133754398006534,1.056422018348624,0.3270885572629364,0.5868003855189763,0.7614678899082569
"Ridge->PCA (top-100, 95%var) + SMOTE",Random Forest,100,,1.3187587992662653,1.0539449541284405,0.3215608944050432,0.5675137637927035,0.7431192660550459
