dimension_reduction_type,model,n_estimators,max_depth,learning_rate,rmse,mae,r2,spearman_r,within_1_acc
"Lasso (alpha=1.0, top-100)",Gradient Boosting,50,2,0.05,1.3633193902849403,1.1233027694564937,0.28985629179590433,0.5350639089816209,0.6727272727272727
"Lasso (alpha=1.0, top-100)",Gradient Boosting,50,2,0.1,1.3725180192422444,1.1160533154581818,0.2802409571173604,0.5258517063573164,0.7090909090909091
"Lasso (alpha=1.0, top-100)",Gradient Boosting,50,3,0.05,1.3241567546170472,1.0892888508978948,0.33006939149783043,0.5640883411738113,0.7181818181818181
"Lasso (alpha=1.0, top-100)",Gradient Boosting,50,3,0.1,1.340894635361285,1.0858205185590988,0.31302595850825277,0.5522203684235811,0.7454545454545455
"Lasso (alpha=1.0, top-100)",Gradient Boosting,50,5,0.05,1.3310777566182623,1.0928991528036043,0.3230480050085808,0.5492971770002534,0.7454545454545455
"Lasso (alpha=1.0, top-100)",Gradient Boosting,50,5,0.1,1.319654609800819,1.0694566863065802,0.3346171871881184,0.5578961549253423,0.7454545454545455
"Lasso (alpha=1.0, top-100)",Gradient Boosting,100,2,0.05,1.3603974811290012,1.1141901182400524,0.292897034620235,0.5261421812148396,0.7
"Lasso (alpha=1.0, top-100)",Gradient Boosting,100,2,0.1,1.399560123185137,1.1475541734207897,0.25159937747447214,0.49632931726651514,0.6909090909090909
"Lasso (alpha=1.0, top-100)",Gradient Boosting,100,3,0.05,1.3217103021654988,1.06651895194448,0.3325425720265873,0.566384475761851,0.7363636363636363
"Lasso (alpha=1.0, top-100)",Gradient Boosting,100,3,0.1,1.3620129238430525,1.0893665128705978,0.29121669844145504,0.5335193204535218,0.7090909090909091
"Lasso (alpha=1.0, top-100)",Gradient Boosting,100,5,0.05,1.3368820739440763,1.079577443037839,0.31713127905650706,0.5479739026493148,0.7545454545454545
"Lasso (alpha=1.0, top-100)",Gradient Boosting,100,5,0.1,1.3266350635966913,1.072591566809225,0.32755934311892443,0.5601600145292128,0.7454545454545455
"Lasso (alpha=1.0, top-100)",Gradient Boosting,200,2,0.05,1.3985459335495523,1.149026520603737,0.2526836397802058,0.4960203995608953,0.6909090909090909
"Lasso (alpha=1.0, top-100)",Gradient Boosting,200,2,0.1,1.4229953745611017,1.1533631377337104,0.22632600916133416,0.49020629169840885,0.6727272727272727
"Lasso (alpha=1.0, top-100)",Gradient Boosting,200,3,0.05,1.3605681827028326,1.0970650333865581,0.29271957007238025,0.5391397784109929,0.7181818181818181
"Lasso (alpha=1.0, top-100)",Gradient Boosting,200,3,0.1,1.393681215181861,1.1011056825513235,0.2578735454998725,0.5234818003768898,0.7090909090909091
"Lasso (alpha=1.0, top-100)",Gradient Boosting,200,5,0.05,1.3343144452205342,1.0735236775404926,0.31975180875422016,0.558228126191083,0.7545454545454545
"Lasso (alpha=1.0, top-100)",Gradient Boosting,200,5,0.1,1.3284543370204118,1.0733735143061809,0.3257137832222383,0.5590949400516283,0.7545454545454545
"Ridge (alpha=1.0, top-100)",Gradient Boosting,50,2,0.05,1.2959647769078497,1.0711129590376902,0.3582920551287275,0.6148891662561866,0.7272727272727273
"Ridge (alpha=1.0, top-100)",Gradient Boosting,50,2,0.1,1.255641463419444,1.014202414374097,0.3976036703286089,0.6400452110600929,0.7909090909090909
"Ridge (alpha=1.0, top-100)",Gradient Boosting,50,3,0.05,1.317847575108858,1.0662744450448571,0.3364381888355933,0.5861229339373503,0.7090909090909091
"Ridge (alpha=1.0, top-100)",Gradient Boosting,50,3,0.1,1.2971611949246504,1.0316019222802797,0.35710667517187167,0.6099464829662695,0.7727272727272727
"Ridge (alpha=1.0, top-100)",Gradient Boosting,50,5,0.05,1.3246205043029489,1.0716849695251747,0.3296000595825711,0.5856019234786181,0.7636363636363637
"Ridge (alpha=1.0, top-100)",Gradient Boosting,50,5,0.1,1.3387041721390458,1.0647289307977217,0.31526858403864655,0.5750387822312301,0.7454545454545455
"Ridge (alpha=1.0, top-100)",Gradient Boosting,100,2,0.05,1.2648102625707551,1.0343955707021248,0.3887740533745285,0.6247376471398274,0.7454545454545455
"Ridge (alpha=1.0, top-100)",Gradient Boosting,100,2,0.1,1.2541015645518907,0.99076360962256,0.399080303010542,0.6349595956974264,0.8272727272727273
"Ridge (alpha=1.0, top-100)",Gradient Boosting,100,3,0.05,1.294300857115427,1.028766490866065,0.3599388052786724,0.6084572229824606,0.7636363636363637
"Ridge (alpha=1.0, top-100)",Gradient Boosting,100,3,0.1,1.2973762955928798,1.0326957417294338,0.3568934430000231,0.6076964554984715,0.7909090909090909
"Ridge (alpha=1.0, top-100)",Gradient Boosting,100,5,0.05,1.321508476321614,1.0547739450740627,0.33274639864923194,0.5923842808661817,0.7818181818181819
"Ridge (alpha=1.0, top-100)",Gradient Boosting,100,5,0.1,1.3361860376452717,1.0621102358487622,0.3178421535540159,0.5790178267080943,0.7545454545454545
"Ridge (alpha=1.0, top-100)",Gradient Boosting,200,2,0.05,1.2535105697299929,1.0066042272776228,0.3996465358571406,0.6384452939877038,0.8
"Ridge (alpha=1.0, top-100)",Gradient Boosting,200,2,0.1,1.2645021573442436,0.9948694146485964,0.3890718039176553,0.6366701698583959,0.8090909090909091
"Ridge (alpha=1.0, top-100)",Gradient Boosting,200,3,0.05,1.29749596770038,1.0388568416621224,0.35677479513073307,0.6163230976957055,0.7818181818181819
"Ridge (alpha=1.0, top-100)",Gradient Boosting,200,3,0.1,1.3020617828723924,1.0347839501705616,0.3522398836198277,0.6137825953703843,0.8090909090909091
"Ridge (alpha=1.0, top-100)",Gradient Boosting,200,5,0.05,1.3240312776135494,1.0557362885797381,0.33019635063950536,0.5955333971786941,0.7818181818181819
"Ridge (alpha=1.0, top-100)",Gradient Boosting,200,5,0.1,1.3368234256111327,1.06301407925313,0.31719119194548395,0.5796310514073097,0.7545454545454545
PCA (n_components=50),Gradient Boosting,50,2,0.05,1.3075972547663461,1.0578473943126094,0.3467205145051293,0.6272971149829709,0.7272727272727273
PCA (n_components=50),Gradient Boosting,50,2,0.1,1.2779235724089335,0.9979607989498558,0.37603420541498733,0.6373202802538047,0.7272727272727273
PCA (n_components=50),Gradient Boosting,50,3,0.05,1.2722948414527242,1.0042291291802565,0.38151872874403125,0.6514106161996877,0.7636363636363637
PCA (n_components=50),Gradient Boosting,50,3,0.1,1.218451863855708,0.9211740426419213,0.43275879159889086,0.6733114983145255,0.8090909090909091
PCA (n_components=50),Gradient Boosting,50,5,0.05,1.2741939131393722,0.9838199065504695,0.3796710173290835,0.6297310482620104,0.7545454545454545
PCA (n_components=50),Gradient Boosting,50,5,0.1,1.2618796169804456,0.9773263514301476,0.39160327039743403,0.6132200885034347,0.7454545454545455
PCA (n_components=50),Gradient Boosting,100,2,0.05,1.261245395941385,0.9872157823152964,0.3922146774360281,0.6460206938434254,0.7545454545454545
PCA (n_components=50),Gradient Boosting,100,2,0.1,1.273383102464101,0.9751288219380713,0.38046023681653063,0.6359140130864308,0.7454545454545455
PCA (n_components=50),Gradient Boosting,100,3,0.05,1.2413041701130307,0.9436841729551724,0.4112818176401529,0.657768788081027,0.8
PCA (n_components=50),Gradient Boosting,100,3,0.1,1.2329776010434468,0.9275419648514265,0.4191534765049191,0.6690050932839448,0.7909090909090909
PCA (n_components=50),Gradient Boosting,100,5,0.05,1.2655722899389923,0.9584437083590943,0.3880373243599975,0.636909926883653,0.7727272727272727
PCA (n_components=50),Gradient Boosting,100,5,0.1,1.259099131557349,0.973102218978594,0.3942814569651555,0.6143128272531646,0.7454545454545455
PCA (n_components=50),Gradient Boosting,200,2,0.05,1.2443333541442734,0.9560131620897739,0.408404985807735,0.6540248899173957,0.7727272727272727
PCA (n_components=50),Gradient Boosting,200,2,0.1,1.2621608235862571,0.9563677712904899,0.3913320809115898,0.6470304397767201,0.7636363636363637
PCA (n_components=50),Gradient Boosting,200,3,0.05,1.246508611331564,0.9467233961817777,0.4063348072469196,0.660304679694324,0.8181818181818182
PCA (n_components=50),Gradient Boosting,200,3,0.1,1.2291694039316723,0.9266191153939299,0.4227359618208,0.6769401286775524,0.8090909090909091
PCA (n_components=50),Gradient Boosting,200,5,0.05,1.2571945398444246,0.9461802720585671,0.3961125661284828,0.641483753211636,0.7727272727272727
PCA (n_components=50),Gradient Boosting,200,5,0.1,1.254684398235085,0.9681760297039542,0.39852162796387947,0.6222432519347479,0.7454545454545455
