feature_0,feature_1,feature_2,feature_3,feature_4,feature_5,feature_6,feature_7,feature_8,feature_9,feature_10,target
3.7721985954854533,-3.239326189015587,0.055353372065800655,-1.9685685051802717,0.9158823159035309,0.20906187963733625,-0.08921437880871153,0.0407151934041951,0.3881603701021975,-0.4099344524426298,-0.4704794631099742,3.0
1.6569120730360947,-3.282143610853265,2.3787746987749085,-0.5082074471808956,-0.0417873071291703,1.8978721666847396,3.40589642372296,-0.7919910074957753,-0.5933387516229944,0.37679493744157505,-0.47319286195331134,3.0
2.2310304109180494,0.11782815726231477,2.9924309666142612,-1.0640794203554589,-0.5730860974693639,1.7910138477727924,-0.16851248610211808,0.19213705807248635,-0.704726467641618,-0.16623217615697872,0.5125861331022425,5.0
2.4250674408133723,2.4632535493929697,-2.057453054995571,1.0161966784455974,-1.2019550803069372,0.06441176857057698,-1.235595940972073,-0.1573953512473979,0.7522985023762677,-0.5476458675067597,-0.37132905983028935,0.0
0.44892278640862443,2.3907489437627896,-2.2168109251023402,-1.6036743483221971,-1.6851598127303704,0.11189976797726867,-0.40548281625190147,-0.7066623511951863,0.21705761706636642,-0.5511794545509722,-0.41980208384749057,2.0
-6.69894161983216,0.6675687814192196,-3.428137446392218,1.0193697534642996,-2.027165513208496,-0.9928283868417915,-0.054361648519655165,0.6761133122606405,-1.0623379348635746,-0.5939203469984892,-0.6508617171174018,2.0
-1.1517495554116635,1.7795058663906522,-0.35744846684741616,1.2248516462573014,0.5307835607988349,-1.0491190911243127,0.10173317494411983,0.9604456246713495,-1.4529910608735896,0.11792450977390995,0.5480507728156744,3.0
3.284664277550565,-3.3506170536434086,1.6551251511334995,1.2211272997940115,-0.42600437375713596,-0.32362446604663864,-0.1727674613181205,-0.12780348703818237,-0.4364261434227996,-0.5371179415281911,-0.32376592294419193,2.0
2.952418952042941,-1.4551016484961203,0.47326110797389315,0.1975673359736741,0.37442924558859186,-1.614156734267173,-0.4200519308487911,0.28093255449168886,-0.028163852279273448,-0.5362943516936266,-0.4822045831796767,4.0
4.278418023657401,1.6707775072401063,-1.8961234213229423,0.4009575610496959,2.022005945535042,-1.117671380260779,-0.43908036035277703,-0.6813547546788193,-0.0751878266843707,-0.37917021084282276,-0.5568707202289177,1.0
1.646010947004831,1.5100237101292149,0.7514480788806144,2.802307340333199,-0.8995354307669287,-0.12301880429600434,0.21893347220829934,-0.5800963680334532,0.0051245645411553,0.0035509416126674057,-0.1261888745921416,3.0
3.5668178556233463,-6.630890176676231,2.136062051503954,0.22762134610484597,0.9150682511403267,-0.12110914825702901,1.8241477030610762,0.2261621896481458,-1.0362514849158169,-0.0517176539998753,-0.022201356949341316,3.0
0.5551246135533753,0.43377020780598674,-1.4774039443967357,-1.1683049823929523,-1.2351278054606822,1.5218665516564747,0.536954164894036,0.03394188021150822,0.35907077503193263,0.06861747894161031,0.49668623362283604,3.0
2.582430464581886,-0.3541551784772996,2.556035153918565,0.058656526336417956,-0.03666720585243417,1.7152009912164587,-0.868615531021791,0.07015351869261496,0.8132892732491944,-0.5742656478842697,-0.1446681193482001,2.0
3.812757485873326,1.1828617907633416,0.3212110766770927,-0.5059704792106565,0.8477259405701474,-0.8665267774932132,0.5162517307575093,1.383177390819776,0.11742716675729828,0.21124949999190093,0.32513549566428235,2.0
-5.471921058204758,-0.9910789410935152,-0.9157982638290373,-0.8566039479141481,-1.1208009429845478,-0.5535982310757249,-0.6764570470442923,-0.6552081569248026,0.24034855686487183,-0.11540241934802403,0.0881680107882825,2.0
-0.7223497796732408,3.4317758559262144,-3.647541068279529,2.9676168068252546,3.0265929295787326,-1.2880746089527826,1.6849490774445095,0.9510122195580288,-0.6363193704382115,0.005310698441632772,-0.5798714400997285,2.0
0.8416828260514068,-0.10796753686298503,-1.5904242080474829,-0.06186023161813157,-2.866048730507731,2.4001391785617727,1.0341455165730036,-0.8391943592342244,-0.09693952345528233,-0.22242539352522328,-0.08939225082980583,2.0
1.4847712084701763,4.727527109657545,-1.9331766317446635,-1.2900277535116271,0.837296482041871,-0.347519312552605,-0.22751974101798705,-0.29298262737119546,-0.5770183269061641,0.2131567216550681,0.41181871390670655,3.0
-3.5205285747285675,0.9585497674093494,-5.119587865612123,4.274577419894823,1.6162736752247644,2.710885871664967,0.3932021218758507,-0.5071826753018672,1.541618959364323,-0.35538606826603536,-0.6713198858156503,1.0
4.782563624490124,-0.37741212363647225,-0.13724547348691765,0.02077845660323113,-2.3162803976540705,-1.0281129457138314,0.03864188013219788,0.4199712005261631,-0.10546435229517469,-0.36199821524740905,-0.05984359313582599,3.0
2.483723107066014,5.097617942451037,-3.076583115390834,0.3553249595254315,1.441510545760158,-0.5725734194027293,0.07577664547930603,-0.28353546058845375,-0.0837310553419611,-0.17694637147145856,-0.26686291563212977,0.0
-3.3302140502930926,-4.198854757110741,1.0169641772944005,-0.053575287327226224,2.6275464738187537,0.41217058052253996,0.11782821183138757,0.1473119469298049,-0.3844271773103233,-0.3830487082532224,0.40883979827731615,4.0
3.166614713017636,-1.161571697430935,-1.167478927322487,-0.3544601011610328,-2.649109748490763,-0.3058231532788073,0.1854394045445779,-0.2522057926986132,-0.35358603546995876,0.08665860310255247,0.37747985069412104,2.0
3.2853473813098444,-3.144106963715037,0.40849278016190443,0.4960164547796546,-1.5421433456067035,-0.09715657608525885,-1.2300992023995483,-0.2462219856198047,0.5924685228010917,-0.5491902622591759,-0.46302151368869365,3.0
1.2211858207227841,-1.4348693965671224,-1.0889368193882123,0.6101660948467753,0.48627435294586213,-1.7772541345431065,0.7559872118040415,0.997895100504411,0.7437221212036768,-0.814169450187154,-0.7223281865579892,5.0
2.096180592594063,-3.914188580848256,-1.2407235703376274,-1.2388011813665956,-0.07024706939199273,0.6394547276083041,-1.2095755252023634,-1.021232178662825,0.8661790043328721,-0.5754378397160818,-0.7457160717057901,2.0
1.4903050031367115,3.0049283984132873,-0.9524475162461529,0.06309853644354499,-0.6652816736922783,0.6305072063966853,0.19055782956566011,-0.9779062075602121,-0.014335714960298573,-0.36817135251510547,-0.28441845972897845,2.0
-5.97744141708968,1.2666102183287489,-3.790828081375582,1.0404223033150186,-1.5756493419568272,0.8510042738447547,0.8209560259923209,0.8459125411181153,0.6090632381403296,-0.6019181726558712,-0.13163882292046503,5.0
-0.5991891939706375,-1.3418002196212329,-0.24385642699413462,1.4916722746934235,1.1013083513748612,-0.1084346459818688,-0.7377415932890924,-0.7440538627162543,0.24510436186358375,-0.23923827179424118,-0.18481439331083974,3.0
4.8087575729283145,-3.4857777818514193,-0.12484840911760532,-0.1693783468651423,-0.589592997355221,-0.20850435453916105,-0.31652357283485116,-0.27709906025367165,0.01322140850316619,-0.278974555628701,-0.11653001325175256,5.0
-4.9383242507417755,-1.9287518322939952,1.7266292920774342,0.16550772435415032,4.669699617452951,0.505978638199194,-1.5617104270638051,0.4112671122637559,-0.5542498247460158,0.6652726458455618,0.5239252789411706,4.0
6.381911891435932,0.3534979038688903,-1.043670505981456,-0.17737180381057396,0.8214073520941985,-1.0664774910397037,0.09942485391419267,-0.6019493932035732,-0.33750899264252865,0.45801880217520946,0.1238939413735627,2.0
0.02907211364539901,-1.5694562804963215,1.7536082213675166,-0.2653565009720632,0.5105587860487741,-0.9019386881840364,0.13690378783241364,-0.7695671708378271,-0.15766327322393925,-0.36165702719207254,0.03057378816316382,2.0
2.8823074951462497,0.7035405672958849,-1.3831367489763582,-0.9297690574622279,1.8275329893777426,0.3508755966748114,-0.15655508550680527,-0.39362047424174534,0.27897017905455523,-0.13724952044983085,-0.15481801507589596,5.0
-0.8613967296045231,3.7913416368814286,4.188298665671787,-1.153453997103766,3.8100587763640563,-1.8553948212475462,1.428676297594498,0.8357635624012609,1.4270243895635342,-0.11036655407369825,-0.004982832607778274,3.0
6.017304239318008,-1.9846996680376532,0.09010758595615372,-2.6025225859272045,1.6829446080243657,-0.19488858953342997,-0.010735765720322846,-0.6448227550645053,-0.1049505150323831,-0.11504906409604462,0.08295869476640479,2.0
-3.5234263447463663,0.584666212368721,-1.8918599606140514,0.0744629039179884,-0.6785314620812135,0.07830886358011248,1.93449322555947,-0.32307391465201424,-0.8098341292692288,-0.19703431329837387,-0.19460917072730766,2.0
-6.764649288097879,0.8129413398033243,-2.7079825169959206,-0.4256254317193865,-3.5854803330220233,-0.6530426219694427,1.752338723390714,0.29439832812626854,0.3083994932467767,-0.22805002445357767,-0.24580479109074174,4.0
-2.1230534644589145,-0.4440805797952272,-0.932575260479175,-1.6577790104012826,-0.286051342592334,-0.02883621913733835,-1.0995283230369786,-0.8846027367488987,0.35164878129567867,-0.1189881003970397,-0.27581584771732964,3.0
-4.292611093205775,2.3989891429566934,3.744849234025571,-0.13122540329791962,-0.19994647848043764,-1.1594382199256577,-0.8206293725995009,-1.2053012226168454,0.35286405947513355,-0.4072008038306291,-0.03616701753660583,2.0
1.4055554964749817,0.4486341421606318,0.5403940540479438,-1.5576757227115614,1.8408515392860538,-0.40973214020902887,-1.3011172275272151,-0.8631455282139215,0.1836692273397597,0.07307755668311512,0.47611044251588336,1.0
-1.3210801039325766,-0.5980464290761568,2.0030508143346397,-1.4381624043431656,1.2828232379389135,0.11004314910825432,-0.4827696649854077,-0.23330550461586333,-0.3300062443974162,-0.20686062980745704,0.48685608999491065,5.0
-0.9162758057918604,0.9594751920770976,-0.36173026925952834,-1.5676718764715394,2.116713784430316,0.05995503451903416,-0.29957650942053254,-1.0025105729500594,-0.0917589114754266,0.12613267458651184,0.5000038610299568,3.0
3.7509874932055314,3.9552252023235654,-3.0016778055674354,-2.8290502668966173,0.9729244370565652,-0.19992030666875313,-0.1555045346056423,0.10226519345644855,-0.4120212116513778,-0.04783975228905461,0.08962696710128891,0.0
-4.227000883602772,2.245440611962338,0.2706275306105838,2.786231996255896,1.7048858453559215,-0.32721279737059095,0.24309347119271033,1.2870343431279063,2.2747422087774125,-0.6280970028183971,0.16681787524229608,5.0
0.14281636188375266,1.7305221923372522,-1.3039221135695525,-2.5724436557512425,-0.6906098459595953,-0.6165836594159265,-0.2920617113544212,-0.5902839197564782,-0.04547216627160064,0.2711998338990138,0.3062094389928147,4.0
0.5969577932958303,-0.25363300506517683,4.355810083690913,0.05982197286973039,-0.45575882392088074,-1.234813265333204,-1.001979743721051,-0.39002796221232305,0.24201583850891908,0.3301957305448818,0.5652746666966078,4.0
-2.0177006885208124,-3.7285778821348368,0.831449027575718,0.9292292475523627,0.21152202672520465,-0.4474262839045795,0.4879761219849534,0.020637001459702927,-0.8108093261580577,-0.12774328659928438,0.050361354430940156,5.0
3.949481271486487,-2.0552096764850214,2.039514055036658,0.5774355403623734,-2.037737994000469,0.5631777994275728,0.17104143420514675,0.13304252684668488,-0.5808718786497524,0.04050673637888642,0.6569602161184522,5.0
3.156591328026462,2.552009330452898,0.6897281432569092,-0.5499595716136848,-2.353479399682363,1.75146630526596,-2.5844731413068893,0.1803180703804253,0.440928908633152,4.562088911344263,-3.2294254593471274,2.0
1.051600978914019,-0.1349564580860693,0.41582949869132313,-1.5045218198792774,1.100692581510125,-0.6951249461479163,0.8082271339949375,-0.9502919453525602,0.26778974008291384,-0.08318781429298669,0.08893893091251112,2.0
4.813947617090869,1.3051458383888983,-1.3557214585490747,1.54819669338942,1.6318540033517352,0.9015841745588334,-0.39963898240908574,0.3128828157968461,-0.25487621448711123,0.20357398443885583,0.4606201852568341,0.0
-4.5125416037822195,0.5556145589642457,-4.32524447040492,-5.171867281053861,2.4674020983308833,0.13218100861636362,-0.1771884589922649,-0.6389744063287792,0.655152654046126,0.5566220216281322,1.117447978918159,5.0
-2.4229361136823697,-4.367970644010962,1.3915491195461294,-0.285632873229905,1.3190686211327263,0.5835343096444251,-0.1045360603246337,0.48305741458598117,-0.6463943954597486,0.017162217458215487,-0.16755579291223252,5.0
3.7948645676496118,-2.6660994204990267,-1.479989848046662,-0.31651258754072154,0.24431314333287713,-2.0345485361513567,1.0045009447384492,0.4666938446250936,-0.08966772824053505,-0.4811447188276185,-0.31395444034699943,2.0
3.1225415483097794,-2.6370353711185834,0.44309055165422667,1.4142550829517269,-1.4099103201252967,1.0279133751978236,-1.2250438666899466,-0.377077235526387,0.44488150280047944,-0.4676580884728092,-0.12750763348538546,2.0
5.519561539583925,-0.3257279938898215,0.8795839044148738,1.6793717054210726,-3.198478899330327,-1.4227987863096656,0.36976463344701666,0.20610150771145738,0.006501477888453057,0.09601315710444405,0.5741443033577452,1.0
-4.835157130125773,2.3348474347071253,1.8119292794358082,1.0265409647213932,0.27094229961772237,-1.3725586510845713,-0.15624533609960797,2.8327855049649697,1.0562315264210471,0.47952953788993696,0.3210056820930856,5.0
0.6304794084119392,5.7855309210117065,-1.5212132639619995,-1.7375158377978186,1.1754823597967163,-0.03456669514138887,0.2216070085762152,0.34000899695864817,-0.8600262402238888,0.08518539401683257,0.010820307367252702,1.0
5.643925134936102,-1.5900571917832824,-1.4229598586509717,-1.1419119444059427,1.3682534996115434,-0.9059015586967345,-1.3613712301964467,1.5570124497945648,0.23434781712322686,-0.6230787429004423,-0.6822363922698879,0.0
4.638028336098678,1.8104338131137439,-3.1591960440708475,1.8636762768046882,0.6434466750127601,0.24269918616661948,0.3236769632753303,1.2836416864493183,-0.5656271100701732,-0.10470754255599118,-0.2403780370023181,0.0
5.377147405803127,-0.7454108430259018,-1.4672847327866685,-1.2280600349335467,1.5352460810716007,-0.32508193113334866,-0.8068039305363456,0.024760143054967956,0.5636704390232372,-0.4101048637847015,-0.253194876157468,3.0
-5.09082570180116,-0.9975922616189808,2.229160223343191,-0.18886403321174094,1.6298563333615896,0.02454486296717924,-0.3927410490116368,-0.016186236138679203,-0.3169981349474693,0.02488796076110296,0.41198884784095774,4.0
-1.2108935789156905,-4.11151108594863,1.9536801283487493,0.6781399681069331,1.539160907857882,0.06504273368623602,-0.5817536541894219,0.5148808720938172,-1.075800904981226,-0.320179803471646,0.12709746781715256,5.0
-1.66108508007425,3.5406174071102217,4.611849945318681,-0.7159709851132691,1.8274216061463067,2.526317832360255,0.461725660454813,1.1302985419417662,0.7493332640339053,-0.07782168938905851,-0.4856062006655917,3.0
2.401386058734782,3.4324472434106017,1.3856616342348527,2.023788311777376,-1.6419758276429801,0.0070225732259621134,0.3075547982217194,-0.41606822796369836,-0.9839641545928245,0.31846963133083533,0.49663945042789676,2.0
-1.4019363003897494,3.2015284728436675,-0.4797709089209794,-1.5268161280287103,-0.6360536918232391,-2.5286949592277277,-0.2739776289423645,1.0614937281569607,-1.2743172600324986,0.1316079911968167,0.774586278742775,3.0
-0.4108035104999242,2.742365990506542,1.8442978635334188,1.549467049076026,-1.3960117211009118,-0.4489358439489956,0.5721019272138981,-1.6869914015447869,0.6675222768103045,-0.05832149472721525,-0.3677572418395217,5.0
3.1174956181918216,2.9476587992364913,-1.9482645455673078,0.6730214545200203,0.8906326156202627,-1.2316914520169726,0.8639350057395686,0.22781212528900638,-0.1015413356569289,0.5361667680162261,0.2632276808929093,0.0
2.8923476382485647,3.678493612425176,-0.37271968496535035,-1.3428598749199623,-0.23530786438294046,0.26533550202989487,-0.2722453217039696,-1.1781601934621289,-0.312684039751669,-0.10543124181283099,0.35408494704823906,2.0
-4.925700140666027,-2.23396371514541,-1.5943358286033127,-2.8509541690342552,2.5589209039528713,-1.474574160727156,-0.21348173852435423,-0.593331145719736,-0.1275004655845216,0.6172781975772713,0.8948870826175385,5.0
-2.245750487267762,1.21786507264761,0.1291456916600246,-1.300315225762502,-0.5956803103031806,-1.0256544112424768,0.7953173984001218,-0.6229095379399479,0.18926980478744407,-0.1473897107778186,-0.45779907522037905,4.0
-5.15735784948486,-0.2115697387558549,1.2204001940929137,-0.6785799803560753,0.1753597924336078,1.2714135079169542,2.165331823142966,-0.40616088168080544,0.5289607215085144,-0.188204444798696,-0.31762309741005607,4.0
2.5037342314000184,-1.5663041493718446,-1.1744191399115922,-3.55995574890704,0.5439505619019527,0.743495705169678,0.35684418892666026,-0.5002448743497825,-0.0942575886327447,0.1002757186589895,-0.07191101682195006,2.0
-2.030255766923834,2.3532637830544125,0.7929237642138505,-1.0450353489463204,0.008116434921148467,-0.24810733533564958,0.967398158688114,-0.4444448659873405,-0.29155096304287603,-0.20485732484741062,-0.15671353203289404,2.0
-0.16075157782609842,-2.060658535716934,-0.5155238184963403,1.765326109492128,2.0977752287858413,1.1794462129336132,1.3765449200143047,-0.4433036522282761,-0.5586033632815803,0.2050862235720179,0.6251058463216659,5.0
3.489143260253511,-1.0196387583447335,-0.12099945323960033,-1.178848224773218,2.2003103681800362,0.4183757129918048,-0.5233200883610872,-0.7487092772789612,0.47837721389182514,-0.24729379331307974,-0.3288371531707066,2.0
-2.358016773332464,-3.692978019837274,0.01405573776774306,-0.15957119024985178,-0.13333951296295016,-0.33763689042145417,-0.6239780373503913,-0.930344581296824,0.38153802085164296,0.15404400807640786,0.5186547764007634,4.0
0.7384684604998487,0.6835044528728788,-0.16823617251535164,0.4527667823885383,0.1549404419978452,-0.6917474550544542,-0.02218530790708734,0.2224267766354212,-0.9992780441631626,0.24957462536387814,-0.002431278236286377,5.0
2.2573213431574723,6.1443392434773045,-3.041647847124233,-1.0761147213517241,1.4046919980984132,-0.2611737317402475,-0.22588762122814057,-0.6033827482227679,-0.0637862324183884,0.005392007110779223,-0.11580929801996186,0.0
4.990128605156256,2.289242435843573,1.316969819715622,1.7954013542626022,-2.1009210505570066,1.3606825550407613,0.2428531023659204,0.09875010943356473,-0.9887206932006729,0.07918973450661607,0.5013061478407885,2.0
5.400789177837253,0.8553398428903005,0.9035673414398717,-0.2385837355965381,-0.5297478539333974,-1.8587830975430624,0.5776366362859627,-0.013212925700854288,0.18259481379470402,0.43933011448172,-0.427481720168466,4.0
-5.519597544428217,-0.7833490553014114,-1.5836700683254001,-0.3251921576323104,-1.4496062519189503,-0.6708689421861138,0.2760600498048481,1.1310467158572448,-0.7394891176579287,0.7933555434628183,-0.13160123018291833,5.0
-3.1969903846547063,-2.801111676688816,-1.1375796001882765,-1.7511040845130492,-0.8148700665177566,2.0782753142374637,0.43267096146296674,-1.2324758876362043,0.0891315868476043,-0.10038352067754885,0.22147695218531332,1.0
-2.200166483157149,1.1330743187673291,-0.6867107186261336,2.4169129648792147,4.352647415645105,-0.7900284758672228,-1.4440899055798684,-1.3694176127264732,0.4343954430990454,-0.009812902617607719,0.5075468132859541,5.0
3.3380968184656488,-0.04795763346560823,-0.9224382312673887,2.5862241171217937,-0.616675096627931,0.6754104492469721,0.6559462771404502,-0.598991799769702,0.041132442976255006,0.06601989442490845,-0.101274232377051,1.0
4.380498943658932,1.1438103959490455,1.1237391828727394,0.5243624468037473,-1.474295085476472,1.2319649655462133,-1.2062779865047293,-0.05164897531577351,-0.1951390216217058,-0.3367296383163404,-0.0933636701074817,2.0
-4.918175906110903,-0.7510786206084744,-2.2837034844986355,-1.1013483485403044,-1.9847453920585754,-0.9021821883013105,0.02807340769996063,-0.19638755659219298,-0.2312704497565759,-0.34574657343205484,-0.08403103617292126,5.0
0.003513439666255773,2.9913821156465956,-1.87619980416233,0.717628683277081,-1.2256375258426193,-1.059112558595644,-1.0474628314508174,0.919430995815476,1.1605702728510785,-0.5788021333391968,-0.07802942651478928,0.0
-3.3917836312262417,-2.0288133612938166,-1.24934052180587,-1.6282482492234875,-0.6516805225700776,0.7798080696686215,-0.4487053877805651,-0.1503993543063179,-0.08880741857573507,-0.03450292499622001,0.5571472586444505,5.0
0.3191685886080708,-3.5800670689198815,1.3638678744943304,0.01769073848374998,-1.8008987728934056,-0.3996939936575825,-1.1564947950797608,-0.7489936846979193,-0.10341245732841489,1.9210027272472405,-1.447039416614101,5.0
-4.492390174295866,-2.5894994040281105,-0.1940490663993515,-0.4468208183934574,-1.0187010636076705,-0.07792223612212275,-1.5777324694422037,-0.7583326141278242,-0.2919688371503632,0.18359473194749998,1.0003578033616523,5.0
0.10573986245215836,1.8925137182099936,-0.38229860351131967,-1.413288320136013,0.19601632127518848,-0.23533837280950415,-1.063143421855205,3.3770778627070674,-0.395129982541489,-1.153575136457282,-0.5530479731111021,2.0
5.329815364804102,-0.7710972216471806,1.1888722763391537,-1.6353209681210632,-0.47369741223761436,-1.1619596608718108,-0.6586194003067273,0.18613161455397514,-0.17915611284478627,-0.13241485303630474,0.03975129446811735,3.0
-4.666920336658012,-1.3855822126583244,0.0853114710593568,-0.21488586173785137,-1.1856261456373094,-0.34224462757187907,-0.968023335223059,-0.35776540968339154,0.49761326423368113,-0.39625446672964987,-0.20629199149311792,5.0
4.24098994133819,-5.764896220294297,0.4481900795960686,1.5050033012609574,-0.5621294681327468,0.13228102405236378,-0.15162178285474284,1.1714000816404746,-0.6826110149814694,-0.08038458359151525,-0.09685065918319283,4.0
-0.1236045990964211,-4.2606799284761445,-0.5823539994609215,1.2083603589755159,-0.0989592624037992,-1.0952365011954608,0.5110057952593373,-0.6052108230989973,-0.029291049187127556,-0.09018533664362569,0.006489482242682396,3.0
5.6133282180656225,1.3370768434417242,1.0371304166844872,-0.5071362085791487,-0.8849951981039413,0.4719174106577725,-1.200193608549882,-0.15054079681659335,-0.3008189593592954,-0.3848501266053928,-0.40291027452236816,2.0
-4.477872180218176,4.336033165092642,0.5668375525210314,-0.1467572036695728,-3.5934408733039036,-2.0828035101673033,0.419544527459339,0.5073636832556562,0.9494645387284844,0.010748264998486863,-0.10720390133766258,4.0
2.259112411474711,0.8726931531977304,0.26021015826951877,-0.420225578883489,-0.40798911091183687,1.190266780272436,-0.14304413686412845,-0.7579084839600488,-0.2965767011605609,-0.06857768244037908,0.33248382563405027,2.0
2.7762395400258773,0.7342847200564004,2.382031410773578,-0.4137434119870221,-0.3033566071052847,-1.5345111190189604,1.1441780207999386,0.04271570127344883,0.6739375111576825,0.3615810655558765,-0.31214681946383505,1.0
3.288632148461087,2.411694617868002,-1.143159147276892,-4.706476675205987,0.7385123352765525,-1.2134681295685612,-0.0037013354828024266,0.6736287644715233,-0.023986923421884482,-0.2985545277530116,0.032741605015656254,0.0
-3.4331152262220166,2.8138600870796355,1.7495222365723457,-0.9866967913435476,-0.696564579401155,1.6147686936383074,0.6307835933855271,0.7400860682468459,0.9176017593555117,-0.1627383355177471,0.5753377714040756,2.0
-4.416355945621516,-3.6561587660629478,1.210948078168291,-0.23004223983948843,2.224942449353127,0.7210944750129503,-0.7838474426352796,-0.09646546551141162,-0.07133254532942603,-0.06651709980980583,-0.16850305736650753,3.0
4.36956546873835,-2.908827254151345,-4.654029223107759,3.817663570502154,-1.3174531040386723,4.314925645424324,1.0624920876250132,-0.5346420278682986,1.1265539997590688,0.6763752735940047,0.9901755543454652,0.0
4.820066657731063,-1.6053632958565147,0.7529549185793097,-0.8616049549560096,-0.8515731696146844,0.6891607955537028,-0.2057701024789823,0.07294734636202262,0.021173425595479366,0.8321961664500155,-0.11692480326736862,3.0
-2.5063745899850876,1.5233144268550156,-0.23527555725320679,0.5086334923863076,-3.2063403900840903,-1.9066922048941193,0.01667630096036335,-0.28100953429945513,-0.03642228491761342,-0.29785507966128455,0.2791573975331024,4.0
-3.889548029524995,-2.737127490158036,1.0316127052227444,-0.6606035066440137,1.5329802780501436,1.099700468939192,-0.9373135337406374,0.6966849215155461,-1.3554946864203496,0.6108836411033144,0.43401037239064866,5.0
3.1249339696457454,-4.074918009580117,0.20828373576458384,-2.177519938599864,0.12787269124201833,-0.1847148034337963,-0.24407621922434591,0.1437002550713337,0.41367911886658626,-0.2931132454072625,0.3320335933175192,3.0
-0.24673374346320917,5.910084651250683,-1.530258003941757,-1.528150192706589,2.7022143842999187,-1.630515308407472,-1.0534798539157524,-0.8068857968922237,0.1734734416051644,0.14680324505625764,0.22512791692391765,1.0
-0.8606359351904567,-3.4927615238543672,-0.16074174014737697,1.3946316214337333,0.27821206818634997,-0.03092166911465193,-0.3560946811466387,0.9897781553053756,-0.891522167653842,2.020713189945275,-0.11357247051993412,5.0
2.6421091808228354,-1.153422625145839,0.8376806306240696,-1.6655487052663422,0.838350164946738,-0.5788665490825434,0.280811022329027,-0.44063993524836115,-0.3257760653738766,0.360598779621825,-0.1951918457956873,3.0
-2.8102871537726126,-3.1035548514601263,2.1983622018373095,-0.3607653902724835,1.256091790106937,0.21830188571567588,-0.6533712889214652,-0.6472288360962016,0.3787336912711547,-0.7491605320821292,-0.6819280526632004,5.0
-0.13828206395888298,-3.0564969817276277,0.1380696741466226,1.0726603141353246,1.4128958071057205,0.3192649991066289,-0.2624140184211319,-0.5435379866921412,0.87544359622992,-0.24828301525690571,0.3514296903577616,0.0
-6.974010805869534,-1.195051927331184,-0.6695026917011778,-0.9325153919506328,0.33289375366398044,-0.06931425570610351,-0.7201443970957934,-0.6589945198037984,-0.4596779479778454,0.5211796777931645,0.7345764513556928,2.0
5.73073187261135,0.7225542094886834,-0.11451582185172418,-0.2937314836466015,0.5412005917028249,0.1553894117829751,-0.13285455732512655,-0.13176694537806077,-0.05709593768579502,0.14955892102792712,0.02608816285068733,4.0
2.4481628525441637,2.5608337301841506,1.2624812474839928,-0.1440464089024787,-0.924738116192387,1.6421338615128211,0.01830108769199596,-0.6413963229274726,0.26859384181978946,-0.16054733748631217,0.2691357168987456,2.0
-6.753129900230187,0.8295504433637414,-2.462711006947068,1.2961789629872755,-1.1848127999895357,-1.1073616224185938,0.9381785095244418,-0.2757588887684415,0.829675998655671,-0.4489273194242837,-1.022264107123163,4.0
1.930694581229383,-1.0322897529034838,-0.843762623634657,-2.3036373598177695,-1.2457484432291057,-2.334590709073048,0.5488735371833228,0.12075605608439048,-0.22621465680270977,0.27458524746497787,-0.35532333425332685,3.0
4.3994201910484225,0.09778791902231292,-1.0299025130362716,0.2961860897929722,1.6956808643206818,0.21778718159593025,-0.29596098404876925,-0.3719133487477894,0.387078516189177,0.14097910272734077,0.30066875574358853,4.0
2.9246280596467233,0.19886875228824807,-0.22459172532409805,-1.2055547552058696,1.198612391030056,-0.0061805126542970115,0.1784130385883085,-0.3046078536591251,0.9209846964179342,-0.12123764515627843,-0.16425868258076295,2.0
-4.645475830635558,-1.261691274351361,-0.03546076642805921,-0.041250764766600535,-0.1653582787107804,0.5878077768593369,2.537878828558481,-0.4703450262158328,-0.6273044004044807,-0.4422342191590227,-0.6577978197411843,2.0
2.33862922584437,-2.967116183527625,-0.8641760151639748,0.9519117284874085,0.19259061893425578,0.6248361141916215,1.6346115275672508,-0.5459223814196424,-0.30450572926749325,0.12020527413109344,0.014589758957431344,3.0
-1.2402727150453385,2.6843511175013677,2.9649971770354875,-0.9535245608272221,0.38081389256162945,2.216158898270387,-0.9126507953627678,0.4719289604389259,-0.42414170426823605,-0.7437514706681995,-0.40015822898475667,3.0
0.5926126929951027,0.894772795811851,0.2731378682547419,0.8619658913255372,-0.7446956943880918,2.178033757657639,-0.03965864671328294,-0.11190627724395474,-0.6799863499472779,0.2149529378824024,0.024236310509317346,3.0
-0.8328038303012157,2.515753187625456,2.0332432375079184,0.8827300455018653,-1.0343490252788732,-1.117168182037427,-1.3357416869652206,-0.5097484932416105,-1.1634232479638635,0.11334060583730504,0.3127177722185605,2.0
1.806591242755727,-4.374332025646454,0.2677417799873431,-0.5067905074924796,-1.5397168635819436,-1.0376703466258508,-0.2279688828704065,-0.8789859875384132,0.006499742405873037,-0.1418887851009212,0.05770459348334471,5.0
-6.3454420316868925,-0.19897138042069593,-2.356612304733808,-0.978984081580975,-0.753297211054406,-1.2867723448149604,1.7386596641065246,-0.28886658235616036,-0.23963073143668154,-0.550566398807379,-0.9400454407903659,3.0
-0.5641913001932686,5.80568688361121,-0.09574496290910149,4.823425798567056,0.6456586484588795,-1.1305785594362998,-0.9032914083095858,-0.5370684764297273,-0.14355492318209115,0.05286563539424207,0.2771352351115929,2.0
-0.7156790954073314,-2.183191046924415,0.7403364355001821,0.8658756984713927,-0.631558073744113,-1.0312184496705086,0.22714996343331909,-0.30735993285313656,-0.07067326827827182,-0.5629937491121132,-0.5401182078698914,2.0
4.171090278015496,-1.3868886877573852,-0.5628850310478732,-1.0005454299103453,2.57225578962338,0.7166259200074937,-1.3980600543343482,1.5071055115858254,-0.21588312663388698,-0.4453889639803589,-0.22101170479646948,0.0
-5.989494483155813,-0.15558055866943468,-2.1748082208003843,-1.4574434032191352,-0.03394217000969978,1.6492778604769716,0.008347181317513169,0.2180346804435306,-0.14327518568877148,-0.22181799780708483,0.01654213302720336,4.0
4.433275723231019,-2.828991184964978,2.0056809890630336,-0.31346003372304687,-0.2940103782437707,1.5314904604501847,-0.49191523662140724,-0.3609990433056979,-0.19024864628698163,-0.2344771872213409,0.08467492955056644,3.0
-0.389922028309808,-1.5800281954146236,-0.20689972873712265,-0.1719014026218181,-0.22308443659854327,0.24720306171727582,0.1845026830349767,-0.7874644327771245,-0.12368976093827648,-0.41785283833843984,-0.3588353013994198,4.0
3.0117220930346464,-0.4527040477775617,-0.5684903843308765,0.40564085678641676,-2.9922890385161725,1.3013699461008619,-2.2245697972762937,1.5263470510106303,-0.08695128318781463,1.1021541264623473,-2.0176975909012542,1.0
3.9678794677529297,5.478085361226169,-2.1205326407105796,-2.108466945424401,1.1987819776320923,-0.5800898225193383,0.41329093233860864,0.2682915524538686,-0.39658923502669174,0.44367458200286036,0.08503834509201882,4.0
-0.7956257669976198,-0.09415142320880121,0.7692827053562993,-0.2632867715326226,1.4312579168612798,1.0782879752959857,-1.301702668036709,-0.8208410188978836,0.431042991925207,-0.22142541327730633,0.055198556548948535,2.0
-1.5425655799802642,-1.6504552162218211,-0.5415050308464185,-0.9756318866101463,-0.004400785234097257,-0.6441180426666524,-1.2154481603521925,0.16463748895853686,-0.500876282940757,-0.08660609068787423,0.7260265264087996,2.0
4.159493865558273,0.03462025983605346,0.15840232071581758,-1.2555784058892658,0.17800419839369613,-0.25182278256596774,0.5662842432288057,-0.6664680097767518,-0.169688757340672,0.12507420151992324,-0.09034847952689246,1.0
-1.2499790903784453,-1.788841897519903,-3.130826260411166,-0.5374346923952934,0.8958791136513322,1.4952857887661293,-0.49487176754883644,-0.24966134460009448,0.21646548640101604,0.0883491379119918,0.23418538278218032,2.0
-5.877766563462789,-0.9292010017348041,-1.992844158529005,-0.5352399763417494,-2.0678817901111,0.31453653025586914,-0.4950024790353248,1.0230537591510382,0.0570599998300895,0.9800850377397384,1.9955303448261463,5.0
0.8791331070241872,-1.4760750975335113,-1.338136783166892,0.8980075610792378,2.1739300897104004,1.1570109893700755,-0.7944106920118457,1.0997212396109808,-0.4303783828372294,0.3217194501289318,0.41889682304776366,0.0
-0.8674208213155084,3.730349550067433,0.4547775534226644,0.5768796555528847,-1.7996134744790357,1.210369783889537,0.1549800566117057,-0.8765389650985177,-0.509542825377388,-0.13981892610077135,-0.07411724750098739,1.0
-1.631392249347735,6.443507966867677,1.1167580962148285,1.10267526045543,0.52131385901226,2.450566969443778,-0.2470033763838616,-0.4971582125083986,-0.3835874131410785,0.08596659096503313,0.0377189980928888,1.0
-2.5248150574182615,2.887167415868133,0.14197989572746278,-0.21674112905384177,-0.15225607075529943,-1.0078470039719665,-1.2057228978610346,-0.19746785462948394,-0.6337954828429107,-0.5240171830104141,-0.35272997152639396,3.0
3.116560565991851,-1.3508193464051919,-1.1066641466759748,-3.514566236357777,-0.3878811947864489,-1.2358804303200395,-0.5221935126689382,-0.23731545348093397,0.18229609043727624,0.9228225108057664,0.6817404984532143,3.0
-5.825079056844502,-0.7632093942364729,-0.27009139701924406,-1.478217330402436,0.00785921422526568,-0.673491771299005,2.199539144358574,-0.29439601170927704,0.8316511618634547,-0.354772603843015,-0.6059836057700665,4.0
-3.598804924815427,5.228068557337859,2.6433297615715414,0.019779056534317715,-2.4436268421942837,-2.0162622694174717,-0.5174401595675419,-1.1007943290695006,-0.6537946617718225,-0.2717033431806496,-0.3984755010619554,5.0
-2.0995119377678524,-0.5480808037962468,2.8633949500993814,0.475129042135057,-0.2945835409412438,-1.099619647819356,0.2554178424273638,1.1473698326342194,0.12496892203878979,-0.21276240423375492,0.2558403895031614,5.0
-3.9672269696035345,-2.469464927046294,1.4688546789254586,-0.9483656955473403,0.8352997207390407,0.16318129942967066,-0.5533034897471705,0.13129663225643917,-0.612822696242924,0.2301512935506419,0.546504916431435,5.0
-2.7338615799256347,-1.3330083383941969,1.9568028999444007,-0.5123463693811475,-0.22927062654573815,0.7423817901462124,-0.15631965186370472,-0.6524594835477677,-0.807281778863639,0.9047448580544553,0.8070486548418364,4.0
-1.6638313055935758,-0.05490531786651406,4.869943601436589,0.18885348648851627,0.8739371160718233,-1.0609391051895136,-0.8263879909651461,1.3177576511725089,0.8093708692041282,0.8751880074595518,-0.9941647507110064,5.0
-5.425755273849925,-2.4025399387336304,0.5803275718820059,-0.30005848679767244,-0.08295505092835867,-0.1687390117571549,1.1907334872486128,-1.0761032454967245,-0.2533592095368782,0.4455031152793789,-0.4510453870338505,5.0
0.5091055865154241,1.8113572348617453,-1.8672561731798207,6.3152832957247345,1.6200387146733493,-2.3179452942547556,-0.8133257246762507,0.16544728976230555,-0.4114091924866245,0.049303198314109946,0.19568115770897215,0.0
2.808421497445304,-4.277298000029538,0.7306907540154144,1.4790061237213277,1.9745688463349438,-1.4015713956238405,0.8404470265807508,0.7000441416361638,1.54802009855779,-0.02959557490811649,0.487597094043441,5.0
2.46031376709635,0.4649587589209479,0.3634021359658052,3.3826355740040026,0.24576853021848613,0.07901889143045003,-0.231676512134037,-0.35497927781260874,-0.35235589238913106,-0.016029071248484007,0.14650919628095146,3.0
-2.6697898357716117,4.757449702368522,2.9452831383924796,-0.08489016375937093,1.2603198669426143,1.92298398907353,-1.121659005972045,0.01981328941920415,-0.8525803121957227,-0.3213879463084388,0.027470136242504876,4.0
5.975361186109632,-0.30086002123776595,-0.5878458699734748,0.4194243964978664,-0.8086562957073585,0.2240928084585858,-0.12189391867981893,-0.8676139655086996,0.20454966789151005,-0.19746814133916488,0.1969813673130586,0.0
-1.174132984621247,-2.1285587836771716,0.6997475485588722,0.029157364992643698,-1.8318978504612304,-0.6510161521996519,-0.21205178192502197,0.4319513611579973,0.2172133434958941,-0.28517857566210336,0.09959561876643355,5.0
1.7356808531699301,-5.045428881030791,2.098144068189982,0.08104512982311575,-1.1854278090426575,-0.28764524706558836,1.695952526732536,-0.5531536526422332,-0.5319445518444027,-0.3246599708814096,-0.0576070370884206,3.0
-4.121458104274433,-2.8757687620129877,-0.9638764453861239,-1.7629338631212044,-0.5931430905169218,-0.6936912710438065,0.5500955960264614,-1.1757388325750195,0.36247153354408274,1.570843880772725,-0.48533135254591236,5.0
-0.46987311795130665,6.458976586340196,-0.06522724199502068,1.644205293227102,-1.4859469836716435,1.2789154750323986,-0.2951024164495049,-0.766998779403401,-0.2744514939538047,-0.3275586656191861,-0.307377000563924,1.0
0.810748634867921,-2.922267589660523,-0.29305991424713873,-0.45184660004177263,-0.30216760624907785,1.2743600987581334,-0.1466552339190367,-0.47003117892312063,0.35014402932251637,1.2414013524563023,0.07670235942912117,5.0
3.7068088049392753,4.3473786918478305,-2.4595126260982205,-0.2289167041938909,1.7699260599430242,-1.1242956860104678,0.7729208826814267,-0.4632919057137783,-0.15650377696977252,0.2731374351528764,0.3331767241605739,2.0
4.208264789572725,-0.1975180013274409,-0.03823563236633184,-1.0576248434161128,0.28577153514156534,-0.1325522433159434,-0.3286023369312007,0.17562841062079995,-0.4846250639343859,-0.47395305433928997,-0.5205122935974594,2.0
-1.3849037951867256,-3.2077009856364067,-0.29751712663239444,1.6592219513958608,3.0653173793953177,-0.3631807226290693,0.3124949487599472,2.8880808289667774,0.5002956863451345,-0.038016205142200304,0.4344076169551199,2.0
0.11060407591325509,-4.565399744865601,1.7390142206421726,-1.263586157009769,0.06681487305369196,-0.8052248011646262,-0.04003241096577109,0.4377670344687102,0.5365583443727477,0.22214938677830576,0.3549036020166229,5.0
0.771738657268351,2.2709594719952513,-0.47707798660525047,1.2892785137812421,1.2552589644857401,-0.06675374445991507,0.15174489930253113,0.14200012520633848,-0.1395324613809015,-0.04086190420529906,0.27414801130318495,2.0
-1.1269494020081618,1.4202316768942802,-1.7043061426958162,-0.5552986929633249,-0.03587536195269896,-0.22737277696480873,-0.15138475087156603,0.562155967515629,-0.9021946095543404,0.004318494605087709,0.12711333079684287,2.0
1.4537384925554004,1.6169148961217723,-2.3473795324655296,0.8043949951789662,1.019188984453178,-0.8189708120577887,0.5425248357827603,-0.2336462105235006,0.3357743311861843,0.2977794448719453,0.03844027934205761,3.0
-7.396125133226889,-1.231525822856466,-1.0741784320197785,0.5581445239086699,1.6547599470188512,-0.07414263449901759,0.2191833842248446,-0.4228974342536253,-0.49928365050970946,0.23700974649537615,-0.6303321367650135,4.0
0.1913612890042397,3.081208422993952,-0.32436415554127906,1.1553158836110917,0.047416152493519236,-0.5126270927537379,-1.3653588338301428,-1.4924089985345634,0.355399492117019,-0.40232375352587274,0.10447340317774471,4.0
-2.7979005068261964,2.5632165825262674,4.220732165493782,-0.014060144103140024,-0.7237148046991874,-1.4405998387383085,-0.19814723467817888,-0.7638676047307192,0.15276963601837368,0.6577114419635389,0.5745877499842922,3.0
-3.252180172483678,-0.9956232232754156,-3.3226338709956416,-1.7872928957256051,3.979760727784291,-1.9021928972141817,-0.5204494087616308,-0.9110915458224923,0.605166889093878,0.7701681531362304,0.4236349882231049,4.0
-4.639532595646664,-3.0950823491625803,1.2141306305011206,-0.5228085932545168,0.5906355782613226,0.17813343933993933,-0.7050122240882506,0.2589511813682625,0.4830322259413349,0.5805677747703605,0.8073764594317433,5.0
0.0018150108839299374,-4.6069219580869865,-0.08517906312403938,0.2746929882824038,-0.3496406734040648,1.0879518168317843,-0.36635224495436636,0.46608035172911033,-0.42981594208031165,0.2514567351022548,0.031903215974905,4.0
0.7002879490942151,2.9954811929453635,0.619956183179366,0.5838831784602453,2.713897486015348,0.04801743224650191,2.694592804859422,-0.3916514916061075,-0.991133781610699,0.09073392659051001,-0.2205216652626451,2.0
4.322826813266829,-0.2457034461927875,-0.13547169027787356,1.8743461343535643,1.2477558628446315,0.8612191779327794,0.1766828820692759,0.1407011226917685,-0.04632651468345275,0.06110094225582302,0.04857871132492812,2.0
2.0767594966787284,-1.9218328414128214,-0.17677747655964743,-0.9469385393965921,-2.0156405872650507,2.09515052811814,-0.44933247305293067,-0.9663213599783783,0.4611231878456856,-0.48229532281273707,-0.3096951222642645,1.0
-1.2024858742271711,4.3196841291123915,0.8552805057251095,0.8987567305461095,-1.5056530409860156,1.0068299531755913,-0.5105781253458781,0.7067566719279537,1.4537749792234853,1.5853964610885531,0.08684173499846833,5.0
-3.8274621737723726,-1.7184231264427943,0.46310944258767067,-0.8154119375155783,-0.1582657868297482,2.2357123399576544,0.8411250558517278,-0.4243039605928107,-0.2875945116260055,0.01980835300583398,0.19618912385085702,3.0
0.7199954578919796,1.1718262323836393,4.712409880842842,-0.1880520653035738,0.6920772509036603,1.728849704520251,0.38010473912709686,-1.0146422182371613,1.2876812469820624,-0.28788213139173635,0.05216809213461919,3.0
-0.8100898413109856,5.281697548198586,0.2474542303188147,0.6459289836878886,-1.0041950087619436,0.020105384268218732,0.029240812709842152,-0.23150492994483074,-0.9793940742955154,0.15954747176603637,-0.33496229456472826,4.0
-1.4365014526067297,-4.144065240588426,0.305671326972163,-0.32065411366035684,2.447708276223467,-0.8933454356111867,0.16077572905552762,0.019360510317827463,-0.12518473475535613,0.6036448047084946,0.16890181732481654,5.0
4.941025690019872,-2.861944806261463,1.7376018666420592,1.5980733478993479,0.7950420025862907,1.8205335150483961,-0.9912374255050677,-0.452433415008361,0.3654746921106213,-0.49245213390951426,0.022256812071218438,5.0
0.4368756559319261,-3.605566080317242,1.459299406258045,0.09263505003000269,-1.707108904243514,-0.3784546260536441,-1.0922633862844553,-0.589877723583982,-0.04959331965125692,1.9266913689577776,-1.4801374124856501,0.0
0.9304958650704475,2.0944886182402698,-1.7732507036093597,0.00809603796799333,1.8433071147058397,0.15717032115657906,0.11235792639231201,1.5052580721266169,-0.8996031345030475,0.08842184749842678,0.27271729260526617,5.0
-5.919204659814619,0.30200310841311734,-3.4931688376958974,-2.4248049762174624,-1.3864907873621948,-1.7762859534231643,1.269891593255923,-0.4330653228448447,0.08238575592141223,0.044364844235001234,-0.5218078271967622,5.0
-1.070790560762567,-3.8500286260446126,1.203624199355253,1.7101741161177226,1.9088625311459881,-0.13161470584358648,-0.4812873740047423,0.5929764023908812,-0.23114766183281632,0.5849433405944512,0.7786341564019689,2.0
-5.369844862177274,-0.6447173443386462,-2.5983256859547743,-0.42650418964984854,-3.0084809159207087,-0.7675253332368287,0.14145815748045323,0.4286785174975702,-0.5511066807877215,-0.6072525534035534,-0.20090433719219897,2.0
-3.5905208861946702,-0.8910074763937316,3.139201306975282,-0.572426317153112,1.2307438252224818,-0.2027122514816277,-0.7237603515108003,-0.4054456011932648,-0.4791094845071161,0.19437092522070817,0.6879509634455404,5.0
-2.4453816654555567,-2.4498920797131083,0.5519660634048493,-0.6734869874834617,1.7299070427456662,2.289342966881144,-0.2945860984269215,0.736727427858802,0.13276705008782688,-0.44189917368724585,-0.05947267994122825,5.0
-2.5160932153345823,4.809067526081815,3.5806845942764314,-0.6562686824407402,1.1291643602528667,1.761279365801957,-0.4052115391649192,0.7872159192792839,-0.03076119428573868,-0.13274462817604987,0.5673886897412884,4.0
-3.0528436891521924,-2.126934941677322,-1.8500748883222058,0.14320772236373586,-0.8528893730709255,1.473244486106265,1.544915693007288,0.14426701622429972,-0.37968367262697017,0.2122607359540551,-0.39731937414289015,2.0
-1.9571529494426896,-3.5914060614240224,0.14803914634117002,0.967376853362255,1.0629819755346892,-0.5787318868187388,-0.19042005820273608,1.162878217241824,-0.23158059007669965,-0.08722361297531413,0.03465644804958447,4.0
4.3891978774239595,-5.2762935167296385,-0.23372147389344983,-0.8018501860012047,-3.1212290517203622,0.5434265308221742,-0.5778758997120923,2.2745568260970277,-0.9971609936665674,0.08902250232603437,0.626379895755494,2.0
-6.703331966252172,-1.118443756615245,-0.5477675762605019,1.9771250539824736,2.987800666547626,0.33149443961866915,0.5726942948927974,0.005629923761832708,-0.5948840671134761,-0.3360082102228322,-0.45024022444243084,5.0
-0.8787418944326355,-2.9691896691297446,0.9142273670641283,-0.5694014767077628,0.09563441183380783,-0.4769567139133195,0.26551530151412567,-1.1253548406306892,0.06748661914031502,0.058862540920594175,0.1028963736745102,3.0
0.20060639907908343,-1.4409010813688343,2.9522369570141627,-1.106273227635297,0.4642445433195442,0.15072678825487076,0.17976684663082704,1.7141683119114035,-0.2614959144324721,-0.18345330947290886,-0.1373070462171614,5.0
-5.214198793859223,0.9225684659787999,-2.9547840750375127,-0.6891693768081549,-1.6229779701904339,2.812053802875056,-0.0063133633503883015,1.3932313813866954,-0.2180386351011206,0.16654428899967622,-0.7861400739394189,5.0
-4.041146395804198,-2.6877103048578865,0.36803442959733346,-0.11510830412347166,-0.2707469727150798,0.12633278877892445,-0.43441570958490916,1.498702481132786,0.11212695674962068,-0.05116523597436033,-0.15125172675272108,5.0
1.643513806429285,3.6194970658172543,0.8157364002178676,2.0723221776112304,-0.8330498803358142,0.9723816324589465,1.3988452327659542,-0.3489167040120285,-0.593052998300188,-0.1457573418519364,-0.08391801556768859,3.0
-3.737464701407581,-2.3557869220638703,-1.6573426751394913,2.8659022813034554,3.013566428630467,1.8041495034126973,-0.3773860083023799,0.2882644531287569,-0.07699836640219422,0.08661833568584679,0.179210187888959,5.0
4.845013513362614,0.03581087423569107,-1.756230924517586,-1.4466238676579224,1.0912245375502403,0.37261525193249756,0.10790808569380742,-0.6600076003841996,0.38010429544630275,0.23317744551078212,-0.20655698262059685,2.0
6.844129295086416,-2.0372714347897647,0.5048082957050948,1.0352371769892244,-3.9344737976615516,0.07639166486194808,-0.3405257287179559,-0.4183649002532044,0.4074634644255715,-0.40926838325669584,0.26962276242510763,0.0
-3.1698549775646656,-1.840540788386641,0.4240841551104699,1.9369720833152873,0.8792833766608587,-0.7820826224539887,0.3002652375354809,-0.245995698457184,0.4986722454970374,1.0125562867041937,-1.7322067284520575,4.0
-0.03024045864604095,6.188306264239879,0.6025632695752676,-1.1350643978564057,-1.4998157526751643,0.38984036017882084,-0.44836002156406274,0.5482050507536559,0.348651811946323,-0.35020251161499266,0.29816282390797316,3.0
4.376855080371041,-2.4659958371788373,1.0326205421916068,-0.07822504854773725,1.8601062802255486,-0.9471730473145555,1.8069994508097251,-0.6370993668782787,-0.5834595894165703,-0.11072822168149765,-0.43867766678840237,3.0
3.427307174525318,3.726729282985871,-1.5093815651586457,-3.294592035803297,0.30610248899895576,0.3424948211682578,-0.5458054420473409,0.3608874361568034,-0.6226195692906017,0.18284652798593,0.6681137605519245,0.0
1.6589885421841208,-0.4170787906130835,3.121307542510651,1.0096288538101252,-1.489930073768355,-1.1565738412704827,-1.1292138760264683,0.03941793260235588,-0.5548233720774965,-0.0014132405384791149,0.967297471365265,4.0
-4.139820912932296,-2.398683222191768,-1.4210047327644038,0.2292144846270357,-1.6548405125965011,-0.4427771424466753,-0.026129101024124815,0.4117644416087609,-1.1864525965570474,-0.37210830570098563,0.049578958950540784,2.0
4.1819805469382985,4.474922297306985,1.805298438837099,-0.7388593215097519,-1.0786178286621348,1.1846448912665442,0.1406513324363592,-0.09543920444514048,1.1099420453478916,-0.11706113989713442,0.016933315741275042,2.0
3.911944108738802,0.6281506788912028,-1.3692558537026438,-2.5225125635761225,-2.1645000829946404,-0.5415091762391837,-0.38751433587211476,-0.3630525488424491,-0.09750074378740067,-0.037743741086845944,-0.002266771428213468,2.0
-1.6527231997340515,2.492772688395391,-0.8141150136029309,0.1699574568823764,-2.392061164908107,1.545653287021883,-0.0360470360465339,0.22406110453219974,-1.0645498715352169,0.06048132121092675,0.5430115266959135,1.0
-1.114086484301066,4.64120293538925,0.5584826908769345,-0.802824763754528,1.1303773806861934,1.3674908562895554,-0.11948579758399545,0.20911913729070963,-0.5212973618801688,-0.07820325151642007,-0.09088154360084293,1.0
1.9032773885604768,0.38035899372843845,-0.6337618955152361,-1.2505019114871272,0.23686933097488622,-1.2080334931085344,2.2161550255877964,-0.061841460084757056,0.05719116736312349,0.20434778915742943,0.24946163288156759,2.0
-5.170644471734531,0.6405665823747692,-1.6750953039938627,-1.3814476870091363,-0.7768213601733088,0.6830444305878389,0.464870928532633,-0.05513257870215377,0.3210718575965982,-0.2440780268237604,0.0657510768555898,4.0
0.013412300622827625,-5.107046766555867,1.1051825661738117,0.5117028101009463,1.0045414942863728,0.9103107394812114,-0.4421027444324055,1.192502326071654,-0.7236964250570146,-0.09297185560133776,-0.049986373376149626,3.0
-3.9671904345839604,-1.1551628721793268,-1.6202402358498313,-0.12828059609353507,-1.634553097886367,0.7306047146430774,-0.8913429585902453,1.5306832994388855,0.5675574748957075,0.48179480299743654,0.2859609216307311,5.0
0.4241397208905187,-0.773475248780324,3.337199496338375,-0.48035343558181687,-0.23869413458719627,0.8749138534390566,0.16094019581023963,1.5335327564531822,0.4935814488209174,-0.0910158961596216,-0.24445715626903705,4.0
3.0965750323231,-0.4415159275534023,2.989798117753665,-0.8348227375031082,-0.05283544541912161,1.7266465444108672,0.08503065816963398,0.7769917092296602,-0.5522115932653117,-0.36916255762639094,0.00329259751463449,2.0
1.4202450526021326,-0.14341029906160324,1.6592360307266714,0.9509482528299356,-0.31830869164979014,1.1446454408741136,-1.0517375472074009,-0.1064299479317513,-0.6357701743877844,-0.34871019463020464,0.15951811536988442,3.0
-6.383638781059663,-1.992226048755911,0.4231811028847407,-0.3378033586255838,0.21345873893326847,-0.2312556206161741,1.3081443795673366,1.245598479684887,1.4233789679106632,0.3142889524403453,0.750762979483581,5.0
-1.942965521175012,4.092730668097796,1.5318341706131986,-0.7793092021157672,-1.4612236683975623,1.515694001823839,0.7833424730849832,0.19339489763290973,-1.1405146777956048,0.01876310858439071,0.13555806045486107,3.0
-3.7917157580418577,-0.771788001436738,-2.053526824669456,-2.5543408246848145,1.2475690006975,2.0714983883467237,-0.25714028405497136,0.23762693675000623,0.08044006663493417,0.28219087157630296,0.20088099786602434,3.0
-1.0374277448766607,-3.5107159625965627,-1.8777144274814954,-0.915278303611636,0.8132589959639658,-0.12034399340956825,0.7843748681550617,-0.2780968678674147,1.30691262905354,-0.024081384322287687,0.0914166984638926,3.0
-3.7098538755369628,3.593238009320756,4.256461042980337,0.19136615016875397,1.2197151972301519,0.2369037953662283,0.8853734541719047,0.16721793369185287,1.4281892188092387,0.5594309320080258,0.32583904916981216,4.0
0.28515221103340505,-4.101406674085324,1.6662059446521946,1.6883597210611156,0.4073073499281166,-0.6175915051274993,-0.22260006617819927,-0.6279738321845642,0.17924276174894913,-0.09117923643821899,-0.24565343015290997,3.0
2.6421174107109384,0.24984183456982767,0.9723361786014381,0.5332377690351918,1.007765360753999,-0.14983665640816912,0.17210906972916937,-0.482686256949029,1.2647072668318238,0.17698324520462402,0.37674915302569945,4.0
3.3732415447537276,0.3116738386988653,-1.5503361545003675,0.9760380294085018,-1.4426389518939582,0.0015281460279741217,0.31574314935676656,-0.65493883070917,-0.29930232214416463,0.10917112938174026,0.21121392300017258,1.0
0.3345773596640634,-1.3797707413554137,1.1163421812590406,2.0271894656948684,0.9754437597818182,-1.3044349803386928,0.07462604014767561,-0.6573032253085989,-0.46373077707812455,-0.11597901348365491,0.08318818912415701,2.0
7.97831827752795,0.009464177193977455,-1.565750210999841,-0.0653983017036217,-0.7081648273658023,-0.9413875620082846,-0.3078159954539043,0.2277731015522199,-0.6361844883622234,0.012918559819694142,0.18471490194971188,0.0
-0.1305615644971996,-4.318211628999901,-0.08960801753403674,1.8239216139820273,-0.3702032723115985,-0.8849021601797809,-0.15986485144205612,0.5818713496123977,-1.0713830196282956,-0.6492892588655619,-0.31460310505445943,2.0
-1.8167448879226873,2.861155493076731,-0.02931076462999498,0.5989692784094669,-2.3524742432474324,0.2940189514344022,0.34959798713558454,0.10660381328777804,-0.20047747366468602,-0.03338983514571303,0.4444116532083186,5.0
2.1829089316127406,-3.0168586887540227,-1.3510816472647378,-2.8693231723442105,0.5416210026848671,-2.4191605310671687,-0.0911193456070344,-0.16107976279509764,0.7994131830584796,-0.3228907276752988,-0.26276174006001923,2.0
6.836953784197021,-2.619592547685753,-1.1226557209077526,-0.48551085308553743,-1.4632889142358994,-1.494271886982178,-0.9320362567694056,0.2575088135086261,0.528926151269594,-0.6795925194708412,-0.5198364907527178,2.0
-5.534445387227042,-0.4523870730434133,-1.9753568157377182,1.1756175598797403,0.38908166885728124,-0.38505509836474594,-0.2219577675357745,0.8150919489641225,-0.3618526656464341,-0.42803399020616145,-0.13767680460106804,5.0
0.7651832846117098,-3.359175132501056,1.531746090523386,2.101115611878957,1.569329053723321,0.8509379448262102,2.1470674659609896,0.07349380127216956,-0.9689913766314104,0.0719787917558607,-0.2491293652794642,1.0
1.6024305581588607,-4.831737365176148,2.484835863388215,0.11262541574259737,0.5172291103781006,-0.06468314291144658,1.7722724812077124,-1.004744118112444,-0.901370849765854,0.07962980735390145,0.31291764525104593,2.0
-0.2966171964765459,4.895202971323722,-1.9607757105071388,-0.8601938592551112,-0.5206248162001502,1.4100762333229513,-0.6709291387717596,0.16071700737387068,-0.31094928450245907,-0.38151364716706615,-0.00532705920529742,2.0
4.248701195220047,1.0434727827088983,-2.2616067011139602,0.9726823684482551,1.1568347093986802,0.01704671526760032,-0.19596530739061604,0.5633295019696726,0.15184711626402408,-0.06570511157485352,-0.031141349145080197,0.0
4.105858827692699,-1.0245458938798606,-2.105229298693344,2.3702674725288864,0.07121673150557707,-0.33828157287501376,-1.0783348853356303,1.6101910229088208,-0.5901199862073463,-0.40958705422371233,-0.46573833807646636,0.0
2.2962915349565116,2.5049935725809007,3.083432121195175,-0.4632362575280793,-1.066385398782745,2.5882694022733324,0.5900860786993364,-0.5843076322374049,-0.09398923771611936,-0.19857437677640777,-0.34129194868024476,3.0
1.684466338403806,0.11760242408163195,0.39698730172970575,1.7850362421327703,-0.4029177264725908,0.2848236041735152,-1.1039608160746137,-0.08065502922356757,0.2840509446815938,-0.4980219692339522,0.062434987676103886,2.0
-3.5021795175178747,-0.6147358168167033,2.381514178971023,-1.004168607126714,2.7374445086805714,-0.4974210668199284,2.2575102517185304,-0.9334275524397374,-0.09775869596971797,-0.42005645024344884,-0.20342410932573554,2.0
-3.044535393975871,2.2246041463361688,0.8813738323524841,5.009223410662042,4.420405302539629,-1.0251032535859161,-0.9567084039705144,0.0438221253986193,-0.4216677261011207,-0.08808161160565833,-0.06873727455807169,5.0
4.152523455270751,-3.2000702538355474,-3.9062961988324343,2.9296356121861313,0.6268319797501712,0.2122291237891067,-0.2456588184707403,-1.0916980765073943,1.4782976207625445,0.7239319984373591,1.0011566993843592,0.0
0.7703539911973445,-0.07695050145515807,1.5725199668796153,2.250133751458505,-0.6782205695350277,-1.6311745289506203,-0.6943392295118543,0.08651582471687724,-0.5136171640579248,0.021414147666857578,-0.15737006386995767,3.0
-1.27575957702771,-0.8812605372468675,-0.4528005198601621,-3.039106624854456,1.0403157979980853,-0.39306493338190324,0.7366031588509239,-0.16733311343275922,0.07331595676571234,2.6612915064380926,-1.567670073805577,5.0
-4.304011334020514,0.42306642245306497,-1.78708567468753,0.6548693435276073,-2.3110518447233326,-0.7110402248518642,0.48098949443898736,0.02691096938475826,-0.8635165315503731,-0.4472498450868649,-0.3498867281381734,1.0
-0.48125290460719844,1.5335208550077621,4.049225141352731,0.5067958187252881,-0.34524716010074047,-0.6899981172939716,-0.5337183127050553,-0.2714948551459696,-0.02389957907895244,0.41348806161996554,0.44557711190410526,4.0
3.8078649854662245,0.5498153061025778,0.015943701882043925,-2.407614491409011,-0.644374877277062,-0.8261834037015092,0.5400768428552329,0.04951352006754022,1.1640210667173008,-0.03583624302093236,0.23241961842319075,2.0
-0.6831277828080181,-0.24659093693453352,-0.022156192422701677,1.7331128417219244,0.9852411530662384,0.11456525397070402,-0.5787247860113082,-0.3958870638465637,0.0848560852895702,-0.46815740441312437,-0.12506195957843672,4.0
6.222416085453963,-0.0654487316616266,-0.48579793320356673,-0.9721835810027049,-2.666536303679193,0.7036829895443999,-0.4967736501478399,0.09043181901793029,0.5620572893128348,-0.30841523886084277,0.5098451578042202,2.0
-0.8760107519922563,4.390187835126245,0.12245247117542402,3.609731231681454,0.7951182099167824,-0.2975660880892512,-1.2201758770533857,-0.7866758083623223,-0.022307919294947586,0.24976204866613066,-0.05208234713995362,2.0
-1.7275648440879028,-3.832522526970599,0.06274265501755887,1.294578321521411,-0.48398756194299425,-0.19951127234944915,-0.05921996008716238,-0.8859957308824087,0.2549093486209327,-0.033341388536201375,-0.25352178240722567,4.0
3.280274072923916,0.4618886612155497,2.6200232093860074,-0.4454792680009383,-0.8508521200725961,0.33703757448680316,0.285968897547855,-0.24523941405259464,0.668036378053342,-0.3050234503749433,-0.2867410052297173,2.0
-7.2034120707683575,-1.1848099111694912,0.3007338902872014,-0.7867175895955109,0.3708791440066809,0.5162375917259944,-0.9843397136835308,-0.6143154049644011,-0.11714221140415801,0.7638936388246106,-0.8341176458638305,5.0
-4.616467947773244,-1.022794885048098,-0.9831713300494245,-0.9521053285700009,-0.5347589145208411,-0.5699680077743178,-0.6170247011376836,-0.3617923402500612,-0.2014694129491075,-0.017648164489974038,0.28865892355120903,5.0
-7.211731991399831,-1.7986402884592347,0.15692727645711524,-0.5332203204597964,0.012972353296056829,0.009950819990547527,1.0515226752102345,-0.4796917774101,0.737226656531422,-0.19697545683235074,-0.7736281434810877,5.0
2.3097192075428175,-0.9766545966832715,-4.859746999952472,5.293820411599265,0.9940013937537397,3.0562389023324594,0.1636003261294917,-0.06640334460005881,1.3616947554998098,0.4151583657044099,0.6632657945630609,0.0
-2.089867982517027,-2.7928951218459765,-0.39342647622441074,-0.44030230547253446,-2.7162770855381657,-0.16612929462266443,0.4925061859392139,-0.20391901915951693,-0.4064746504017924,0.3627568809062012,-0.1859529373676333,5.0
-6.819616039829829,0.10313008682843364,-2.12166619178202,-0.8178059945648979,-2.1385082516419,-0.5908102352345316,-0.37553438758954755,-0.6304849262784249,-0.746838342557398,-0.5195799229787809,-0.7474254033711998,5.0
-4.749461468702707,-3.4398840740554277,1.6989083671553256,-0.36684391983265213,1.9553602603679545,0.27023533594748717,-0.6691250515453734,1.5589990329660293,-0.010721785141733263,-0.34304110599822296,-0.23466366003330386,5.0
4.425406084233124,0.30137201503248456,-3.263277452014399,1.8308118346246898,1.1499221168960254,-0.7199713918802932,0.16224027152649906,1.0696228704830786,-0.36144538945249716,0.16941564428613676,0.05196483427957499,0.0
-1.0630059153196378,-3.647701345534186,-0.8930516136501383,0.44161142227570127,-2.123910606947859,-0.4771343249041695,-0.19741181366620986,0.15495389405823173,0.03602983544956187,-0.08562414060580213,0.4869144514141254,5.0
1.1911580540999316,0.7718028497751078,1.5853570405652007,1.4038677727808417,0.23695370598075388,-0.7042279925004727,-0.41370443316065936,-0.7173983604493227,-0.15696079587366457,0.18954225252437545,0.4321713241506682,2.0
-2.162277448712423,4.210694163143239,1.2372935805590226,3.9838394560439325,1.683122124685834,-1.7208350124854315,-0.826469037989241,-0.6474350233642686,-0.6470249346263212,-0.14608982000263804,0.0024015891993125764,2.0
2.722066254678114,-2.568005338372595,1.3717948762804866,-1.4868583063054337,0.4855738646641807,0.24146980898089432,-1.616034771619019,-0.7248798151892171,0.5184321712334665,-0.5475641654215376,-0.16682516016403842,3.0
-2.8582512371968285,-1.8871428132758739,-0.31025983394330364,0.8464700669873234,0.7820237870859532,1.471124452195466,-1.9521743317731322,-0.8656333313568242,0.09449669204647088,0.4944033160804693,0.9896558287120899,5.0
1.770877635167133,4.000346395167865,-0.6144753264165574,-3.327266510693027,-0.7540527171196201,-1.6407260319059238,0.793005250968104,0.4206184052404906,0.15361251581886745,0.52524718465996,0.29933659105891997,1.0
6.065214755363525,2.4633540630982567,-0.7385016896893298,-1.5623751700588793,2.832522156691777,-1.3174396341911068,2.0375806471732654,-0.3378791639984869,-0.9523149322035764,0.5043325889787788,0.15959498434848543,3.0
3.5280319328379317,-2.9345196224112367,4.152793100394386,0.2920002423712013,1.1374144083091322,-1.4744031170286809,1.3425353701487677,-0.24430202395685335,-1.6039115560176838,0.25410723308864086,-0.08436274931766738,5.0
-1.1330294544764823,-1.8684813962536742,-0.46578307094333093,-0.878048415681088,0.4633929709748072,-1.4117306557409837,-0.22220098151270395,-1.6138175845343539,0.33143088650472535,-0.15202064029405704,0.2740274842771466,5.0
-2.735409737598568,2.6394701709366486,-1.6135589088506257,-0.9830200756371774,-2.4429050678882795,1.5929053577888888,-0.13755860179824603,-0.2990763585243562,-0.3126970371235978,-0.3623856799673045,-0.2704812056182388,4.0
-7.3700623536496215,-0.5306487194827553,-1.5146058287689865,-0.557170594033632,-1.4432352213932584,-0.2389686844852268,-0.2881222220187461,-0.9113025373092436,-0.11864900829595039,-0.10786605312423124,0.206442990596445,5.0
-1.2783254145871275,0.9706444739215667,-1.389995034521939,2.018922223449973,0.16558258760401678,2.3385442302446027,0.7286172430451113,-0.5575824741710087,0.06982584293172975,0.02890025299981962,-0.008219643929869985,1.0
4.0545480805136656,0.8080896119559471,0.13605630666958415,-1.5539637339454728,2.491032334038506,0.2926771440090119,0.03854728131383134,-1.350763792164161,0.34232140937506167,-0.1937597570024555,-0.23078490649568,2.0
0.8418920090256747,-4.837601111433637,0.8446592262429149,-0.2769666244828926,-0.4484099036772317,-0.5962347950873518,0.39365517482664625,-0.24745644302522737,-0.2848023188855882,-0.13645412322721276,0.4253442424188605,5.0
3.4783925097228265,-1.3988338516042322,3.23530251082318,-0.6497334263910735,-1.3786719981363034,1.2636271992663937,-0.9730721346099476,0.6138147647215489,-0.32742774557813686,-0.2761492914478413,-0.4910378043813146,3.0
-3.235779046958303,-3.1520446589030318,0.46621520600534416,-0.7862553141852362,-0.3487213895728108,0.11089965370990879,-0.1307036542927015,-0.3000237070204933,-0.26572467074295214,0.8482924046606489,0.6629951898243708,5.0
4.574168476848925,3.4029841240367893,-1.215996028152647,2.1946854182739925,-0.4655585965106396,-0.21088888613018317,0.33288694315924006,-0.9295209287795776,0.9055379360698481,-0.29571678087388015,-0.21448466948272915,0.0
-6.90645165534321,-0.2073894922367844,-0.7070694412671571,-1.2703301098451718,-0.18889399876207535,1.9516069134458773,-1.665616844834245,-0.9847160869908936,0.33225796944573804,-0.5739144120391169,0.21746163172625668,3.0
-1.8859772912272093,4.857474227772467,-0.43383202006800275,6.6317462169053725,2.7893372761817568,-2.3103553520972357,-0.048020315289660775,-1.5383216125163623,0.7716814066666783,0.2262108261313145,-0.46203409179919774,3.0
3.192082033708098,1.0466203078055232,2.283979537641982,1.907273830982269,-2.651606834699691,-1.4427651367058114,0.6283076816691645,-0.010396825571895071,-0.7387048498956363,1.569463391166845,-0.0797854170850881,2.0
-3.888920073067357,2.1822157376504103,3.6941790682609947,-0.37319459553312767,-0.04506235635114856,-1.1041574153850748,-1.1373830460412133,1.2053369193241246,1.1203640764655718,0.23704239532908045,-0.8035407944277376,5.0
3.849280855236173,-0.8843904057673043,-1.9378640555405753,1.8972687624766111,-1.4664916843370253,-0.8058497166942392,-0.6419992125621714,0.8960248077818173,-0.6735922649529005,-0.06980868708376894,0.15533878735124795,0.0
-2.930896518094716,1.4399165715888764,-0.7192753881024694,1.4646159003267856,-1.3029356218408055,-1.794097352886329,-0.3489771219742583,-0.6362234125173646,-0.051290271079640785,0.11677361873534317,0.554610859044083,1.0
1.0680314661533623,-4.93123665260747,1.8581091771357803,-0.616220929639902,1.4258287239984764,1.9072597579848984,-1.030709322623073,1.0738825933807932,-0.5012432319947742,-0.22581578335879657,0.010485499162452802,3.0
1.1037582749208608,-1.602983449306667,-0.11679240793943486,-2.4291036424680357,0.921129605546524,0.6560871762661599,-0.5146691854674198,0.36463055974719477,0.4215944194807335,-0.43529502530711733,-0.28347835754290907,4.0
5.434808609809545,-2.907736941439029,-0.26554223217520667,2.711493363849787,-1.2175316459441365,0.26522130326774024,-0.8031889198786771,-1.0825716276501822,0.7791867232737144,-0.2073290567072984,0.07879811489283851,3.0
5.933162327337235,-3.1717330192316413,1.8486526826324001,1.3257147853440092,-0.5769342321280058,-0.9199781252810407,1.8128930615957175,-0.5591024017456261,-0.19083756146890551,-0.02658486843163421,0.028828719475572293,3.0
-0.3603203192223849,0.3681460932610353,3.7972462649523115,0.6617166779691366,-0.32425879685287046,-1.110041171492253,0.3315882519060711,1.5585539051157038,2.1490203528234546,0.842887972534342,-0.90802897288519,5.0
1.5633941247954286,-1.4776706158245565,-1.2330642977949404,-0.4714266336020559,0.3925693680147894,-0.9605362713762851,-0.3756690592903225,1.387594151009205,0.23930892422025463,-0.4135327663375565,-0.41258142681264565,2.0
2.9720417939157517,-0.560722685429908,0.9148817976632491,-1.792447911507179,3.1127407273716905,0.23150252595065982,-0.7984996775083891,-0.03576147910968914,-0.07738028680119019,-0.3559788828726827,-0.3035748538236972,3.0
-5.442859333090952,0.0866375110390597,-3.8716635737343297,2.144463131716421,-1.5187942354732662,-1.235267206481688,0.5835030113589481,1.0503958137233609,-0.0752524382371498,-0.6339342411329252,-0.9126235833466908,0.0
-3.7229478103640754,2.847213890870279,-0.9689864979168982,2.4560184765208635,0.5969501763570314,-0.2676880094121732,-0.4428618904191864,0.009043935543849631,-0.36644699673425063,-0.49640328695592034,-0.45142595822766035,5.0
2.3545425388847065,0.46329135621847206,-0.9500048485032062,3.1256539215514056,1.9915727690907357,-1.0445682839222108,0.13492943667606358,0.06179908390767531,0.00434859009193837,-0.29836120172697195,-0.0015934399754655966,0.0
1.9084163940234435,-3.5629779386722595,2.0356566676315833,-1.0264721115171496,0.6897396716896543,0.9243203084817768,0.003804795008787395,-0.3952490562672394,0.7931803833112255,-0.5495087728952754,0.22486104021343686,2.0
-6.186200327416183,0.2424946028903375,-1.6435657182887013,0.17775185900794735,-1.594922991893899,-0.09708980337777381,0.8103927472709231,3.7636808809967373,1.5906407078046285,0.8830879866565903,0.9440075111106276,5.0
-1.919047416325107,4.063077729328764,1.423918933200992,-0.5319605054333311,-2.4570279690069383,-2.153419178588589,1.0678363683935983,1.169131516232271,1.6295939001660937,-0.054445966692807816,0.30964918743160275,5.0
-0.23190765210812042,-2.9230588654346774,-1.1492009974332473,-0.46241613488704647,-2.96011417521227,-0.2709616723114129,-0.31117486811201145,-0.056664994258780944,0.254823791672327,0.037142361094618624,0.38630537607756793,2.0
-3.6468822294400622,-0.7733676569050705,-2.2780893978490306,0.4065429769797839,-2.0077670664807217,-0.974930425208339,0.5365191030051734,0.001480379872419337,-0.16178873967397062,-0.16033362431170728,-0.11074910790666606,4.0
1.8093733293905805,1.468529267120922,3.898955402381262,-0.3399604305496611,-1.9855166061660927,0.353355301930354,0.8480166560033634,0.370438907989875,1.9579900837410422,0.13545576140185614,0.6657917993020303,5.0
2.4996141305289554,3.829252468093906,-2.7972105910576635,-0.11712848819018067,0.3588583073557348,0.4330260189777761,-0.1948703489268437,-0.26428395251440917,0.0586605277203998,0.2215432959708125,-0.017999591642370093,0.0
0.8957079558675844,0.7257061785935662,-1.9528349857088976,-0.7334765500594053,-1.4439912380161664,0.6844126004711648,0.9451099841027554,-0.14475846863642933,0.23630024495576413,-0.23680041398165483,-0.3151045138449981,2.0
-1.5732350014865628,4.0607138590889775,1.4186691292696758,1.0305350638531303,2.869835948108447,0.5194970335617907,0.06371432157200445,0.5036399562625382,2.071491851442831,0.13101311294700949,0.1014257758109059,3.0
0.898776546055545,1.9456272718436542,1.29114892077243,-0.4455961927198045,0.8925811284823225,-0.5282369766268146,-1.0511875232825814,1.3472583345617406,2.1794297801396696,-0.08317473913149898,0.5753200799596241,3.0
3.6563226903834845,3.4083456557343785,-0.9025163927340606,-1.5325941771799267,2.173283536924416,-0.004361584567231372,-1.080429707909107,0.7118213265895281,-0.26641805080536235,-0.2576732143530277,0.16646802608255798,0.0
-2.835298171894683,-2.0706797141321904,-1.1122668860539426,-1.6199923228676374,0.8122781049415743,0.0795892288346701,0.7552517134226258,1.220613887351514,0.03959429080531481,-0.017540212349302076,0.5475780047998068,5.0
2.020555776358923,-2.8621693564188235,-2.196871706086829,-4.224601482919901,1.4093762359892075,-0.07800521770664409,0.2999387394541426,-0.38021071969113757,-0.08266868469764545,0.43561213720455355,0.33286878768354383,3.0
2.9216218936203404,0.001609495845069216,-0.2907450985850883,4.400270512838528,0.7488314580862672,0.0032344512512602797,2.380903957934199,-0.18826275613703974,-0.9499632927983923,0.2558946338009302,-0.0862113538918077,1.0
-3.3432314712047604,-3.180965062583693,0.06475282212345167,0.161046806181264,-0.22412751433334144,-0.12944889919010813,-0.7119799989332513,-0.3065847709964541,0.061361391923260025,-0.6111751136150789,-0.16720749390904205,5.0
0.538604836368132,4.312224585998678,-0.4075346778803965,-0.38051667139349477,1.041473776474031,0.09183839591401147,-0.24118033003395214,-0.568118801441168,0.12084078198488948,-0.513794872228654,-0.5835758776981489,2.0
7.68131297330351,-0.31373077729719623,-2.3739394588236133,-3.050393362572865,1.5493082342334354,-0.3542132733550146,-0.7446462421816634,0.4835050672491858,0.10616083872241425,-0.07413605343276362,-0.05059052487595234,0.0
-2.5429924723737853,4.472402867577557,0.6554332862890028,-0.48708272377661976,-2.0034610567802185,1.3732272311616864,0.32243737235707415,1.1289808785357525,-1.2000655253385655,-0.3121113229737143,-0.10705415786284432,4.0
-2.7470179100212406,1.1401227418280986,2.1366730092868487,3.610762454760631,3.319762580861004,-0.9343631280672047,-0.8433792903300527,-0.6526103364113182,-0.0019369658148627763,0.3082471388752734,-0.5941596186985033,5.0
1.1557028798727123,2.760814815426913,-0.5236251024656798,1.8406150753883306,-1.8573092296535998,0.9686401007564912,-0.6256943855246363,0.07037536401321316,-0.7452838498071419,0.043075642121179175,0.34349820074805676,1.0
1.6138796512124485,-2.0451394466083324,-3.394437390584139,4.911373675793924,0.8524950235219181,-1.0352317129753632,-0.09848781131824066,0.4221464439817308,0.27000313270908716,0.03196210699399636,-0.28540696830651985,0.0
1.6650967945671262,3.8132198909051125,-0.25836854629118106,-1.0015283482495037,1.8582998313205497,0.4166501443263426,-0.10717521103669785,-0.4673950494426445,-0.278244100443785,0.4972394804805057,-0.03779991430145653,2.0
-0.7550414568011232,-0.26209754837333327,1.4714487142577934,1.276849867118072,-0.7928783764999691,-1.6843637998092515,0.8806210029286212,0.17452643480637658,-0.6237225737823743,-0.13981892045133507,0.2873256689048179,3.0
2.3882489683083676,3.740760563959446,1.9237518247889667,1.1250283941634582,-0.9180979216067365,1.9595360128830985,0.4274248655384026,0.004126264107495998,0.02492488691525849,0.3201983486172188,0.05500171319822752,2.0
-1.7267784475196695,-3.7102979324902248,0.3142491725800753,-0.91399844822787,1.901093506030055,2.196236112710546,1.8545407111472072,-0.6638761489206069,0.1197117157851745,0.3593815201403731,0.08596914276302887,3.0
3.2322907124944504,-0.7966209223678109,0.6396247127614135,0.057940589041903884,2.6705022941451655,-0.5974226849078723,1.088093491804604,0.3693256965226753,0.03371066377139639,-0.10500359317658921,0.11529429782319787,5.0
2.7287839849335205,4.28062751043204,0.592613748701504,-3.8705258654792654,0.013223560517951134,1.0481385099632776,0.6899197597121822,1.0384218686747737,1.501739474885593,-0.03275914135198891,1.035413215822219,3.0
-2.4633441536212706,5.072817207757322,-1.6343237915558646,0.8956061007356229,-1.6842159126425016,1.9838712020741582,-0.1465580238415953,-0.5199636184722184,0.18546385703472199,-0.1422737789941943,-0.2928545033289495,3.0
3.481216917589669,1.5316576828023087,0.14151428629725366,0.262779458981144,0.7798194358489845,0.24646004742386743,1.9676900315595098,-0.8839692620128641,-0.3328081085382043,0.107917799961232,-0.24777940162613135,2.0
-0.31041345354063793,-2.226395982865552,-1.2754922588519186,-0.7369562967769266,-3.3201026251446546,-0.9843557966177968,-0.7117931971881408,-0.6373461646183841,0.29190374601402863,-0.4651054859283453,-0.3121732862382057,2.0
-0.09810349127186632,-1.9999215632982024,1.6873453530987268,3.2940188240270527,2.165115759937211,-0.7701477391384329,-0.5151295289901432,0.2542394706703263,-0.3023353182602525,-0.21162776499385128,-0.3830512061770702,4.0
-4.112251778421824,-3.1406105879889448,-0.05817735384380178,-0.3374781756475461,-1.3958148556782881,-0.20568384265290118,0.2937180056512072,-0.24886294445702928,0.14557482549253434,-0.029302149891650125,-0.6306004780881148,5.0
-0.29369740330549166,-3.331575257217183,1.6950441013862438,-0.12755398583874034,-0.31687681605162504,1.0277781205676757,1.262580770286285,0.6884417596503757,0.41854556503199175,-0.4697248225325864,-0.8252604729459035,5.0
3.6359940938490514,1.4168466010276808,-2.9292962086379166,-0.9317674547651852,0.01450603148068812,-0.42355173017994974,-0.6396621245342204,-0.6884367655894764,0.43399950955602035,-0.43645699721062,-0.7134333848075612,2.0
-7.007591716734987,0.7430658957024213,-2.6441796503800035,-0.37624677885563096,-3.1595232786285634,-0.9896944613511436,-0.4346619735899245,0.8057842814308591,-0.3759642621041526,0.6573429466140263,-0.20932139300010813,5.0
3.093027227167068,-1.6917152291124629,2.048239057353389,1.1612243330801248,0.040752700062962825,0.5620184023487524,-0.07018221053524415,1.2691918475084325,-0.5525372109098021,-0.15520070537853575,0.37534408575381195,1.0
3.2702767799656387,1.5259172959751532,0.03254819343223536,1.4984969559718382,0.5728201767985416,0.6573484386631814,0.11166278607977506,-0.7362750390173739,-0.3740487888944181,0.5274238906421296,0.42158472289336035,5.0
0.6428474368257443,0.23670219662115152,-4.612237871074899,-0.29315420764882316,1.8382077344208083,0.8942868496946031,-0.04388642758278086,0.08397626141877726,0.4767161709599137,0.47733405432396053,-0.7055706338069089,2.0
-3.680587005933824,-2.9936694887729054,-0.4434576064532773,1.589472167620389,1.6703330504689144,0.01240706593022669,0.30433459341661523,-0.7980373315246656,0.20862161296745743,-0.43208892919268094,-0.27101933983065474,2.0
1.7542784438847814,-0.592881331387874,-0.9419161734309036,-0.9515231007197711,-0.799596888089168,0.3296808293669865,-1.5446294837848045,0.08567937902874086,0.442076258828434,-0.7957634339664156,-0.7560065652480037,4.0
1.972543441072024,-0.275882312149495,1.5346434476076791,0.47529056018167515,-3.7385774277450596,-1.8805769036209505,0.676374383980274,0.994521431911808,0.020573600544617654,-0.13437965069101498,0.59813830728271,2.0
-2.1642884636703204,1.5381697883029204,0.24094673661513358,-0.5193283340783905,1.0412838028613163,1.8924538401359265,-0.0899256844811361,0.7941846582541633,0.04686803630435706,0.050506620786611105,-0.9117394124959249,2.0
4.216640387980732,-1.5318544636940676,-4.621159738027324,1.1303711680082449,-0.7206589390301165,2.3767251106981826,0.6369091749051959,0.8894320226495503,0.1597922384779938,0.7638307722194478,1.0223760172821537,0.0
-3.502138236222975,-1.8853254041952399,-1.3149548269413867,-1.5605384998430196,-1.3755721706844384,0.1258636167511461,-0.10442402455788848,-0.578750390474969,-0.12213465687827063,0.09424250703426966,1.1080873058293215,4.0
-2.3876332754093896,-0.6370474709220219,-1.768388451535617,1.0077309901450413,-3.29954977573474,-1.1061635034798054,-0.10893143963930321,-1.0260083121462689,-0.017835632571879582,-0.06627872753843982,0.5817417008177691,2.0
-1.4078400943002303,0.8092773374465099,-1.7513083971536971,0.3406070128863684,-2.089538701651025,-2.565005691601787,0.8335934580011646,0.6203862723077609,-0.022879092354170696,0.12192857894770862,0.6313377204572377,1.0
-2.5107323894056184,4.152128265030376,5.446805189895271,-0.15458638823288545,1.1573694574977291,0.5684223596453878,0.1189290489926899,1.6899025341614862,3.0050722335019477,0.19289693077753606,0.7586510281961945,5.0
0.028389310766586528,0.7065607631183047,2.3085591850645635,0.0021152082544518202,-2.2357216680669607,-1.249931024000108,2.8494871396420063,0.5451337805178843,1.718523239006717,0.15853567053258266,0.3192487117439863,3.0
-3.13596917298337,-1.741223015525631,-1.9639291713672282,-0.6809171918683989,-0.6478995473167914,2.3678099606690504,-0.14123264919173434,-0.47683059607343076,-0.2667987487721373,0.20835450011396656,1.0317517513536938,3.0
-0.5535920829670944,-3.3421697914121427,-0.3552382675082359,-0.5080166708259729,-1.2721664814608054,-0.9216676427642443,-0.6436334174778553,0.8373602109527636,-0.893378378869323,-0.6716211941103257,-0.5531028704713623,5.0
1.7726493859471792,-0.1517119332465018,-1.0384303597155073,-0.10382152544921118,-1.7561849428009753,-0.07047828033729968,-0.6794791356953855,0.08806579982168974,-0.23314926280431703,-0.39725819057767886,-0.2907065362488646,2.0
3.7242090843053135,-2.012710893098594,2.149926036110474,0.3269565433518545,3.0841698497541024,0.46868767478386136,1.217542004537383,-0.09403993678621783,-0.8241219221856155,0.06771326522074662,-0.3314007405318233,2.0
5.269949573845874,0.21292659930764204,1.9303780391361625,1.0144927378408708,-2.794755122586952,1.196977143149986,1.0102775939382036,-0.7636708254467127,-0.026081043868303126,0.028646682430063634,0.12722966682013487,5.0
-1.9678565308453089,3.393840249359565,-0.4721472036539667,0.010654303472533091,2.239025498392592,1.5936400467727616,-0.4739143447895126,0.9672370873748827,-0.8011874893238837,-0.22785102103272672,-0.20370645569736623,5.0
-4.205867517179507,3.2539849759453627,3.3894147279520754,1.1711311033889111,1.736495016242188,-1.2762814141950674,-1.236825916238684,-0.22202839647939407,-0.967171824342976,-0.19060298853159874,0.24983126679144171,5.0
1.3403251963095943,-2.4116805489901814,-1.0158566698685796,0.21715070147113608,-2.355638755200508,0.5804068517856793,-0.7741670430087815,-0.9201758885540454,0.7499121618344781,-0.6140390076595375,-0.4854400098121572,3.0
1.6720327204890741,-2.154933919886008,0.5173301250010041,0.2473619348805802,0.8484904667750376,0.20451239653013029,-0.27615891106834334,-0.5450675663612121,0.0018489663220099817,-0.16580076483225595,0.25423703319318436,2.0
-1.8890725453503308,1.8554227782273962,1.5659611777293274,-0.6926851232878011,1.089008445284983,3.028431782029451,1.0225331789485606,0.6621567861705091,-1.120719178418865,-0.22815389064562677,-0.5939404065328326,2.0
0.08170835018840383,-2.7842329878182546,-0.5882911110862725,-1.3342537782985517,-2.164604761190305,-0.16677586680278556,-0.47699380720466955,-1.1121214450231858,0.05142283566328347,-0.24858246502044237,0.27190577087276285,2.0
-4.967043819570503,3.075052720166243,4.231081131304465,-0.01957278126267344,0.714716743191087,-0.9696777606981258,-0.8613654443741342,-1.3209517319090402,0.4807565605423526,-0.5099058716842931,-0.5208308668781501,3.0
-4.247583066581779,4.210351024699585,2.8786120127903754,0.560559308948968,-0.24497641596996592,-1.861164372434928,-1.084891088499432,-0.42324718233376846,1.5918286416903502,-0.43365947514283204,0.02270471467469586,3.0
2.999122819274708,-0.2872824550858756,-3.244714216438492,-2.561235266239682,0.7830013609015062,-0.8363377414716937,0.9361389973279249,-0.20153963526472463,0.3122607086079828,0.26953485306508285,0.22260006833672422,1.0
-0.8441361698624493,-2.584311399267085,1.019894962123242,-0.16237770894554726,-2.252343925333614,-0.6257735601919467,0.7076464219284095,-0.27072597031177564,-0.13448037870477692,-0.07228543218591454,0.25297298605123714,4.0
3.7276896768224437,1.7486812049651779,0.8257061701583989,-1.1787193809118435,1.7456605138633519,-1.5798793505216664,2.707281431589041,-0.3728490764943907,-0.19558686375977594,0.5195507276814266,-0.3740266620609674,2.0
2.6322835198852554,1.324640533741549,-0.3359880110090473,0.5195793272586058,-0.0725133978467887,0.4438560465169163,0.7744528350415232,-0.17463436259046597,-0.5801206936046974,-0.02695848960869075,0.129329864741219,4.0
-2.979408151023524,-2.5835876123569808,0.6557864489704898,0.7674698147055934,0.4055800627892692,-0.7763777426874224,-0.21765693329800617,1.063657187375502,-0.6760539347040202,-0.9318603260319345,-0.24753594632671846,5.0
2.0852462732871415,-1.4922972426326269,3.42028503173337,-0.1669238506664681,-0.6297664679798727,-0.4977463148861589,-0.4046628986328266,-1.3330155187369024,0.1758373871217515,0.019890876915182352,-0.14792345308199767,5.0
0.01821932481087615,2.1475377170114753,-0.8650150246320168,-3.8703145256189306,2.7042865637529814,-0.5751493728858674,2.5859802639781115,0.10862758708341479,-0.16903961049429644,0.40511500218801966,0.17890732887743416,2.0
-2.7521943391674304,1.7430449242799673,2.9634068585649773,-0.239012341304715,0.5664018092278443,0.7556110176075822,-0.24700376194733029,0.5634673059366686,-0.21792210464830944,0.024312997398653443,-0.12761814579693967,5.0
4.709555946930469,-2.475147473433439,1.7488603159184697,0.3639816470859784,-1.6384363990506998,0.0457957443988828,-0.5962159339148114,0.09324396157443046,-0.2372908400896055,-0.4299996307918771,-0.17472389033780195,4.0
-7.952750194107779,-1.4081005172996426,-0.09093881100480164,-0.6170367975892498,0.5986520110721125,0.2789180342010337,-0.48947398438486006,-0.9919525816116705,0.13983946362893032,-0.22011388130799694,0.12529835794173108,5.0
2.74308254617158,2.646337290506028,3.6237423678343617,-0.15207219640441694,-1.820594656237005,0.843085222414921,3.0108840890377127,0.922933514975475,1.772472503094852,-0.5653232681957808,-0.3431935271017579,2.0
-1.9206004693194156,-2.3396971636466857,0.2152172013740539,-0.23361026479036495,-0.5888538724103483,0.06133480411114919,-0.9485400622544236,-0.014464073240555033,-0.1726680213680614,-0.45065149527117104,-0.14589910806781714,5.0
5.90526255113958,0.7969834071089359,1.4956418135402259,-2.023721838130529,-2.4548079073043114,0.5076696975194757,-0.9629698559389551,0.21245516312263,0.5212206888643547,-0.19382278168103834,0.21646474788023048,2.0
4.51314541396201,1.323019760320972,-2.4230681189917034,-3.306781628443584,1.4404927641024565,-0.9598016728723024,-0.1691971762889632,1.796529643447697,0.416698006344836,0.28924164958955684,-0.8391839864139546,0.0
2.2925178445048653,2.2214799793072944,-3.9197590166775824,3.5830810603686403,0.9170737889385875,-0.7774863676335187,-0.4509951297074728,-0.1502199008097248,0.2847477946583939,0.6184599691633571,0.5791001089361432,0.0
0.10984690787148987,4.526697688620256,-1.1266703806641623,-3.838584765850727,3.778861839805684,-0.07784337046433505,-1.0289277544341233,-0.1605122683853033,-0.1295148139003474,-0.4782811249521701,-0.885495457675007,2.0
-2.2928173774350307,-0.7374696085180714,-0.2140713307671396,-0.7931313473498759,-0.3155568105288488,-1.2999885049234092,0.18040702042699575,1.238764278487311,-0.6826090028897731,-0.31300881864412106,0.41284931328211766,5.0
5.902522613098695,0.23211045128744331,-0.08749730581051708,-0.6150303991430704,-0.10053332727204896,-0.32502058332389544,-0.5685080588328197,0.28296465076470256,-0.12683820692145767,-0.16076089332934881,0.24410897815334534,4.0
1.1182720480953263,-4.052916449340311,-0.5091720227289621,0.5923210604642867,-3.1895527805085533,-1.1325678624299864,0.3108436122113095,0.3884088752903929,1.6470372952476373,-0.3943549051365464,0.25340511790516423,2.0
-2.312310241067488,5.630227337991215,2.29470080521086,-0.2876796440812451,-1.4696403212955824,0.37673321537213056,-0.9017054606405533,-0.22555941284691444,-0.9837204580082597,-0.5116517042568842,0.3424154532870196,2.0
4.545245755660269,-2.004534098849571,-0.5445834368817176,-1.417636080339179,-0.9934855676612878,-1.2676854726925468,-1.0717519084916984,-0.6920181147999319,0.3593570231660375,-0.2999901732108952,-0.2694094581161453,2.0
0.9691917730427999,5.241947327103616,2.1872042630490927,-0.4593227897885742,-1.8176675001107054,2.34129553480282,0.45595180780074646,0.5223076095500974,-0.8454631180919615,-0.10417916531092618,0.2654400680268226,2.0
3.5790266378441262,2.7707334679264557,-1.9409543439457644,1.2504736408266717,0.4311685602165771,-0.5259698398641913,-0.6426708628423996,-1.0270679739379394,0.7229315484760942,-0.06403630233968008,-0.017694149841167937,0.0
1.7250411417029303,1.162614434705297,1.4888358798893548,-1.1082785543659066,0.18239836441627627,-1.3825841765799272,0.4886350466073806,-1.3058409307075323,-0.17261917986539868,0.6762579029318222,0.5108504438270507,3.0
-0.9498448258086135,1.4574342473814534,-0.7438823742013786,-3.5987092414474966,1.5277096476911096,-0.6434655140299997,-0.5902790229004931,-0.7730287767935291,0.0398608914558923,-0.19368932597549324,0.06411806170176611,3.0
3.2661701322054584,1.4063158917010286,2.330293119365028,-0.8077943203875353,1.536948669279641,1.1427390734821103,2.6818674497909702,0.09836933403484205,-0.5876403471544713,-0.23501641147452929,-0.3205935673509852,1.0
3.417072715639116,-2.013622546494387,-5.410065451479279,4.047006416933407,-0.5929658226963611,3.7769788000496645,0.5881224759542966,0.2906252494645315,1.3446991066015315,0.6984450393580488,0.8757872532441603,0.0
-1.1018428013397834,-1.481650120567453,-1.8495961412916089,-4.009138489862245,1.5073720222756346,-2.166583136727924,-0.416764373887404,-0.5719972773387934,0.28024517218227574,0.40300649274028133,0.46001527814615933,5.0
-2.954190951300784,4.3857942548116275,2.472198751880186,0.0709157999430217,-3.0564107001617757,-2.1847553570224787,-0.3127107576582761,-0.7895422932082085,-0.7913896426973382,0.5737984835129165,-0.4150924599746475,3.0
1.2259367331745292,1.5240323702071552,2.508476739065677,0.573586550170572,-4.076427347320922,-2.4194804270771515,-0.041119047394976495,-0.5724140586717198,-0.36263583888204887,0.793663079966776,0.8294984836278251,2.0
-2.8728415832936807,-0.5281105640055631,1.5398499473583431,0.08859017665195466,0.7852637745507601,-0.6743411805254104,-0.06303709536691228,0.6053359275691762,-0.5441426948462291,0.12317215884916939,0.8154684792455372,5.0
1.2488300878436416,-0.809651422042059,1.425460483383045,0.7137601628599245,2.685313334322983,-0.9636174429281434,1.7745965786429596,-0.8139516498456462,-0.11934050014013166,-0.2526482504150732,-0.2467545251272776,3.0
-4.250676606227753,-1.8231062763140895,-0.7582001683258561,-0.10477189245044882,0.6756529605821845,-0.6476270249200203,-0.6002817344413612,-0.16893033269572222,0.04625374322878204,-0.6425225813726639,-0.3931456825354499,3.0
-4.555020221618664,0.007434000396695631,1.803934625192664,-0.17631408707957397,0.3501969926113568,-0.6021997302167058,-0.4402630459589195,0.2428826182716791,-0.49358964831482915,0.4352340328450798,-0.35688773089878056,3.0
3.1500722322963064,1.2113975235738528,-0.3949412933604025,-0.6488788479799413,-0.727061115328638,-0.8434545934149889,1.5344721847816718,-0.4473643436160039,-0.2776722490208357,-0.007962859883524269,0.003773098111692659,2.0
3.8627581890339022,1.37278099727511,-3.1212584095126896,-2.318606389093726,3.631585638211377,-0.6986483356890121,-0.7019717795955934,0.8758598841400571,-0.026235438784917194,-0.4763287633877505,-0.34272471632704304,2.0
3.0963949267206545,3.4674684819909043,-0.6040049396153436,-0.3569620824238294,-1.4894936208700316,-0.4415354080186455,-0.10470424931155348,-0.2926730594277879,0.4125300044255311,0.13545831773900294,0.38836289051598777,2.0
0.5556763470311986,-4.030949632693978,-0.24237850016018184,4.095918069340875,2.214015507339287,0.3089573840957322,-0.4109447490132798,-0.8029709985040515,0.7675016881693256,0.09736280674539852,0.09136291115679263,5.0
-6.824664452751257,-2.36647633394981,0.6653004911189193,-0.49884407088171556,0.7205023855260897,0.31406045244572695,0.005775361047442957,-0.7782343549596933,0.3388594042675386,0.3342733773623246,-0.2935082843583018,5.0
0.9503502014435307,-2.0719553631591046,-0.9467683582148347,0.5921784521159382,-1.8493791552019894,0.8863581236668984,-1.592463853109066,1.5762495287346254,-0.03265755480390515,1.528942431034221,-1.6744010157498572,2.0
5.84468680887699,-1.5865560035727104,-1.5960416191553537,0.6311577125272759,0.02336073183722482,-0.7068454244695037,0.4804608815986524,0.4016074485531823,-0.23429968285856476,0.23223950188092787,0.14565795070666787,1.0
-2.606068025901877,-2.9519476589414086,-1.3380949002547537,0.22420227207332827,0.23625917044014996,2.3633991999010906,-0.6717187418535326,-1.0584081780204582,0.5907466483407103,-0.5051207293606247,-0.048351634248907684,2.0
0.27462489122449346,3.776664802030023,-1.7804955025044154,-1.7003453349287705,0.3961141909139169,0.49419897633165244,0.007514983382535246,-0.4743059737890086,-0.31313837633823544,0.00036078835326123544,0.06534838666173265,2.0
3.377746450087061,-1.7455899787674725,-1.656137189841979,1.7926561913606256,-0.8072802390346356,0.5331406688683303,1.0242735304213864,1.2666147244934145,-0.9508490843029916,0.30862502432212396,0.20674242209652915,0.0
0.1744983578389592,6.263935187803522,0.586917723433188,2.8730193888944613,0.7265049585394346,2.017918401201701,0.5712616793319558,-0.030558308788473428,0.5815336792175992,-0.32259089572583055,-0.5091746602550886,1.0
1.2234460571910915,-1.4385064695136505,1.5593523531898208,2.099907209960651,-0.9133490276284983,-1.2176431969586778,1.0085973225616243,0.6868719998977006,1.454721027118289,-0.42778900354302507,0.009686190643585434,5.0
3.0673247561671806,1.2259382890415098,1.6267234577008218,0.5218314496733795,-0.946325445410624,1.558968329048194,0.12802884554298183,0.6172232225090742,-0.8295889229508391,-0.04606693038955761,-0.030882355071975884,2.0
1.4605663974162124,5.24039188038317,-1.6600337734910298,-0.4732757444001625,1.8185328368666058,-0.6826467369544686,0.06425177868195316,-0.04147121164866616,-0.5971875766357406,0.2187035316431312,-0.04759194035122462,1.0
-5.208665568686276,0.8324094774631933,-2.24123218748884,2.799486920304279,0.344867278793268,-0.7660185129306555,0.1004697450378454,0.23751881386986876,0.2216849488641104,-0.29184286288642525,0.2087353538302357,5.0
5.989698356222825,-1.4252697444715172,-1.147254138578562,-1.90362456108215,0.4735178352031747,-0.8691961752773386,-0.527219276925933,1.135744349278056,-0.3021314474547473,-0.41601408970206044,-0.33560019418058024,0.0
2.4590134683320986,-0.49090069588734236,-1.21985696818325,-0.43559767732118526,0.5748375163668452,-1.4938947392237518,-0.4169719566853493,1.5533881748036489,-0.3102581797192808,-0.6864358125054832,-0.5869342637978202,5.0
1.383092210292316,-0.2937241192462737,-1.2858629304076241,-2.216401070781038,1.5709187481250844,0.7349657276005926,-1.141739320303379,-0.7290226068451863,0.31955664007830753,0.1382455906204044,-0.013903634835346946,2.0
-1.1928890852708314,4.59120268543693,-0.695475252831698,-0.3545118474349051,1.0777853776491104,1.0307860048776554,-0.4079855907715249,-0.25474963293722164,-0.5717867916551298,-0.2926347469993506,-0.07715214997203461,1.0
-0.5871516140843294,0.5361699178879615,2.111623634525018,0.0740977153793483,0.9087181374756318,1.178454957726185,-0.15672783710818977,1.6582803785864189,-1.1791492326947477,0.37843962570047823,-0.220222085101019,5.0
0.0065192562240206035,5.902865165128528,-0.4708426640268607,-3.2820776011270634,1.0322318364441991,0.6924639384393012,0.0009469109341075271,-0.2643299256544221,-0.21538662278369658,0.2790391054881796,0.3788665896086804,2.0
-6.956456077128608,-1.4743706819412699,-0.6097589495533752,-0.492600150152134,-0.5983702139468173,-0.02159144427418394,0.06561407728094908,-0.4327938583728897,0.05089503556637561,-0.1820214852530592,-0.07902082561826979,5.0
-3.341644552356776,5.649998605732599,1.0454296528131057,-0.7068446235111961,-2.304823126703257,0.959810113434479,0.4546731869349584,0.10444426862084781,0.5467651565010827,-0.7986383238433846,-0.18612902304797896,5.0
-0.3610026518767097,-2.2686005603858512,0.09808296625243126,-0.8303541225105536,-1.9789681017492993,-0.1450668781110378,-1.0727050764751624,-0.7187412002707939,0.27930788262689227,-0.6552541758403408,-0.23208914284992493,1.0
-6.040691128197807,-0.2146815629469039,-1.315068945679856,-1.281101428601732,-0.2576832664926192,2.4539149517235996,2.0744068191647473,-0.2631707543307265,0.2838988544720816,-0.7553505781384496,-0.839817802655534,5.0
4.6698244439064895,-5.062652304230389,2.2768518873105115,1.4071036957697867,-0.14606795856726798,-0.7267047095375897,-0.8597522706279798,-0.33234342030890734,0.13716507156768243,-0.27979314010043893,-0.10933765433204767,3.0
-2.882522444500236,1.02279078536168,3.3390831922070774,0.14157996872694437,-0.2547805191157018,-0.9199480949450602,-0.9640327778994947,-1.4355923427016806,-0.6733829779945758,0.49964638108369724,0.637866794155127,3.0
-2.810335539264128,-2.5322860788463304,-0.60018224884616,-0.0183027334083678,-2.387553825649481,-0.8732391145044004,0.7586435694194036,1.4411947802674638,0.7342238465593869,-0.015193120208571971,0.831537354725925,4.0
0.790886862466988,2.261737228366438,0.030164158858947535,-0.8430143587568744,-2.1563900395457947,2.1031383147952774,-0.8109476172464427,-0.6155068975497315,0.1118316619210458,0.051800228375100094,-0.08388543252529508,3.0
-0.12459640122895961,4.857044922884004,1.394877822470589,0.7054594695657483,-1.7160925575171662,-0.3238162593752923,0.5109527434418288,-0.09272881504059702,-1.140508696137764,0.2122917768125737,0.14794310216947967,1.0
-6.1949537326680035,-1.3800796486516893,0.6147129371386502,-1.1589039025180823,3.198821013117838,-0.06128153011635718,-1.3351082979331765,0.43248784840688886,-0.7952419616999024,-0.05031579532519726,0.5547102414121193,5.0
3.0096473496907223,-2.710568924782014,0.7169826382085359,-1.3223291337869159,-1.465079010520797,-0.45802246430350657,-0.7863909744696946,-0.33445451104925056,0.2297693228531096,-0.5598738413480661,-0.3731004423577939,3.0
-5.1334320308545704,-1.904559952151566,-0.6322105372522792,-0.18710429311814802,-1.0525518311817295,-0.41418753647262163,-0.03881657849766832,0.28047479276659365,-0.457197962854493,-0.36530673274948944,-0.1824588367356184,5.0
-2.386442900476926,0.17646656198244765,-0.03635237900399591,-0.7383828103573032,-0.10305401108135416,0.951142563242988,-0.7575453570495386,-0.0989052943588058,0.05830486288433131,-0.5553126269631844,-0.09977729656530461,2.0
-1.380581654208881,4.177639812911892,-0.35001513093761044,-1.3551653452855967,-1.113050375506689,-0.34959098670826655,-0.6264897592168468,-0.45856187388413133,-0.6044532369771842,0.10376042726764007,0.6366829640345252,2.0
3.1938244717604163,-0.7024169249146897,-2.337923594820926,0.8504227417111775,1.7713586496141926,-1.0173036299754583,-0.3931559540468253,1.6232989709871763,-0.49207281674389064,-0.24218597767927763,-0.14107622480073845,0.0
3.4346960154275434,0.283146852309541,1.0392904852933869,-0.2510639352908893,-2.4287842172415046,1.2831339190638489,0.2572799477594752,0.43777441693907154,-0.47167387772174585,0.1094485987234947,0.4946616230126067,2.0
0.029221297782570817,-2.758138432427193,1.578802226384583,-0.8177596676989211,0.2188359011276152,0.935234432214252,-0.6764271644071395,-0.4012396949532363,-0.23799839770619405,-0.22741278556206848,-0.059401047646657754,5.0
-1.950499495959579,-0.13538303988082276,-3.02319470827761,3.3737211611844846,-1.5960962902087432,-1.330562779720352,-0.23017021069885515,-1.3564483667256424,0.4197872890187907,0.38576647290520855,0.11407557439130149,5.0
-2.5420393317004284,-3.2603973370384436,-0.22180461587258782,-1.7455703079960694,0.41181864457695483,2.7248374114285974,2.6391686498893865,-0.4389174369991969,0.0036604975297065277,-0.07698881656838555,-0.6148481350087674,3.0
-2.424185533821974,-3.1768701792671963,-0.16853604803357056,1.3308303976897944,-0.015600864606504191,0.3525748994446314,-1.0185441974352194,-0.2570453132359913,0.8774111079747628,0.9090995651665321,0.9565860252143934,5.0
-2.1255204151824767,-0.6705387966998086,-1.3804066404418982,1.2990841583307091,-0.10487569281177787,-1.1554941130263354,0.5825225110324425,0.20902140552876877,-0.392991313634513,-0.04805920123015726,0.17777827207043154,2.0
0.10305322553012491,4.655804673779455,1.1795439685053715,0.8843263484138517,-1.41157113583057,0.4344573317168375,0.2698343179953143,1.2752133934341103,-1.7061747589650849,-0.07961980606456832,0.42838647792102974,1.0
-0.0868441410351364,3.2260474424623595,-0.7589755176314764,1.9443221317557502,0.07079808569971602,-0.5417582395353243,0.4293962044823612,1.220249373444276,0.47505290122019966,-0.01983123027415461,0.4419639169929206,5.0
-2.7232045459788528,-2.7863231592045645,0.4798001219928868,0.3207910615595482,-0.007095854628509284,-0.15417760333390929,-0.22183006060637867,-0.19567420863108942,-0.3499067298772332,-0.16763439946920447,0.26874020144829697,3.0
