dimension_reduction_type,model,max_depth,min_samples_split,rmse,mae,r2,spearman_r,within_1_acc
"Lasso (alpha=1.0, top-100)",Decision Tree,10.0,2,1.7662077008583128,1.2665872757420222,-0.21073340630971282,0.3076892025024277,0.6818181818181818
"Lasso (alpha=1.0, top-100)",Decision Tree,10.0,5,1.7569712654907021,1.2265742847362857,-0.1981033851647418,0.3389471911548912,0.6909090909090909
"Lasso (alpha=1.0, top-100)",Decision Tree,10.0,10,1.5836411708913851,1.1727981940978034,0.026628681244512786,0.4662123507749718,0.6818181818181818
"Lasso (alpha=1.0, top-100)",Decision Tree,20.0,2,1.7529196424044293,1.2363636363636363,-0.19258403900436227,0.3226625121036856,0.6727272727272727
"Lasso (alpha=1.0, top-100)",Decision Tree,20.0,5,1.7643511644950416,1.2471476341778958,-0.2081894368432644,0.3085102735870621,0.6545454545454545
"Lasso (alpha=1.0, top-100)",Decision Tree,20.0,10,1.7340968343089624,1.2763917196066643,-0.16710967257507114,0.3429054784989504,0.6454545454545455
"Lasso (alpha=1.0, top-100)",Decision Tree,30.0,2,1.760681686165901,1.3181818181818181,-0.20316910443931224,0.307134113246437,0.6181818181818182
"Lasso (alpha=1.0, top-100)",Decision Tree,30.0,5,1.6428431211471746,1.205999308819044,-0.04750755711050614,0.3969459181713125,0.7
"Lasso (alpha=1.0, top-100)",Decision Tree,30.0,10,1.691629695097083,1.257986068028517,-0.11064579825970045,0.360827527634035,0.6636363636363637
"Lasso (alpha=1.0, top-100)",Decision Tree,,2,1.7786613965666325,1.290909090909091,-0.22786759045419536,0.30978486509945236,0.6454545454545455
"Lasso (alpha=1.0, top-100)",Decision Tree,,5,1.6649837057894765,1.2263342370487091,-0.07593231846894843,0.41392803769820935,0.6727272727272727
"Lasso (alpha=1.0, top-100)",Decision Tree,,10,1.8020957123352173,1.3278256402210307,-0.26043566758549463,0.27003926293284963,0.6545454545454545
"Ridge (alpha=1.0, top-100)",Decision Tree,10.0,2,1.6384604404360927,1.1362063529495354,-0.04192605337361499,0.444318347916711,0.7090909090909091
"Ridge (alpha=1.0, top-100)",Decision Tree,10.0,5,1.6062966585215874,1.104542388016505,-0.0014205272533089897,0.4496027242690011,0.7
"Ridge (alpha=1.0, top-100)",Decision Tree,10.0,10,1.5648181780553256,1.110977922345545,0.049629947475433034,0.46031457423284255,0.6909090909090909
"Ridge (alpha=1.0, top-100)",Decision Tree,20.0,2,1.5811388300841898,1.0454545454545454,0.029702335129586976,0.466163589164323,0.7272727272727273
"Ridge (alpha=1.0, top-100)",Decision Tree,20.0,5,1.534403947356327,1.0285972280667852,0.08621422788945354,0.5064744396359049,0.7272727272727273
"Ridge (alpha=1.0, top-100)",Decision Tree,20.0,10,1.5503886072462538,1.1097477307095962,0.06707632521504858,0.47966609123531606,0.6909090909090909
"Ridge (alpha=1.0, top-100)",Decision Tree,30.0,2,1.6096301099659793,1.0818181818181818,-0.005581216320246218,0.46296493055527393,0.7090909090909091
"Ridge (alpha=1.0, top-100)",Decision Tree,30.0,5,1.61039452238732,1.0947662952675454,-0.006536543000850603,0.4416630190858026,0.7272727272727273
"Ridge (alpha=1.0, top-100)",Decision Tree,30.0,10,1.5310547579921931,1.0668311751244188,0.09019896937248384,0.4979034550374186,0.7
"Ridge (alpha=1.0, top-100)",Decision Tree,,2,1.6236882817719773,1.0363636363636364,-0.023222992045162982,0.4546224658510308,0.7
"Ridge (alpha=1.0, top-100)",Decision Tree,,5,1.6149850973733335,1.0733962384604652,-0.012283168569709346,0.48046489873203946,0.7
"Ridge (alpha=1.0, top-100)",Decision Tree,,10,1.531125843845938,1.04469678777264,0.09011448449818704,0.5024589543753291,0.7090909090909091
PCA (n_components=50),Decision Tree,10.0,2,1.3017482211302158,0.9161669122013325,0.3423134456726411,0.6720277190574689,0.7727272727272727
PCA (n_components=50),Decision Tree,10.0,5,1.3189071428866257,0.9125048602047953,0.3248606548677162,0.6640890147336322,0.7545454545454545
PCA (n_components=50),Decision Tree,10.0,10,1.292451450292987,0.9138719780352651,0.3516739770493398,0.6538920049668496,0.7909090909090909
PCA (n_components=50),Decision Tree,20.0,2,1.391532836969231,0.9000000000000001,0.24846035411855283,0.6507540669308151,0.7545454545454545
PCA (n_components=50),Decision Tree,20.0,5,1.433558912180998,0.995121630176726,0.20237994060199682,0.6095074174856707,0.7
PCA (n_components=50),Decision Tree,20.0,10,1.3479217835629145,0.9691179520951487,0.29482913367008323,0.6433359100217839,0.7545454545454545
PCA (n_components=50),Decision Tree,30.0,2,1.4109957799047774,0.9727272727272729,0.2272902232486529,0.6388208732813437,0.7363636363636363
PCA (n_components=50),Decision Tree,30.0,5,1.3325670579988105,0.9217245415066673,0.31080340437613496,0.6491826266479411,0.7545454545454545
PCA (n_components=50),Decision Tree,30.0,10,1.3684173359121208,0.9595855009206131,0.2732214311258534,0.6130284321798554,0.7181818181818181
PCA (n_components=50),Decision Tree,,2,1.381698559415515,0.9090909090909092,0.2590454195535027,0.6480349067746437,0.7272727272727273
PCA (n_components=50),Decision Tree,,5,1.394430913428785,0.9782209660443288,0.24532670563437886,0.6302460053384804,0.7454545454545455
PCA (n_components=50),Decision Tree,,10,1.3488528342590873,0.946247888045535,0.29385463116775234,0.638018726274737,0.7363636363636363
"Lasso->PCA (top-100, 95%var)",Decision Tree,10.0,2,1.6447048343088473,1.1673167691952184,-0.04988302871396577,0.4274467878432878,0.7
"Lasso->PCA (top-100, 95%var)",Decision Tree,10.0,5,1.6357735137077802,1.18944138852201,-0.0385115267061058,0.428112447377063,0.6909090909090909
"Lasso->PCA (top-100, 95%var)",Decision Tree,10.0,10,1.6094727803148945,1.1888596237006956,-0.005384649408266995,0.43463510434328456,0.7090909090909091
"Lasso->PCA (top-100, 95%var)",Decision Tree,20.0,2,1.5840110192454184,1.1090909090909091,0.02617397998460358,0.4831574699428423,0.6818181818181818
"Lasso->PCA (top-100, 95%var)",Decision Tree,20.0,5,1.673680642564141,1.192920356368322,-0.08720180295279634,0.4334550732213948,0.6545454545454545
"Lasso->PCA (top-100, 95%var)",Decision Tree,20.0,10,1.5667612291263113,1.1786464158974637,0.0472683133169739,0.45675281309573895,0.7090909090909091
"Lasso->PCA (top-100, 95%var)",Decision Tree,30.0,2,1.6096301099659793,1.1181818181818182,-0.005581216320246218,0.48283873070183086,0.7
"Lasso->PCA (top-100, 95%var)",Decision Tree,30.0,5,1.6600458872691954,1.202011265459231,-0.0695600272278798,0.4261039820338124,0.6636363636363637
"Lasso->PCA (top-100, 95%var)",Decision Tree,30.0,10,1.6261355613641806,1.1963489825744975,-0.02630979130073463,0.4297621761875454,0.6909090909090909
"Lasso->PCA (top-100, 95%var)",Decision Tree,,2,1.667878347427708,1.1636363636363636,-0.079676674364896,0.4416908657207935,0.6727272727272727
"Lasso->PCA (top-100, 95%var)",Decision Tree,,5,1.600838446152827,1.158327917852298,0.005373584127531528,0.47368316808871214,0.6727272727272727
"Lasso->PCA (top-100, 95%var)",Decision Tree,,10,1.5719495775138053,1.194290858768159,0.04094790100158607,0.4548651646494598,0.7090909090909091
"Ridge->PCA (top-100, 95%var)",Decision Tree,10.0,2,1.6638615326465904,1.2620651328884787,-0.0744824838925724,0.46126115510431187,0.6272727272727273
"Ridge->PCA (top-100, 95%var)",Decision Tree,10.0,5,1.78726011565359,1.3438818384392237,-0.23976823595630048,0.343201943837873,0.6090909090909091
"Ridge->PCA (top-100, 95%var)",Decision Tree,10.0,10,1.6760110053681532,1.2913735826403323,-0.0902314591478548,0.40310080391014547,0.6181818181818182
"Ridge->PCA (top-100, 95%var)",Decision Tree,20.0,2,1.7267941920849115,1.309090909090909,-0.15730048755452897,0.4297334633765407,0.6272727272727273
"Ridge->PCA (top-100, 95%var)",Decision Tree,20.0,5,1.7217796732318404,1.3064098838938036,-0.1505887683528213,0.40650172579174415,0.6272727272727273
"Ridge->PCA (top-100, 95%var)",Decision Tree,20.0,10,1.6872824915517157,1.25917176919222,-0.1049447875350682,0.3906779406212176,0.6272727272727273
"Ridge->PCA (top-100, 95%var)",Decision Tree,30.0,2,1.760681686165901,1.3,-0.20316910443931224,0.35481516079126546,0.6454545454545455
"Ridge->PCA (top-100, 95%var)",Decision Tree,30.0,5,1.7414196665838346,1.2836146811205549,-0.1769875451467775,0.3746621710806429,0.6454545454545455
"Ridge->PCA (top-100, 95%var)",Decision Tree,30.0,10,1.6572128209368513,1.249689691088788,-0.06591247882722162,0.44890026404551314,0.6454545454545455
"Ridge->PCA (top-100, 95%var)",Decision Tree,,2,1.7425164665975574,1.2545454545454546,-0.1784706184244289,0.4184131409864002,0.6
"Ridge->PCA (top-100, 95%var)",Decision Tree,,5,1.7181781838170658,1.3080388370586635,-0.14578037218608597,0.419528774966379,0.5818181818181818
"Ridge->PCA (top-100, 95%var)",Decision Tree,,10,1.7017730888028622,1.2792640400679796,-0.12400509731399056,0.381587875845369,0.6181818181818182
"ElasticNet (top-200, l1r=0.5)",Decision Tree,10.0,2,1.5917557033157397,1.1506787190211518,0.01662807126116128,0.4975108348122197,0.6636363636363637
"ElasticNet (top-200, l1r=0.5)",Decision Tree,10.0,5,1.6967380004210606,1.241409050193359,-0.11736368004495734,0.4343372763777655,0.6363636363636364
"ElasticNet (top-200, l1r=0.5)",Decision Tree,10.0,10,1.6286951864823347,1.2232735312342478,-0.029543268113157328,0.4540601278264047,0.6454545454545455
"ElasticNet (top-200, l1r=0.5)",Decision Tree,20.0,2,1.651445647689541,1.2181818181818183,-0.058506543494996066,0.4674424186028603,0.6818181818181818
"ElasticNet (top-200, l1r=0.5)",Decision Tree,20.0,5,1.6510617165235337,1.2612787871639548,-0.05801443355185443,0.47235855020368395,0.6181818181818182
"ElasticNet (top-200, l1r=0.5)",Decision Tree,20.0,10,1.6526869229955923,1.233168220234994,-0.06009835103386352,0.453356900408441,0.6636363636363637
"ElasticNet (top-200, l1r=0.5)",Decision Tree,30.0,2,1.6733200530681511,1.2363636363636363,-0.08673338465486258,0.47902171389971726,0.6363636363636364
"ElasticNet (top-200, l1r=0.5)",Decision Tree,30.0,5,1.592198386150591,1.1249151508003183,0.01608102449279525,0.4915032600619598,0.6818181818181818
"ElasticNet (top-200, l1r=0.5)",Decision Tree,30.0,10,1.615833777138419,1.2046771237026603,-0.013347364114416838,0.48429754739057096,0.6636363636363637
"ElasticNet (top-200, l1r=0.5)",Decision Tree,,2,1.5868780098614443,1.1363636363636365,0.022645624839620293,0.48227883061830995,0.6818181818181818
"ElasticNet (top-200, l1r=0.5)",Decision Tree,,5,1.7202498612967352,1.277744139992944,-0.14854506614146734,0.4208053409361296,0.6272727272727273
"ElasticNet (top-200, l1r=0.5)",Decision Tree,,10,1.6691074021722188,1.2513500384168121,-0.08126848190376323,0.44535934718585685,0.6454545454545455
"ElasticNet->PCA (top-200, 95%var)",Decision Tree,10.0,2,1.3524671962010837,0.8837818259387036,0.2900652119168511,0.6471877806313003,0.7545454545454545
"ElasticNet->PCA (top-200, 95%var)",Decision Tree,10.0,5,1.357050223345198,0.9634487675949461,0.285245630130769,0.6575664310592543,0.7272727272727273
"ElasticNet->PCA (top-200, 95%var)",Decision Tree,10.0,10,1.2690455160670226,0.9279497726139398,0.37494335660819966,0.6709864474218208,0.7636363636363637
"ElasticNet->PCA (top-200, 95%var)",Decision Tree,20.0,2,1.3584750809104102,0.9181818181818183,0.283743905568386,0.6510643991579785,0.7545454545454545
"ElasticNet->PCA (top-200, 95%var)",Decision Tree,20.0,5,1.3654842200121062,0.9481571199245787,0.27633369974547584,0.6553501969049692,0.7272727272727273
"ElasticNet->PCA (top-200, 95%var)",Decision Tree,20.0,10,1.2881379336406253,0.9366991320671852,0.3559942915506905,0.671642511092114,0.7818181818181819
"ElasticNet->PCA (top-200, 95%var)",Decision Tree,30.0,2,1.404538099421754,0.9363636363636365,0.23434693353861946,0.6642917574826136,0.7363636363636363
"ElasticNet->PCA (top-200, 95%var)",Decision Tree,30.0,5,1.3685778509354067,0.9395956229618853,0.2730509192244416,0.6630846644933514,0.7545454545454545
"ElasticNet->PCA (top-200, 95%var)",Decision Tree,30.0,10,1.2881379336406253,0.9366991320671851,0.3559942915506905,0.671642511092114,0.7818181818181819
"ElasticNet->PCA (top-200, 95%var)",Decision Tree,,2,1.348399724926484,0.890909090909091,0.294328971003336,0.6784319762843792,0.7727272727272727
"ElasticNet->PCA (top-200, 95%var)",Decision Tree,,5,1.388616174606918,0.9569528458062303,0.2516075169169424,0.6556329769268268,0.7454545454545455
"ElasticNet->PCA (top-200, 95%var)",Decision Tree,,10,1.2916618153273902,0.9457900411580943,0.3524659364057072,0.6669897919031497,0.7818181818181819
"Lasso (alpha=1.0, top-100)",Decision Tree,10.0,2,1.7368891628924084,1.2885362654211479,-0.15264409885043428,0.4164845598420477,0.6181818181818182
"Lasso (alpha=1.0, top-100)",Decision Tree,10.0,5,1.6973758254858873,1.2761046553900053,-0.10079651345546603,0.41042480243785495,0.6545454545454545
"Lasso (alpha=1.0, top-100)",Decision Tree,10.0,10,1.643492138684155,1.2824398728307007,-0.032015648109857464,0.42839321463851976,0.6454545454545455
"Lasso (alpha=1.0, top-100)",Decision Tree,20.0,2,1.7837651700316897,1.3272727272727276,-0.2156998957971521,0.42304223882217873,0.6
"Lasso (alpha=1.0, top-100)",Decision Tree,20.0,5,1.7436708452636602,1.3116554457354532,-0.1616626669971295,0.4225271106018498,0.6181818181818182
"Lasso (alpha=1.0, top-100)",Decision Tree,20.0,10,1.7487973383131217,1.3279984932835114,-0.16850341908307231,0.3985112577907378,0.6272727272727273
"Lasso (alpha=1.0, top-100)",Decision Tree,30.0,2,1.745123074586588,1.3363636363636366,-0.16359847169155994,0.41103789895783194,0.6
"Lasso (alpha=1.0, top-100)",Decision Tree,30.0,5,1.7801044459168354,1.3084111965484735,-0.2107151865961001,0.39397777929528266,0.6545454545454545
"Lasso (alpha=1.0, top-100)",Decision Tree,30.0,10,1.798950914681852,1.3704242275451102,-0.23648726390348718,0.37688319672022913,0.6272727272727273
"Lasso (alpha=1.0, top-100)",Decision Tree,,2,1.8414421226063804,1.372727272727273,-0.2955887460923934,0.3786528342589011,0.6090909090909091
"Lasso (alpha=1.0, top-100)",Decision Tree,,5,1.8417028273280753,1.3572132969751225,-0.29595562160717237,0.3792167920129242,0.6272727272727273
"Lasso (alpha=1.0, top-100)",Decision Tree,,10,1.772509380928741,1.3456034052139143,-0.2004058548205725,0.387914286499288,0.6454545454545455
"Ridge (alpha=1.0, top-100)",Decision Tree,10.0,2,1.847880824770043,1.404515397623772,-0.3046647783286196,0.32886053142925087,0.5909090909090909
"Ridge (alpha=1.0, top-100)",Decision Tree,10.0,5,1.8287037072102876,1.3687932032000432,-0.27772593735363493,0.287133057765492,0.5909090909090909
"Ridge (alpha=1.0, top-100)",Decision Tree,10.0,10,1.8632739112855612,1.4354719665933744,-0.32649136343353,0.26836527878825595,0.5727272727272728
"Ridge (alpha=1.0, top-100)",Decision Tree,20.0,2,1.8829377433825438,1.4181818181818187,-0.3546370267453982,0.3095656007667134,0.5909090909090909
"Ridge (alpha=1.0, top-100)",Decision Tree,20.0,5,1.8566045330321033,1.3955130449955007,-0.31701230680197634,0.2913373263668845,0.5727272727272728
"Ridge (alpha=1.0, top-100)",Decision Tree,20.0,10,1.8533364518361002,1.4131721849624623,-0.3123798555313888,0.3086424126838725,0.5727272727272728
"Ridge (alpha=1.0, top-100)",Decision Tree,30.0,2,1.7812151113010672,1.3545454545454552,-0.2122264675234462,0.380114757619581,0.5818181818181818
"Ridge (alpha=1.0, top-100)",Decision Tree,30.0,5,1.8554749284905934,1.3980130449955006,-0.3154101880107294,0.34209551679910044,0.5727272727272728
"Ridge (alpha=1.0, top-100)",Decision Tree,30.0,10,1.824551512068358,1.3825325854419115,-0.2719301987530478,0.2988734169962086,0.5818181818181818
"Ridge (alpha=1.0, top-100)",Decision Tree,,2,1.8805221711970421,1.4272727272727277,-0.3511635984716921,0.3017090895105377,0.5545454545454546
"Ridge (alpha=1.0, top-100)",Decision Tree,,5,1.8799782797855442,1.3565558257441637,-0.35038213466896684,0.33683432639571165,0.6
"Ridge (alpha=1.0, top-100)",Decision Tree,,10,1.866117102487064,1.4231223129113575,-0.33054266905668195,0.2958755580226367,0.5727272727272728
PCA (n_components=50),Decision Tree,10.0,2,1.6347892839789189,1.1463062590268214,-0.021114832689661966,0.4557383758002237,0.6636363636363637
PCA (n_components=50),Decision Tree,10.0,5,1.6320076317481709,1.1763187365150598,-0.01764286248443936,0.4582755815978443,0.6545454545454545
PCA (n_components=50),Decision Tree,10.0,10,1.655014675107276,1.1628840145170476,-0.04653731583969667,0.4392197710304488,0.7090909090909091
PCA (n_components=50),Decision Tree,20.0,2,1.5255401427929478,1.0181818181818185,0.11080236193122583,0.5460177064391417,0.7090909090909091
PCA (n_components=50),Decision Tree,20.0,5,1.503573909162873,1.032473616256884,0.13622509539879957,0.5326325111576646,0.7272727272727273
PCA (n_components=50),Decision Tree,20.0,10,1.4462359538034009,1.0200309185903802,0.20084811480340514,0.5163322434476437,0.7818181818181819
PCA (n_components=50),Decision Tree,30.0,2,1.6039723416341296,1.1545454545454548,0.01701979854115987,0.4712067318871475,0.6909090909090909
PCA (n_components=50),Decision Tree,30.0,5,1.6631197338636083,1.1686211885366222,-0.05681277321403799,0.4521485056972791,0.6818181818181818
PCA (n_components=50),Decision Tree,30.0,10,1.6969509584854314,1.2042817324882324,-0.1002455057502909,0.40275920943968246,0.6909090909090909
PCA (n_components=50),Decision Tree,,2,1.692228224453299,1.1545454545454548,-0.094129906217437,0.44445757198101565,0.6818181818181818
PCA (n_components=50),Decision Tree,,5,1.7521654521083811,1.1999069033133796,-0.17300873522694848,0.38899320803215076,0.6818181818181818
PCA (n_components=50),Decision Tree,,10,1.6054400413887906,1.1662487053729809,0.01522004197850435,0.42163484933786444,0.6909090909090909
"Lasso->PCA (top-100, 95%var)",Decision Tree,10.0,2,1.7794598429143416,1.2288044976997163,-0.20983850844015506,0.3380101103973589,0.6636363636363637
"Lasso->PCA (top-100, 95%var)",Decision Tree,10.0,5,1.8304608649680805,1.3410665794021464,-0.2801825897873089,0.29235186128254986,0.6181818181818182
"Lasso->PCA (top-100, 95%var)",Decision Tree,10.0,10,1.7625497155076517,1.3203530899134235,-0.18695368169493398,0.2991527387684084,0.6454545454545455
"Lasso->PCA (top-100, 95%var)",Decision Tree,20.0,2,1.7555108036745835,1.2272727272727273,-0.17749218478638418,0.3652086871600885,0.6545454545454545
"Lasso->PCA (top-100, 95%var)",Decision Tree,20.0,5,1.7093075649414644,1.244245941660782,-0.11632705339448779,0.39073322446814474,0.6090909090909091
"Lasso->PCA (top-100, 95%var)",Decision Tree,20.0,10,1.7282044100959437,1.2841524408372005,-0.14114606855942213,0.35452317508266235,0.6454545454545455
"Lasso->PCA (top-100, 95%var)",Decision Tree,30.0,2,1.7188791273808215,1.2454545454545454,-0.12886418895449814,0.3927531025032854,0.6363636363636364
"Lasso->PCA (top-100, 95%var)",Decision Tree,30.0,5,1.7820320972847616,1.281282457349106,-0.21333874099633188,0.36046671855236395,0.6
"Lasso->PCA (top-100, 95%var)",Decision Tree,30.0,10,1.728204410095944,1.2841524408372005,-0.14114606855942236,0.354576043583379,0.6454545454545455
"Lasso->PCA (top-100, 95%var)",Decision Tree,,2,1.7555108036745835,1.2454545454545454,-0.17749218478638418,0.35002159003424493,0.6454545454545455
"Lasso->PCA (top-100, 95%var)",Decision Tree,,5,1.7416566470739667,1.2753188803499997,-0.15898043206899093,0.3952106288793841,0.6090909090909091
"Lasso->PCA (top-100, 95%var)",Decision Tree,,10,1.6646401243496771,1.2493771774234235,-0.05874589022382759,0.3963559922034267,0.6454545454545455
"Ridge->PCA (top-100, 95%var)",Decision Tree,10.0,2,1.8030024591196692,1.3231205014956688,-0.2420630963357877,0.36295429786593025,0.6272727272727273
"Ridge->PCA (top-100, 95%var)",Decision Tree,10.0,5,1.7742220934405069,1.3170770819213482,-0.20272679421245443,0.34994331081372665,0.6181818181818182
"Ridge->PCA (top-100, 95%var)",Decision Tree,10.0,10,1.7089827695159812,1.2925341314997933,-0.11590285416907409,0.38769206078802376,0.6454545454545455
"Ridge->PCA (top-100, 95%var)",Decision Tree,20.0,2,1.7606816861659011,1.245454545454546,-0.18443904133379685,0.4292851637956756,0.6090909090909091
"Ridge->PCA (top-100, 95%var)",Decision Tree,20.0,5,1.7003508856429816,1.235663842711562,-0.10465871751912448,0.42700729598545534,0.6454545454545455
"Ridge->PCA (top-100, 95%var)",Decision Tree,20.0,10,1.7480352041143592,1.2847930608634615,-0.16748516231519384,0.3911771804067138,0.6363636363636364
"Ridge->PCA (top-100, 95%var)",Decision Tree,30.0,2,1.7888543819998322,1.3090909090909095,-0.22264675234456455,0.38169625537429247,0.6272727272727273
"Ridge->PCA (top-100, 95%var)",Decision Tree,30.0,5,1.8465201591456972,1.3073321110183085,-0.3027441361391441,0.38368705669986003,0.6181818181818182
"Ridge->PCA (top-100, 95%var)",Decision Tree,30.0,10,1.7116046155524587,1.2434581471185526,-0.11932941854064882,0.4009733749612375,0.6545454545454545
"Ridge->PCA (top-100, 95%var)",Decision Tree,,2,1.7215215257545764,1.254545454545455,-0.1323376172282047,0.450029761512012,0.6090909090909091
"Ridge->PCA (top-100, 95%var)",Decision Tree,,5,1.7410501950051278,1.2581585572993,-0.15817344900317232,0.41420884722892265,0.6272727272727273
"Ridge->PCA (top-100, 95%var)",Decision Tree,,10,1.7418662855444569,1.3058757054915604,-0.1592594555012461,0.3900692030132897,0.6181818181818182
"ElasticNet (top-200, l1r=0.5)",Decision Tree,10.0,2,1.758970197825851,1.2431801673403022,-0.18213746874729564,0.345981739693419,0.6181818181818182
"ElasticNet (top-200, l1r=0.5)",Decision Tree,10.0,5,1.7843908804506308,1.2982502519993826,-0.2165529335390468,0.3079370283493223,0.6090909090909091
"ElasticNet (top-200, l1r=0.5)",Decision Tree,10.0,10,1.6735073708905346,1.2381163009763154,-0.07005544024572585,0.3749095545179258,0.6272727272727273
"ElasticNet (top-200, l1r=0.5)",Decision Tree,20.0,2,1.7162326606420661,1.2181818181818187,-0.12539076068079202,0.34630979220881714,0.6272727272727273
"ElasticNet (top-200, l1r=0.5)",Decision Tree,20.0,5,1.6506702494221976,1.1782738576302958,-0.04105019088582651,0.36514233901241766,0.6454545454545455
"ElasticNet (top-200, l1r=0.5)",Decision Tree,20.0,10,1.6822114010033955,1.2822174796048609,-0.08121525440513633,0.3219081909398348,0.6090909090909091
"ElasticNet (top-200, l1r=0.5)",Decision Tree,30.0,2,1.7888543819998317,1.3272727272727278,-0.2226467523445641,0.32700830025034905,0.5545454545454546
"ElasticNet (top-200, l1r=0.5)",Decision Tree,30.0,5,1.7969534189178173,1.3507996428316356,-0.23374287903316304,0.2786436808119093,0.5909090909090909
"ElasticNet (top-200, l1r=0.5)",Decision Tree,30.0,10,1.6450544226512924,1.2409677831437547,-0.03397862411706676,0.3769306523862085,0.6181818181818182
"ElasticNet (top-200, l1r=0.5)",Decision Tree,,2,1.7761040100583791,1.2818181818181824,-0.20527961097603353,0.33140554615754453,0.6363636363636364
"ElasticNet (top-200, l1r=0.5)",Decision Tree,,5,1.8276261743963154,1.3595204213957361,-0.27622062406125836,0.27085250096236113,0.5727272727272728
"ElasticNet (top-200, l1r=0.5)",Decision Tree,,10,1.6567309504624452,1.2415294417935268,-0.04870899147003027,0.3601444923831871,0.6181818181818182
"ElasticNet->PCA (top-200, 95%var)",Decision Tree,10.0,2,1.7169505439401276,1.2573057493842013,-0.1263324374331123,0.4102709177166206,0.5818181818181818
"ElasticNet->PCA (top-200, 95%var)",Decision Tree,10.0,5,1.7147250657075055,1.2842434993760599,-0.12341446893441121,0.38647837815416225,0.5909090909090909
"ElasticNet->PCA (top-200, 95%var)",Decision Tree,10.0,10,1.6277640150001187,1.2392385618381903,-0.012357505169238614,0.43451467157408785,0.6454545454545455
"ElasticNet->PCA (top-200, 95%var)",Decision Tree,20.0,2,1.7786613965666327,1.3272727272727276,-0.20875303924973987,0.34310095660756723,0.5636363636363636
"ElasticNet->PCA (top-200, 95%var)",Decision Tree,20.0,5,1.7307284308041007,1.274739149855533,-0.14448176148419134,0.36672626634123706,0.5727272727272728
"ElasticNet->PCA (top-200, 95%var)",Decision Tree,20.0,10,1.7343299839259858,1.3324758828930414,-0.14924992791218528,0.3917103130928761,0.6272727272727273
"ElasticNet->PCA (top-200, 95%var)",Decision Tree,30.0,2,1.7555108036745837,1.3000000000000003,-0.1774921847863844,0.3741910428645575,0.5818181818181818
"ElasticNet->PCA (top-200, 95%var)",Decision Tree,30.0,5,1.7909421666220784,1.3622699178240267,-0.22550233713215806,0.3345908099840301,0.5727272727272728
"ElasticNet->PCA (top-200, 95%var)",Decision Tree,30.0,10,1.680805606403123,1.2797816114119758,-0.07940890419165925,0.411309753159533,0.6454545454545455
"ElasticNet->PCA (top-200, 95%var)",Decision Tree,,2,1.7215215257545764,1.2363636363636366,-0.13233761722820447,0.42918168168707593,0.6
"ElasticNet->PCA (top-200, 95%var)",Decision Tree,,5,1.794767325126703,1.3689657305135234,-0.23074287130139148,0.34705242630280086,0.5636363636363636
"ElasticNet->PCA (top-200, 95%var)",Decision Tree,,10,1.6844492459707212,1.2777363806335649,-0.08409384802933828,0.4137163443347903,0.6363636363636364
"Lasso (alpha=1.0, top-100)",Decision Tree,10.0,2,1.6816031981613229,1.2859193409091962,-0.08043356987600836,0.382795290741335,0.6272727272727273
"Lasso (alpha=1.0, top-100)",Decision Tree,10.0,5,1.6650465433981816,1.270855274042279,-0.05926293534229066,0.4036687725631346,0.6454545454545455
"Lasso (alpha=1.0, top-100)",Decision Tree,10.0,10,1.5723992432374496,1.2176286109277117,0.055337506722099805,0.4253417187368284,0.6545454545454545
"Lasso (alpha=1.0, top-100)",Decision Tree,20.0,2,1.7425164665975577,1.309090909090909,-0.16012504341785339,0.38320557882500483,0.5727272727272728
"Lasso (alpha=1.0, top-100)",Decision Tree,20.0,5,1.7530072141011837,1.3100889037127479,-0.17413606181308516,0.3556268477414454,0.6181818181818182
"Lasso (alpha=1.0, top-100)",Decision Tree,20.0,10,1.6028569664554162,1.220320945264293,0.01838641875438518,0.41048039726354696,0.6363636363636364
"Lasso (alpha=1.0, top-100)",Decision Tree,30.0,2,1.6733200530681513,1.2545454545454549,-0.06981590830149353,0.38116852543545454,0.6090909090909091
"Lasso (alpha=1.0, top-100)",Decision Tree,30.0,5,1.6538700036678091,1.2537960820952936,-0.045090166007424326,0.42164175959072364,0.6
"Lasso (alpha=1.0, top-100)",Decision Tree,30.0,10,1.6174830123447657,1.2332365852655147,0.00039026580538825684,0.3881119364593038,0.6363636363636364
"Lasso (alpha=1.0, top-100)",Decision Tree,,2,1.7606816861659011,1.3363636363636364,-0.1844390413337964,0.37787900845453515,0.5909090909090909
"Lasso (alpha=1.0, top-100)",Decision Tree,,5,1.7204902623603473,1.308417434768594,-0.13098138838640305,0.3835427626204326,0.6
"Lasso (alpha=1.0, top-100)",Decision Tree,,10,1.5840880553784198,1.1980493458959192,0.04124054744291705,0.42103183123848725,0.6454545454545455
"Ridge (alpha=1.0, top-100)",Decision Tree,10.0,2,1.6689842652592106,1.2712753897480848,-0.06427902933348717,0.3896483440797322,0.6636363636363637
"Ridge (alpha=1.0, top-100)",Decision Tree,10.0,5,1.7240286475937707,1.266212269539993,-0.13563815751872377,0.3800770840879857,0.6636363636363637
"Ridge (alpha=1.0, top-100)",Decision Tree,10.0,10,1.7172215896018022,1.300225065278193,-0.12668808147759414,0.3784943484344772,0.6272727272727273
"Ridge (alpha=1.0, top-100)",Decision Tree,20.0,2,1.7267941920849117,1.2363636363636368,-0.1392844737756167,0.3983427342768382,0.6454545454545455
"Ridge (alpha=1.0, top-100)",Decision Tree,20.0,5,1.6966181845549353,1.2257583340851241,-0.09981402937781603,0.4412758925875092,0.6818181818181818
"Ridge (alpha=1.0, top-100)",Decision Tree,20.0,10,1.700410390912092,1.2723347920234318,-0.10473603587148128,0.4022932675487255,0.6363636363636364
"Ridge (alpha=1.0, top-100)",Decision Tree,30.0,2,1.686847516954199,1.245454545454546,-0.08718304967002455,0.4190336488691833,0.6454545454545455
"Ridge (alpha=1.0, top-100)",Decision Tree,30.0,5,1.7578597574818973,1.3342553550345764,-0.18064536980609436,0.36405365521362865,0.6090909090909091
"Ridge (alpha=1.0, top-100)",Decision Tree,30.0,10,1.6984864818766838,1.2844678582698061,-0.10223756930518135,0.404573486254978,0.6454545454545455
"Ridge (alpha=1.0, top-100)",Decision Tree,,2,1.718879127380822,1.2818181818181824,-0.12886418895449858,0.41459302102023593,0.6272727272727273
"Ridge (alpha=1.0, top-100)",Decision Tree,,5,1.7722442135438892,1.291498053809529,-0.20004672027918646,0.37638167867995326,0.6363636363636364
"Ridge (alpha=1.0, top-100)",Decision Tree,,10,1.7194807179055374,1.3033330040406548,-0.1296545096123085,0.3963578043672774,0.6272727272727273
PCA (n_components=50),Decision Tree,10.0,2,1.6773627068346415,1.2120135548070148,-0.07499139121486587,0.4594762541058996,0.6363636363636364
PCA (n_components=50),Decision Tree,10.0,5,1.5902085879324306,1.1746592418895554,0.033817405888343255,0.5046118324222232,0.6636363636363637
PCA (n_components=50),Decision Tree,10.0,10,1.5829044570586888,1.1601729959960445,0.04267274324630488,0.49793789201671124,0.6636363636363637
PCA (n_components=50),Decision Tree,20.0,2,1.5579707080920129,1.1000000000000008,0.07259465092045825,0.5223060199472458,0.6636363636363637
PCA (n_components=50),Decision Tree,20.0,5,1.6677356602428024,1.1806428113620646,-0.06268720239320791,0.4542623445407712,0.6545454545454545
PCA (n_components=50),Decision Tree,20.0,10,1.5561797178025196,1.1172168672928489,0.07472565282739752,0.49647337754593984,0.6909090909090909
PCA (n_components=50),Decision Tree,30.0,2,1.692228224453299,1.227272727272728,-0.09412990621743678,0.4544100239497035,0.6272727272727273
PCA (n_components=50),Decision Tree,30.0,5,1.6202767550226942,1.1409316200263246,-0.003065800331211621,0.4769894676199246,0.6727272727272727
PCA (n_components=50),Decision Tree,30.0,10,1.5819002776523376,1.146774474243099,0.04388699642924743,0.49071137358346856,0.6727272727272727
PCA (n_components=50),Decision Tree,,2,1.6180796699117812,1.1090909090909098,-0.00034734282737081124,0.4923556791825279,0.6909090909090909
PCA (n_components=50),Decision Tree,,5,1.67435649917871,1.198469862359847,-0.07114159603201964,0.44658520551706804,0.6545454545454545
PCA (n_components=50),Decision Tree,,10,1.5930671780848062,1.1526835651521896,0.03034062616179356,0.4804131515824793,0.6727272727272727
"Lasso->PCA (top-100, 95%var)",Decision Tree,10.0,2,1.9002105863425822,1.4486409134579414,-0.3796041332731024,0.34409508066423156,0.6
"Lasso->PCA (top-100, 95%var)",Decision Tree,10.0,5,1.8918505212634464,1.4819981550313677,-0.3674915714780309,0.31263800605665,0.5636363636363636
"Lasso->PCA (top-100, 95%var)",Decision Tree,10.0,10,1.8239903918583182,1.4412830844932423,-0.27114798351879377,0.33682404808877986,0.6454545454545455
"Lasso->PCA (top-100, 95%var)",Decision Tree,20.0,2,1.9586637374403084,1.4909090909090914,-0.46578673150399474,0.3204472354421309,0.5727272727272728
"Lasso->PCA (top-100, 95%var)",Decision Tree,20.0,5,1.940834094518089,1.5162782292112615,-0.43922218849886585,0.2844999805273909,0.5545454545454546
"Lasso->PCA (top-100, 95%var)",Decision Tree,20.0,10,1.8338871253782407,1.4531709646317899,-0.28497957189679535,0.3409392609392616,0.6545454545454545
"Lasso->PCA (top-100, 95%var)",Decision Tree,30.0,2,1.9632996344280857,1.4909090909090914,-0.47273358805140697,0.30521882052323596,0.5636363636363636
"Lasso->PCA (top-100, 95%var)",Decision Tree,30.0,5,1.9598819037924577,1.5141391917781066,-0.46761055383621497,0.2738935227081912,0.5636363636363636
"Lasso->PCA (top-100, 95%var)",Decision Tree,30.0,10,1.8525416408078936,1.4649173375146052,-0.31125445780476624,0.3244014565745133,0.6454545454545455
"Lasso->PCA (top-100, 95%var)",Decision Tree,,2,1.9632996344280857,1.545454545454546,-0.47273358805140697,0.29273598102248155,0.5454545454545454
"Lasso->PCA (top-100, 95%var)",Decision Tree,,5,1.9311883658863376,1.489693515503162,-0.4249521899924338,0.308011683953624,0.5818181818181818
"Lasso->PCA (top-100, 95%var)",Decision Tree,,10,1.838310441248145,1.451786024383292,-0.2911857611122417,0.3389083773481859,0.6454545454545455
"Ridge->PCA (top-100, 95%var)",Decision Tree,10.0,2,1.89569572780626,1.4854655214016692,-0.3730561033918707,0.1929273469644415,0.5454545454545454
"Ridge->PCA (top-100, 95%var)",Decision Tree,10.0,5,1.989351836670876,1.565041594142381,-0.5120780837347572,0.18211798653414377,0.5
"Ridge->PCA (top-100, 95%var)",Decision Tree,10.0,10,1.9384234833805918,1.5587882430472861,-0.4356492396712337,0.17580936610835793,0.5181818181818182
"Ridge->PCA (top-100, 95%var)",Decision Tree,20.0,2,2.080209779631066,1.6363636363636365,-0.6533518582841262,0.1363129752439603,0.509090909090909
"Ridge->PCA (top-100, 95%var)",Decision Tree,20.0,5,1.9814830467702802,1.5697216231719957,-0.5001398301847293,0.20352730764958762,0.5
"Ridge->PCA (top-100, 95%var)",Decision Tree,20.0,10,1.872098550367277,1.4553130191312074,-0.3390858911135761,0.2270228746248647,0.5818181818181818
"Ridge->PCA (top-100, 95%var)",Decision Tree,30.0,2,1.9235384061671346,1.518181818181818,-0.41368530739840215,0.2301344168683653,0.5272727272727272
"Ridge->PCA (top-100, 95%var)",Decision Tree,30.0,5,1.93164086241322,1.5303069114985643,-0.42562002899580986,0.2500877505938612,0.5181818181818182
"Ridge->PCA (top-100, 95%var)",Decision Tree,30.0,10,1.9490729290743665,1.5416906561416965,-0.45146711050211263,0.1945459709450937,0.5363636363636364
"Ridge->PCA (top-100, 95%var)",Decision Tree,,2,1.986316829071975,1.509090909090909,-0.5074678707884681,0.18858566006151506,0.5363636363636364
"Ridge->PCA (top-100, 95%var)",Decision Tree,,5,1.9467291753430105,1.4931504650837262,-0.4479784405504845,0.21544228869677767,0.5454545454545454
"Ridge->PCA (top-100, 95%var)",Decision Tree,,10,1.927710054399027,1.5201381939563823,-0.41982377881702315,0.20297717228170775,0.5454545454545454
"ElasticNet (top-200, l1r=0.5)",Decision Tree,10.0,2,1.5386925769325108,1.1531421170454887,0.09540384475931518,0.5182381312338928,0.6818181818181818
"ElasticNet (top-200, l1r=0.5)",Decision Tree,10.0,5,1.6399472646416948,1.2069714508756115,-0.027568507775739715,0.4532332680751519,0.6727272727272727
"ElasticNet (top-200, l1r=0.5)",Decision Tree,10.0,10,1.6765780640695078,1.26123175983422,-0.07398589976066816,0.41517907094766027,0.6636363636363637
"ElasticNet (top-200, l1r=0.5)",Decision Tree,20.0,2,1.6814495910590745,1.2272727272727284,-0.08023619312261254,0.4010154702697166,0.6727272727272727
"ElasticNet (top-200, l1r=0.5)",Decision Tree,20.0,5,1.694090954124177,1.2696656565982647,-0.09653997114619672,0.4035805982202815,0.6363636363636364
"ElasticNet (top-200, l1r=0.5)",Decision Tree,20.0,10,1.7038418438119787,1.2641533438510708,-0.10919928155507574,0.38400162705924445,0.6545454545454545
"ElasticNet (top-200, l1r=0.5)",Decision Tree,30.0,2,1.6922282244532991,1.190909090909092,-0.094129906217437,0.4281113426729996,0.6636363636363637
"ElasticNet (top-200, l1r=0.5)",Decision Tree,30.0,5,1.7358059918378759,1.234965875859523,-0.15120690706158357,0.40399665053953676,0.6272727272727273
"ElasticNet (top-200, l1r=0.5)",Decision Tree,30.0,10,1.7258429700970004,1.285727526621524,-0.13802964681367125,0.3934068569386966,0.6545454545454545
"ElasticNet (top-200, l1r=0.5)",Decision Tree,,2,1.8537431419599746,1.3636363636363646,-0.3129558874609246,0.3673233783677306,0.6272727272727273
"ElasticNet (top-200, l1r=0.5)",Decision Tree,,5,1.6424499021938164,1.201987085169693,-0.03070713766520461,0.42508904223068267,0.6818181818181818
"ElasticNet (top-200, l1r=0.5)",Decision Tree,,10,1.7493697354125743,1.2940943810060777,-0.16926846762598324,0.39134409342531157,0.6363636363636364
"ElasticNet->PCA (top-200, 95%var)",Decision Tree,10.0,2,1.4653067399652648,1.036037863030542,0.17963312733365921,0.5549822410341247,0.7727272727272727
"ElasticNet->PCA (top-200, 95%var)",Decision Tree,10.0,5,1.485920869473429,1.0404216939859254,0.1563887067140194,0.5353652269356278,0.7454545454545455
"ElasticNet->PCA (top-200, 95%var)",Decision Tree,10.0,10,1.4875807989261405,1.0593635067912692,0.15450284936884084,0.5453602729297918,0.7363636363636363
"ElasticNet->PCA (top-200, 95%var)",Decision Tree,20.0,2,1.5314876902719607,1.0181818181818185,0.10385550538381394,0.5306595006711229,0.7272727272727273
"ElasticNet->PCA (top-200, 95%var)",Decision Tree,20.0,5,1.505444734116107,0.9982806218648083,0.1340742507031235,0.5390572978395446,0.7090909090909091
"ElasticNet->PCA (top-200, 95%var)",Decision Tree,20.0,10,1.494084534274902,1.0258719141008354,0.14709362448232188,0.5495010768854945,0.7363636363636363
"ElasticNet->PCA (top-200, 95%var)",Decision Tree,30.0,2,1.543314025666255,1.072727272727273,0.08996179228898937,0.5228742292345282,0.7
"ElasticNet->PCA (top-200, 95%var)",Decision Tree,30.0,5,1.4795398985117458,1.02135483747221,0.1636185681080371,0.5557557499004806,0.7363636363636363
"ElasticNet->PCA (top-200, 95%var)",Decision Tree,30.0,10,1.4807570465654385,1.0203956507937721,0.16224189855904136,0.5586884333305067,0.7363636363636363
"ElasticNet->PCA (top-200, 95%var)",Decision Tree,,2,1.555050423035156,1.054545454545455,0.0760680791941647,0.5252398972208844,0.7090909090909091
"ElasticNet->PCA (top-200, 95%var)",Decision Tree,,5,1.4892752153847464,1.0065821101994825,0.15257563950149,0.5611297493866607,0.7363636363636363
"ElasticNet->PCA (top-200, 95%var)",Decision Tree,,10,1.4932186833342336,1.0208867834510393,0.14808188958518087,0.5506490365921052,0.7272727272727273
"Lasso (alpha=1.0, top-100)",Decision Tree,10.0,2,1.7582047972009933,1.3231380145030123,-0.21696179456328357,0.38834689697258556,0.6363636363636364
"Lasso (alpha=1.0, top-100)",Decision Tree,10.0,5,1.7869520202561988,1.3448510616490335,-0.25708257498185483,0.3563267333069262,0.6272727272727273
"Lasso (alpha=1.0, top-100)",Decision Tree,10.0,10,1.6630330647475,1.2553522529655214,-0.08877913816911409,0.4250753010497374,0.6818181818181818
"Lasso (alpha=1.0, top-100)",Decision Tree,20.0,2,1.7529196424044293,1.309090909090909,-0.2096564289432583,0.41239696229019496,0.6090909090909091
"Lasso (alpha=1.0, top-100)",Decision Tree,20.0,5,1.7458308961844773,1.31765097667599,-0.19989259398343173,0.38107451609225096,0.6363636363636364
"Lasso (alpha=1.0, top-100)",Decision Tree,20.0,10,1.6524614739737549,1.2571795151438339,-0.07498080322445722,0.42621131661283335,0.6818181818181818
"Lasso (alpha=1.0, top-100)",Decision Tree,30.0,2,1.7002673586554236,1.2727272727272727,-0.1380791254554916,0.41409707503779497,0.6454545454545455
"Lasso (alpha=1.0, top-100)",Decision Tree,30.0,5,1.710432271728033,1.3016664872317851,-0.15172763305705028,0.4030717356595905,0.6545454545454545
"Lasso (alpha=1.0, top-100)",Decision Tree,30.0,10,1.6417369682774388,1.239330283967211,-0.061072790974961544,0.43379006579036383,0.6909090909090909
"Lasso (alpha=1.0, top-100)",Decision Tree,,2,1.7503246452119572,1.3,-0.2060775637688701,0.4095809142035558,0.6272727272727273
"Lasso (alpha=1.0, top-100)",Decision Tree,,5,1.7885473257917313,1.3701665375117096,-0.25932810361858083,0.38372192056218773,0.6
"Lasso (alpha=1.0, top-100)",Decision Tree,,10,1.6582187712769192,1.239815767070495,-0.08248447652014357,0.4332675070147785,0.6818181818181818
"Ridge (alpha=1.0, top-100)",Decision Tree,10.0,2,1.7130333833670979,1.2615858371381188,-0.15523323814466816,0.4123650026667855,0.6454545454545455
"Ridge (alpha=1.0, top-100)",Decision Tree,10.0,5,1.7499855798184578,1.3021072070864228,-0.205610336668004,0.37053774059062755,0.6
"Ridge (alpha=1.0, top-100)",Decision Tree,10.0,10,1.6602446890321976,1.2572250427420826,-0.08513112871750961,0.42113556738637115,0.6272727272727273
"Ridge (alpha=1.0, top-100)",Decision Tree,20.0,2,1.791393566219023,1.3363636363636364,-0.2633394065590835,0.36555970504492863,0.6
"Ridge (alpha=1.0, top-100)",Decision Tree,20.0,5,1.742107943000395,1.324343151004128,-0.1947805514474008,0.3763492568829464,0.6090909090909091
"Ridge (alpha=1.0, top-100)",Decision Tree,20.0,10,1.7129096154130536,1.2700402558172883,-0.15506631122954784,0.3966243221991737,0.6090909090909091
"Ridge (alpha=1.0, top-100)",Decision Tree,30.0,2,1.760681686165901,1.3181818181818181,-0.2203930244664234,0.3639429028400399,0.6090909090909091
"Ridge (alpha=1.0, top-100)",Decision Tree,30.0,5,1.708406901268314,1.2764645899244573,-0.1490016624689141,0.412259320072792,0.6
"Ridge (alpha=1.0, top-100)",Decision Tree,30.0,10,1.6902445267518704,1.279085908297352,-0.12470104693510264,0.3871681667345299,0.6181818181818182
"Ridge (alpha=1.0, top-100)",Decision Tree,,2,1.796461167760864,1.3545454545454545,-0.27049713690786015,0.35162780383966247,0.5636363636363636
"Ridge (alpha=1.0, top-100)",Decision Tree,,5,1.729605987776744,1.2958352192950868,-0.1776937845761748,0.4139063683817484,0.5818181818181818
"Ridge (alpha=1.0, top-100)",Decision Tree,,10,1.696203761880128,1.2920031385269706,-0.13264566443184522,0.38141353366611475,0.6181818181818182
PCA (n_components=50),Decision Tree,10.0,2,1.5288862684380091,1.1146778996422673,0.079786960437226,0.49436701703239605,0.6727272727272727
PCA (n_components=50),Decision Tree,10.0,5,1.5513637395260367,1.1472188331658548,0.05253037568238805,0.48492192635542036,0.6545454545454545
PCA (n_components=50),Decision Tree,10.0,10,1.54925691235436,1.1615606056753125,0.05510204763856874,0.45261124513206347,0.6545454545454545
PCA (n_components=50),Decision Tree,20.0,2,1.618079669911781,1.1636363636363638,-0.030713170223841457,0.4721418173212416,0.6727272727272727
PCA (n_components=50),Decision Tree,20.0,5,1.6051991456594656,1.1541347776753261,-0.014368753137464774,0.46117196287407547,0.6727272727272727
PCA (n_components=50),Decision Tree,20.0,10,1.461953737289726,1.0859466693990432,0.15859462413123704,0.5075346038314159,0.6727272727272727
PCA (n_components=50),Decision Tree,30.0,2,1.7188791273808215,1.2272727272727275,-0.16313118167621,0.41176539595532136,0.6272727272727273
PCA (n_components=50),Decision Tree,30.0,5,1.5380496462243858,1.1206601839650356,0.06872331329917392,0.5092035542378909,0.7
PCA (n_components=50),Decision Tree,30.0,10,1.5150319486880388,1.138893165685797,0.09638879987310467,0.4747594851526937,0.6636363636363637
PCA (n_components=50),Decision Tree,,2,1.5666989036012806,1.1454545454545457,0.03370640291514859,0.4732634149114184,0.6454545454545455
PCA (n_components=50),Decision Tree,,5,1.5520136947910421,1.1257225780764701,0.051736310622423454,0.46262036459344374,0.6818181818181818
PCA (n_components=50),Decision Tree,,10,1.4778087550760586,1.1131590633663762,0.14024542976928234,0.49476061947661926,0.6727272727272727
"Lasso->PCA (top-100, 95%var)",Decision Tree,10.0,2,1.792146714563305,1.344497721367495,-0.2644019112081135,0.31581859885145797,0.6272727272727273
"Lasso->PCA (top-100, 95%var)",Decision Tree,10.0,5,1.7285184837528873,1.3108579805868639,-0.17621328080986776,0.33825106964999935,0.6545454545454545
"Lasso->PCA (top-100, 95%var)",Decision Tree,10.0,10,1.6797660435091533,1.3079229592354298,-0.11079935343601521,0.39302131460266704,0.6272727272727273
"Lasso->PCA (top-100, 95%var)",Decision Tree,20.0,2,1.8610847276887648,1.3909090909090909,-0.363547631441957,0.3049937758450736,0.5909090909090909
"Lasso->PCA (top-100, 95%var)",Decision Tree,20.0,5,1.79252262679903,1.3608039873375146,-0.26493239679192393,0.3275684056099958,0.6
"Lasso->PCA (top-100, 95%var)",Decision Tree,20.0,10,1.736392443134114,1.336714981599687,-0.18695375034280315,0.3701381263443549,0.5909090909090909
"Lasso->PCA (top-100, 95%var)",Decision Tree,30.0,2,1.8829377433825436,1.3454545454545455,-0.39575741801145203,0.30929674516328504,0.6181818181818182
"Lasso->PCA (top-100, 95%var)",Decision Tree,30.0,5,1.7916165202788852,1.325975535631031,-0.2636538926473275,0.33985061106043674,0.6
"Lasso->PCA (top-100, 95%var)",Decision Tree,30.0,10,1.7717121971255896,1.3486329416883789,-0.23573222684368034,0.33877365578909624,0.5909090909090909
"Lasso->PCA (top-100, 95%var)",Decision Tree,,2,1.8488325554743508,1.3636363636363635,-0.3456533055700153,0.3019921847863753,0.6
"Lasso->PCA (top-100, 95%var)",Decision Tree,,5,1.8148623963460035,1.3629639952531745,-0.2966579504104687,0.29751953558316135,0.6090909090909091
"Lasso->PCA (top-100, 95%var)",Decision Tree,,10,1.7405541919163523,1.331065028542067,-0.19265030028210495,0.36779377349650566,0.5818181818181818
"Ridge->PCA (top-100, 95%var)",Decision Tree,10.0,2,1.7820389901258453,1.322565232717041,-0.25017965396205666,0.3298003493608833,0.6272727272727273
"Ridge->PCA (top-100, 95%var)",Decision Tree,10.0,5,1.9601067302656856,1.5128485860783112,-0.5125072412739886,0.22113175824628822,0.5636363636363636
"Ridge->PCA (top-100, 95%var)",Decision Tree,10.0,10,1.910939487667734,1.496698644143882,-0.4375795704999552,0.22299054779210034,0.5818181818181818
"Ridge->PCA (top-100, 95%var)",Decision Tree,20.0,2,1.9140627898886609,1.4636363636363636,-0.4422826652785006,0.27493548376714494,0.5545454545454546
"Ridge->PCA (top-100, 95%var)",Decision Tree,20.0,5,1.9715228902500803,1.5170665406741186,-0.530177001953356,0.21931665212534843,0.5727272727272728
"Ridge->PCA (top-100, 95%var)",Decision Tree,20.0,10,1.836033597101755,1.4742938567795583,-0.327086620679514,0.2427868566805166,0.5818181818181818
"Ridge->PCA (top-100, 95%var)",Decision Tree,30.0,2,1.949358868961793,1.5272727272727273,-0.49596564289432576,0.26425894545627704,0.5545454545454546
"Ridge->PCA (top-100, 95%var)",Decision Tree,30.0,5,1.8903012686429883,1.4841443140937953,-0.406695423068155,0.2627349242815089,0.5909090909090909
"Ridge->PCA (top-100, 95%var)",Decision Tree,30.0,10,1.8410423163968914,1.416149654920425,-0.33433710991165966,0.29259194051422865,0.6090909090909091
"Ridge->PCA (top-100, 95%var)",Decision Tree,,2,1.9679246105293957,1.5272727272727273,-0.5245965642894324,0.17446005763056327,0.5
"Ridge->PCA (top-100, 95%var)",Decision Tree,,5,1.8823555957580023,1.4065526955034384,-0.39489449913670294,0.2186617500430419,0.6272727272727273
"Ridge->PCA (top-100, 95%var)",Decision Tree,,10,1.8668040154413628,1.4546704281190836,-0.371941127928902,0.26983488781711806,0.6
"ElasticNet (top-200, l1r=0.5)",Decision Tree,10.0,2,1.7573168317437522,1.258840955492562,-0.21573287383757722,0.36913697440769333,0.5909090909090909
"ElasticNet (top-200, l1r=0.5)",Decision Tree,10.0,5,1.7595587879307295,1.2423242117539606,-0.21883687698560372,0.3604830250815275,0.6363636363636364
"ElasticNet (top-200, l1r=0.5)",Decision Tree,10.0,10,1.8488775504352717,1.3245602863789017,-0.34571880458396387,0.27350276904162635,0.6636363636363637
"ElasticNet (top-200, l1r=0.5)",Decision Tree,20.0,2,1.9446897392175908,1.3636363636363642,-0.4888079125455489,0.27054002185622833,0.6272727272727273
"ElasticNet (top-200, l1r=0.5)",Decision Tree,20.0,5,1.751075883347548,1.1997923782408642,-0.20711308126694683,0.38341847605918716,0.6454545454545455
"ElasticNet (top-200, l1r=0.5)",Decision Tree,20.0,10,1.903649186052946,1.3699693763158485,-0.42663166010790365,0.25768193340723883,0.6272727272727273
"ElasticNet (top-200, l1r=0.5)",Decision Tree,30.0,2,1.894969416879621,1.3181818181818188,-0.41365174388339376,0.2794481253645213,0.6272727272727273
"ElasticNet (top-200, l1r=0.5)",Decision Tree,30.0,5,1.9649630526607125,1.3978302984333786,-0.5200112428322694,0.24303598686777375,0.5818181818181818
"ElasticNet (top-200, l1r=0.5)",Decision Tree,30.0,10,1.6844147539309384,1.237572542957334,-0.11695607969315147,0.3930749150959446,0.6636363636363637
"ElasticNet (top-200, l1r=0.5)",Decision Tree,,2,1.8997607504869947,1.3181818181818183,-0.4208094742321704,0.29168388657367306,0.6181818181818182
"ElasticNet (top-200, l1r=0.5)",Decision Tree,,5,1.727043302554459,1.2097289532937183,-0.17420649022866863,0.3989635056996286,0.6545454545454545
"ElasticNet (top-200, l1r=0.5)",Decision Tree,,10,1.9025898379942277,1.3709098151873216,-0.4250443098916805,0.24469199027626065,0.6272727272727273
"ElasticNet->PCA (top-200, 95%var)",Decision Tree,10.0,2,1.6829656506467776,1.2618965234806765,-0.11503507005494717,0.3765244350432728,0.6
"ElasticNet->PCA (top-200, 95%var)",Decision Tree,10.0,5,1.5778737395191689,1.2204357066664262,0.019872624669544314,0.3840729909813196,0.6545454545454545
"ElasticNet->PCA (top-200, 95%var)",Decision Tree,10.0,10,1.5209609620487623,1.1754991400046821,0.08930247261442004,0.42961150690490196,0.6727272727272727
"ElasticNet->PCA (top-200, 95%var)",Decision Tree,20.0,2,1.6541957672426915,1.209090909090909,-0.07723841749088978,0.4103532783242991,0.5909090909090909
"ElasticNet->PCA (top-200, 95%var)",Decision Tree,20.0,5,1.5860453485411807,1.1954969048189752,0.009694424898741172,0.39540570530438274,0.6636363636363637
"ElasticNet->PCA (top-200, 95%var)",Decision Tree,20.0,10,1.5455744154140505,1.2122718715757776,0.05958864815369458,0.4371613376400701,0.6636363636363637
"ElasticNet->PCA (top-200, 95%var)",Decision Tree,30.0,2,1.6152680610632122,1.1727272727272726,-0.027134305049453245,0.4078645199098235,0.6363636363636364
"ElasticNet->PCA (top-200, 95%var)",Decision Tree,30.0,5,1.5905311811770786,1.195344582249149,0.0040847148819536105,0.4086714003615482,0.6454545454545455
"ElasticNet->PCA (top-200, 95%var)",Decision Tree,30.0,10,1.5395684939998984,1.1862231225541229,0.06688310491355154,0.4434909664252487,0.6727272727272727
"ElasticNet->PCA (top-200, 95%var)",Decision Tree,,2,1.5925965077079745,1.172727272727273,0.0014966163456535675,0.4373743517652302,0.6545454545454545
"ElasticNet->PCA (top-200, 95%var)",Decision Tree,,5,1.576293532044925,1.1780722900190246,0.021834795682045827,0.4388778713501777,0.6545454545454545
"ElasticNet->PCA (top-200, 95%var)",Decision Tree,,10,1.520470766523109,1.171340474338141,0.08988940143800173,0.45781900827761635,0.6727272727272727
"Lasso (alpha=1.0, top-100)",Decision Tree,10.0,2,1.6781020933621225,1.3173758776276572,-0.09854256827233554,0.4090925846367284,0.5963302752293578
"Lasso (alpha=1.0, top-100)",Decision Tree,10.0,5,1.6242710050297653,1.2696982739809586,-0.029193691684035628,0.4611907768006745,0.6422018348623854
"Lasso (alpha=1.0, top-100)",Decision Tree,10.0,10,1.6112139846621667,1.2774095677941857,-0.012713448989726484,0.456190433633927,0.6238532110091743
"Lasso (alpha=1.0, top-100)",Decision Tree,20.0,2,1.7919288976719825,1.3761467889908257,-0.2526267402153932,0.3735683099608139,0.5688073394495413
"Lasso (alpha=1.0, top-100)",Decision Tree,20.0,5,1.7696647249303306,1.3735446337510633,-0.22169309786419933,0.41684474139585204,0.5779816513761468
"Lasso (alpha=1.0, top-100)",Decision Tree,20.0,10,1.6212149779134941,1.2883216429842503,-0.0253245282631962,0.4486815324901742,0.6055045871559633
"Lasso (alpha=1.0, top-100)",Decision Tree,30.0,2,1.7080489432860377,1.2844036697247707,-0.13810086682427136,0.4420688620892992,0.5963302752293578
"Lasso (alpha=1.0, top-100)",Decision Tree,30.0,5,1.6990537893681077,1.34753498653646,-0.12614519570110172,0.40215881102285705,0.5779816513761468
"Lasso (alpha=1.0, top-100)",Decision Tree,30.0,10,1.7026759495508565,1.3586949784126408,-0.13095190204999518,0.39690733557186236,0.5871559633027523
"Lasso (alpha=1.0, top-100)",Decision Tree,,2,1.6809783084247385,1.3211009174311927,-0.10231153138954596,0.4433078314575117,0.5871559633027523
"Lasso (alpha=1.0, top-100)",Decision Tree,,5,1.729842672036576,1.3405517189258704,-0.16732918686806753,0.3798285595917161,0.5963302752293578
"Lasso (alpha=1.0, top-100)",Decision Tree,,10,1.6548854073990493,1.3055984155633147,-0.0683559791103483,0.41597103914085964,0.6055045871559633
"Ridge (alpha=1.0, top-100)",Decision Tree,10.0,2,1.8734531002771364,1.4275274637776167,-0.3691965087832465,0.3249549792785311,0.5412844036697247
"Ridge (alpha=1.0, top-100)",Decision Tree,10.0,5,1.8314202578409944,1.342143788310861,-0.3084470715401133,0.3600643006733545,0.6055045871559633
"Ridge (alpha=1.0, top-100)",Decision Tree,10.0,10,1.752833476128196,1.2976394840539547,-0.19856460934524023,0.39644846785518295,0.6238532110091743
"Ridge (alpha=1.0, top-100)",Decision Tree,20.0,2,1.8324295798577404,1.3394495412844036,-0.30988967691095404,0.3738122340315449,0.6146788990825688
"Ridge (alpha=1.0, top-100)",Decision Tree,20.0,5,1.7893251910438106,1.3107206407258816,-0.2489892040836117,0.3732340358754626,0.6238532110091743
"Ridge (alpha=1.0, top-100)",Decision Tree,20.0,10,1.7931932049218409,1.341095317035273,-0.2543949618985817,0.38074795650006527,0.6146788990825688
"Ridge (alpha=1.0, top-100)",Decision Tree,30.0,2,1.7687397680191614,1.2935779816513762,-0.2204163383241402,0.4121156683589046,0.6330275229357798
"Ridge (alpha=1.0, top-100)",Decision Tree,30.0,5,1.846179847072635,1.3625588087113978,-0.32962185150856804,0.3716018858496307,0.5963302752293578
"Ridge (alpha=1.0, top-100)",Decision Tree,30.0,10,1.7933534886540627,1.3204567271513679,-0.2546192189294565,0.37002521419529866,0.6238532110091743
"Ridge (alpha=1.0, top-100)",Decision Tree,,2,1.7995922066100818,1.311926605504587,-0.2633635408458108,0.4019364095042909,0.6330275229357798
"Ridge (alpha=1.0, top-100)",Decision Tree,,5,1.809754630066278,1.3344904488993594,-0.2776724338669381,0.36691353580247654,0.5871559633027523
"Ridge (alpha=1.0, top-100)",Decision Tree,,10,1.742852910490185,1.3171307380285127,-0.1849543077030611,0.376918793118577,0.6055045871559633
PCA (n_components=50),Decision Tree,10.0,2,1.851437464060141,1.4019466475894067,-0.3372057242773061,0.35339129867749414,0.6055045871559633
PCA (n_components=50),Decision Tree,10.0,5,1.8274093695490514,1.393569443459252,-0.3027222377042944,0.3577355413278942,0.5871559633027523
PCA (n_components=50),Decision Tree,10.0,10,1.7733206248699893,1.342715330874054,-0.2267460337693512,0.3905261108036603,0.6330275229357798
PCA (n_components=50),Decision Tree,20.0,2,1.9535899675898958,1.4678899082568808,-0.4888363540845815,0.28930277957994416,0.5504587155963303
PCA (n_components=50),Decision Tree,20.0,5,1.8781964785458989,1.4081621018476929,-0.37613859747950973,0.35390288430265227,0.5688073394495413
PCA (n_components=50),Decision Tree,20.0,10,1.8708007587645068,1.4116474192987303,-0.3653223727976753,0.33088641053056667,0.5963302752293578
PCA (n_components=50),Decision Tree,30.0,2,1.8449037169377274,1.385321100917431,-0.3277843446283166,0.37594706523972565,0.5504587155963303
PCA (n_components=50),Decision Tree,30.0,5,1.9557828584950347,1.4472311665936433,-0.4921806465338765,0.28889448137399665,0.5412844036697247
PCA (n_components=50),Decision Tree,30.0,10,1.8535998375618696,1.416608404453089,-0.3403311085872527,0.3469721424626344,0.5963302752293578
PCA (n_components=50),Decision Tree,,2,1.9722850343904996,1.4862385321100917,-0.5174678224323619,0.3035250799789726,0.5504587155963303
PCA (n_components=50),Decision Tree,,5,1.9625852724028614,1.460639776332528,-0.5025786132193499,0.30411440098767784,0.5504587155963303
PCA (n_components=50),Decision Tree,,10,1.8236613212683224,1.379911156746667,-0.29738390606558207,0.3663878640972336,0.5963302752293578
"Lasso->PCA (top-100, 95%var)",Decision Tree,10.0,2,1.9586125978066653,1.511798564250841,-0.4965017161070906,0.23074710419006522,0.5412844036697247
"Lasso->PCA (top-100, 95%var)",Decision Tree,10.0,5,1.7895452970139087,1.3754848652726983,-0.24929650081223764,0.3392155789341275,0.5871559633027523
"Lasso->PCA (top-100, 95%var)",Decision Tree,10.0,10,1.7416854893274683,1.3650644376644432,-0.18336739532118562,0.33627867402707184,0.5871559633027523
"Lasso->PCA (top-100, 95%var)",Decision Tree,20.0,2,1.9746094724798975,1.5137614678899083,-0.5210467559758345,0.2425992014868456,0.5596330275229358
"Lasso->PCA (top-100, 95%var)",Decision Tree,20.0,5,1.8207794768656462,1.4104556712215137,-0.29328675893091716,0.32000891314551666,0.5779816513761468
"Lasso->PCA (top-100, 95%var)",Decision Tree,20.0,10,1.7720197258275525,1.4060771130090572,-0.22494682458384396,0.31312195328319736,0.5688073394495413
"Lasso->PCA (top-100, 95%var)",Decision Tree,30.0,2,1.8866989763931437,1.4862385321100917,-0.38862621486735005,0.3045517716312363,0.5412844036697247
"Lasso->PCA (top-100, 95%var)",Decision Tree,30.0,5,1.81177961305311,1.4448609508150008,-0.2805332774071392,0.3234180687259477,0.5779816513761468
"Lasso->PCA (top-100, 95%var)",Decision Tree,30.0,10,1.7799898765150364,1.417124745159574,-0.23599068212021157,0.3091564418293622,0.5779816513761468
"Lasso->PCA (top-100, 95%var)",Decision Tree,,2,1.9204357303735557,1.4678899082568808,-0.4387312844759659,0.29675214619787466,0.5688073394495413
"Lasso->PCA (top-100, 95%var)",Decision Tree,,5,1.7762559326029006,1.372821304022367,-0.23081056362783303,0.366721138450834,0.6055045871559633
"Lasso->PCA (top-100, 95%var)",Decision Tree,,10,1.81771123332922,1.4390212331091403,-0.2889317281340309,0.2818032131511009,0.5596330275229358
"Ridge->PCA (top-100, 95%var)",Decision Tree,10.0,2,1.8951133790621322,1.4089971040357037,-0.4010399764375818,0.324294667623454,0.5963302752293578
"Ridge->PCA (top-100, 95%var)",Decision Tree,10.0,5,1.9779282790508106,1.5022724945026817,-0.5261640232419107,0.2297314949719024,0.5779816513761468
"Ridge->PCA (top-100, 95%var)",Decision Tree,10.0,10,1.8970902816395818,1.440406928338441,-0.4039645129836458,0.26959549807900623,0.5779816513761468
"Ridge->PCA (top-100, 95%var)",Decision Tree,20.0,2,1.925207006622567,1.4495412844036697,-0.4458891515629113,0.22797909593179086,0.5688073394495413
"Ridge->PCA (top-100, 95%var)",Decision Tree,20.0,5,2.03343251132743,1.5479693254911961,-0.6130196497203797,0.19162175501939413,0.5321100917431193
"Ridge->PCA (top-100, 95%var)",Decision Tree,20.0,10,1.9546369037339253,1.4971647428389105,-0.4904325275688006,0.2695873778154845,0.5412844036697247
"Ridge->PCA (top-100, 95%var)",Decision Tree,30.0,2,1.9299664873260973,1.4311926605504588,-0.4530470186498563,0.2814690095173317,0.6238532110091743
"Ridge->PCA (top-100, 95%var)",Decision Tree,30.0,5,2.016824894973802,1.5637084719564547,-0.5867792733008839,0.2070604716953645,0.5045871559633027
"Ridge->PCA (top-100, 95%var)",Decision Tree,30.0,10,1.9570057390585434,1.481136770946797,-0.4940472435130896,0.2671670914220778,0.5412844036697247
"Ridge->PCA (top-100, 95%var)",Decision Tree,,2,1.9156525704423029,1.4311926605504588,-0.4315734173890209,0.2784330999160546,0.5871559633027523
"Ridge->PCA (top-100, 95%var)",Decision Tree,,5,2.006918303073373,1.5065039387670323,-0.5712291205207771,0.2439099748690532,0.5688073394495413
"Ridge->PCA (top-100, 95%var)",Decision Tree,,10,1.8560047936334054,1.4478715203116599,-0.3438113943524215,0.3164698921858789,0.5688073394495413
"ElasticNet (top-200, l1r=0.5)",Decision Tree,10.0,2,1.6029057889302547,1.1984605965876298,-0.0022962992191792875,0.4476129655315648,0.6697247706422018
"ElasticNet (top-200, l1r=0.5)",Decision Tree,10.0,5,1.6738161610770077,1.2262935063361784,-0.09293830078152232,0.4113632398028243,0.6605504587155964
"ElasticNet (top-200, l1r=0.5)",Decision Tree,10.0,10,1.6446120292285165,1.2276487879120392,-0.055132637960414455,0.4009548997394033,0.6788990825688074
"ElasticNet (top-200, l1r=0.5)",Decision Tree,20.0,2,1.76354522003811,1.2201834862385321,-0.213258471237195,0.3869818665826128,0.7064220183486238
"ElasticNet (top-200, l1r=0.5)",Decision Tree,20.0,5,1.643753261143146,1.1725012435506053,-0.054031007124573316,0.44013534996360015,0.6788990825688074
"ElasticNet (top-200, l1r=0.5)",Decision Tree,20.0,10,1.672503492236,1.24276458397215,-0.09122472729990627,0.398850303517496,0.6513761467889908
"ElasticNet (top-200, l1r=0.5)",Decision Tree,30.0,2,1.6084638520348389,1.1192660550458715,-0.009259259259259522,0.4689762971048468,0.7064220183486238
"ElasticNet (top-200, l1r=0.5)",Decision Tree,30.0,5,1.6169586813028152,1.147337416551916,-0.01994787347710325,0.4735915516157855,0.6880733944954128
"ElasticNet (top-200, l1r=0.5)",Decision Tree,30.0,10,1.6977266578362775,1.2705850543790638,-0.12438661793973704,0.39258711182288614,0.6422018348623854
"ElasticNet (top-200, l1r=0.5)",Decision Tree,,2,1.6782472289468826,1.18348623853211,-0.09873259784607336,0.43302105673057506,0.6513761467889908
"ElasticNet (top-200, l1r=0.5)",Decision Tree,,5,1.6753870034483955,1.1799924229766587,-0.09499066404445777,0.4418311794025348,0.6880733944954128
"ElasticNet (top-200, l1r=0.5)",Decision Tree,,10,1.6559842101489,1.2236897426045732,-0.06977517370444208,0.42561857893890437,0.6697247706422018
"ElasticNet->PCA (top-200, 95%var)",Decision Tree,10.0,2,1.695610922106479,1.2548615691061562,-0.12158590486277143,0.3789244740537587,0.6330275229357798
"ElasticNet->PCA (top-200, 95%var)",Decision Tree,10.0,5,1.648103791223492,1.2068273239432226,-0.05961780907053438,0.41696806158711375,0.6238532110091743
"ElasticNet->PCA (top-200, 95%var)",Decision Tree,10.0,10,1.6949488844413216,1.3265495222852632,-0.12071024742721237,0.34046547850806447,0.6422018348623854
"ElasticNet->PCA (top-200, 95%var)",Decision Tree,20.0,2,1.7661444037920204,1.2844036697247707,-0.2168374047806676,0.33099242416992625,0.6697247706422018
"ElasticNet->PCA (top-200, 95%var)",Decision Tree,20.0,5,1.645818774845663,1.1948790918476297,-0.056681627997677175,0.42191431010897623,0.6788990825688074
"ElasticNet->PCA (top-200, 95%var)",Decision Tree,20.0,10,1.62836497798748,1.2674489798759945,-0.03438839278799599,0.41811063525821046,0.6788990825688074
"ElasticNet->PCA (top-200, 95%var)",Decision Tree,30.0,2,1.7214246286996064,1.2568807339449541,-0.15599553454163417,0.365659615528085,0.6605504587155964
"ElasticNet->PCA (top-200, 95%var)",Decision Tree,30.0,5,1.6963686088788241,1.2887808727434742,-0.12258849415117523,0.37765380806331417,0.6422018348623854
"ElasticNet->PCA (top-200, 95%var)",Decision Tree,30.0,10,1.6638592123724347,1.2738622158398933,-0.07997395827444298,0.3774288623751402,0.6880733944954128
"ElasticNet->PCA (top-200, 95%var)",Decision Tree,,2,1.7739191049271914,1.3302752293577982,-0.2275742054110852,0.3170466762709667,0.6422018348623854
"ElasticNet->PCA (top-200, 95%var)",Decision Tree,,5,1.7552939428338508,1.3303351091169227,-0.2019318409090598,0.3172149747766464,0.6146788990825688
"ElasticNet->PCA (top-200, 95%var)",Decision Tree,,10,1.6874998883944758,1.3319213936079786,-0.11088125266121618,0.37228118254336867,0.6605504587155964
