dimension_reduction_type,n_features,model,mean_squared_error,mean_absolute_error,f1_score,accuracy_score,execution_time_seconds,alpha,prediction_std,max_depth,min_samples_split,n_estimators
PCA,80,Linear Regression,1.7582119640263447,1.0259750104559549,0.37858189761143785,0.36363636363636365,0.007569313049316406,,,,,
PCA,80,Poisson Regression,2.053756045136986,1.2111703672699414,0.07768847006651886,0.2,0.008198976516723633,10.0,0.2600620547459146,,,
PCA,80,Decision Tree,3.513722326013764,1.4311224886224887,0.27332880008369076,0.2909090909090909,0.022998809814453125,,,10,2.0,
PCA,80,Decision Tree,3.815327665119103,1.5800402375402376,0.20430937785313685,0.20909090909090908,0.02717423439025879,,,10,5.0,
PCA,80,Decision Tree,3.357210441293546,1.450415417915418,0.24761254060743565,0.2545454545454545,0.020580053329467773,,,10,10.0,
PCA,80,Decision Tree,3.8545454545454545,1.5272727272727273,0.23222756586778476,0.23636363636363636,0.02319169044494629,,,20,2.0,
PCA,80,Decision Tree,3.563320707070707,1.4689393939393938,0.2710695187165776,0.2727272727272727,0.02335357666015625,,,20,5.0,
PCA,80,Decision Tree,3.5044649513845942,1.4967784992784994,0.23547758692919984,0.22727272727272727,0.021123886108398438,,,20,10.0,
PCA,80,Decision Tree,4.0181818181818185,1.5272727272727273,0.27335474308300395,0.2727272727272727,0.022338390350341797,,,30,2.0,
PCA,80,Decision Tree,3.203977272727273,1.3886363636363637,0.2582897956353334,0.2545454545454545,0.023416996002197266,,,30,5.0,
PCA,80,Decision Tree,3.571241904590119,1.505652958152958,0.22835752482811306,0.21818181818181817,0.0214536190032959,,,30,10.0,
PCA,80,Decision Tree,3.709090909090909,1.3818181818181818,0.3217326476044964,0.32727272727272727,0.022003173828125,,,None,2.0,
PCA,80,Decision Tree,3.3400252525252525,1.4378787878787878,0.2360348799318011,0.23636363636363636,0.022134065628051758,,,None,5.0,
PCA,80,Decision Tree,3.2160159717927574,1.4222330447330447,0.22947831829187762,0.22727272727272727,0.020901918411254883,,,None,10.0,
PCA,80,Random Forest,2.1305995828013433,1.2202586873595545,0.1793867947121372,0.20909090909090908,0.12122225761413574,,,10,,10.0
PCA,80,Random Forest,2.3141818181818183,1.2527272727272731,0.15784245580434475,0.2,0.12107539176940918,,,20,,10.0
PCA,80,Random Forest,2.0985454545454543,1.1999999999999997,0.19165088619820078,0.24545454545454545,0.12331533432006836,,,30,,10.0
PCA,80,Random Forest,2.188727272727273,1.2399999999999998,0.2044189788705918,0.22727272727272727,0.1204683780670166,,,None,,10.0
PCA,80,Random Forest,2.1728049088809036,1.232300403166946,0.15469821162444114,0.20909090909090908,0.23987221717834473,,,10,,20.0
PCA,80,Random Forest,1.907863636363636,1.1527272727272726,0.17635267145135564,0.23636363636363636,0.24347949028015137,,,20,,20.0
PCA,80,Random Forest,1.989090909090909,1.1863636363636363,0.18769734769734772,0.24545454545454545,0.2501041889190674,,,30,,20.0
PCA,80,Random Forest,2.0263636363636364,1.1436363636363638,0.21377206518051592,0.2727272727272727,0.24274802207946777,,,None,,20.0
PCA,80,Random Forest,2.090908246973237,1.2124231134307255,0.15488243326192894,0.21818181818181817,0.5791730880737305,,,10,,50.0
PCA,80,Random Forest,2.0146800000000007,1.1827272727272726,0.1911984359726295,0.2545454545454545,0.5941751003265381,,,20,,50.0
PCA,80,Random Forest,2.0504109090909095,1.213272727272727,0.12262898260450279,0.19090909090909092,0.596973180770874,,,30,,50.0
PCA,80,Random Forest,2.02128,1.2000000000000002,0.14330022918258215,0.21818181818181817,0.5931093692779541,,,None,,50.0
PCA,80,Random Forest,1.9116911958992937,1.153963686462771,0.1903493467369065,0.2545454545454545,1.165781021118164,,,10,,100.0
PCA,80,Random Forest,1.9968590909090913,1.183909090909091,0.159717868338558,0.21818181818181817,1.18306303024292,,,20,,100.0
PCA,80,Random Forest,1.9784554545454545,1.1828181818181818,0.1514879032862864,0.21818181818181817,1.1942508220672607,,,30,,100.0
PCA,80,Random Forest,1.9733027272727275,1.1715454545454547,0.16583072100313478,0.22727272727272727,1.1793177127838135,,,None,,100.0
Lasso,525,Linear Regression,3.768446243558909,1.573882498151557,0.19835410041394994,0.20909090909090908,0.038941144943237305,,,,,
Lasso,525,Poisson Regression,1.5502301592472978,1.0078806403621905,0.26504119906605406,0.2727272727272727,0.010488033294677734,10.0,0.881475400681325,,,
Lasso,525,Decision Tree,2.997792861952862,1.2084444444444444,0.352878466361225,0.34545454545454546,0.12612438201904297,,,10,2.0,
Lasso,525,Decision Tree,2.9397120538720536,1.2069292929292927,0.34715934254364733,0.33636363636363636,0.11940860748291016,,,10,5.0,
Lasso,525,Decision Tree,2.977719154355345,1.2774415584415586,0.3027537869902402,0.2909090909090909,0.11542129516601562,,,10,10.0,
Lasso,525,Decision Tree,3.418181818181818,1.3454545454545455,0.2977268126610232,0.2909090909090909,0.13576364517211914,,,20,2.0,
Lasso,525,Decision Tree,3.411426767676768,1.378030303030303,0.27505325592282115,0.2636363636363636,0.1325981616973877,,,20,5.0,
Lasso,525,Decision Tree,3.0292989432304904,1.2577308802308802,0.34363916886189516,0.33636363636363636,0.12939023971557617,,,20,10.0,
Lasso,525,Decision Tree,3.081818181818182,1.3,0.2660459776796094,0.2636363636363636,0.13339948654174805,,,30,2.0,
Lasso,525,Decision Tree,3.316540404040404,1.3393939393939391,0.2993025441581592,0.2818181818181818,0.13204646110534668,,,30,5.0,
Lasso,525,Decision Tree,2.9852225257106206,1.2775974025974026,0.3056026027626398,0.2909090909090909,0.13150501251220703,,,30,10.0,
Lasso,525,Decision Tree,3.3363636363636364,1.3181818181818181,0.34431134083307996,0.32727272727272727,0.13338994979858398,,,None,2.0,
Lasso,525,Decision Tree,3.1572601010101007,1.2946969696969697,0.28333372509843097,0.2727272727272727,0.13275957107543945,,,None,5.0,
Lasso,525,Decision Tree,3.102070021358712,1.2829112554112552,0.32259740259740255,0.3090909090909091,0.12648510932922363,,,None,10.0,
Lasso,525,Random Forest,1.7295767364672772,1.0302781151393787,0.2696141328858925,0.2818181818181818,0.7014477252960205,,,10,,10.0
Lasso,525,Random Forest,1.6533636363636364,0.9990909090909093,0.31841826478190116,0.32727272727272727,0.6848325729370117,,,20,,10.0
Lasso,525,Random Forest,1.9815454545454543,1.1009090909090913,0.2860796268230038,0.2909090909090909,0.7139163017272949,,,30,,10.0
Lasso,525,Random Forest,1.7666363636363636,1.0590909090909089,0.2882899035059989,0.3090909090909091,0.7239456176757812,,,None,,10.0
Lasso,525,Random Forest,1.6349261346333357,1.0206227681610418,0.28101672185797016,0.3181818181818182,1.3890838623046875,,,10,,20.0
Lasso,525,Random Forest,1.707,1.028181818181818,0.31943645797018233,0.33636363636363636,1.3931353092193604,,,20,,20.0
Lasso,525,Random Forest,1.704272727272727,0.9899999999999999,0.3597273373392776,0.38181818181818183,1.4023566246032715,,,30,,20.0
Lasso,525,Random Forest,1.532113636363637,1.0095454545454547,0.24531168567126527,0.2545454545454545,1.423363208770752,,,None,,20.0
Lasso,525,Random Forest,1.7383373647870086,1.0541144175760073,0.23098651587646807,0.24545454545454545,3.414297580718994,,,10,,50.0
Lasso,525,Random Forest,1.6359345454545458,1.0196363636363637,0.2427875029331758,0.2727272727272727,3.4722392559051514,,,20,,50.0
Lasso,525,Random Forest,1.6067090909090909,1.0252727272727271,0.2646903778040142,0.2818181818181818,3.528360366821289,,,30,,50.0
Lasso,525,Random Forest,1.5640254545454544,0.9947272727272725,0.2542496737712049,0.2909090909090909,3.6055400371551514,,,None,,50.0
Lasso,525,Random Forest,1.6245415049684244,1.0152704103201897,0.28030482114606947,0.3090909090909091,6.759540557861328,,,10,,100.0
Lasso,525,Random Forest,1.6347563636363633,1.025090909090909,0.29599141816150615,0.3,7.1801817417144775,,,20,,100.0
Lasso,525,Random Forest,1.68201,1.0295454545454545,0.30707804791929616,0.32727272727272727,6.950330495834351,,,30,,100.0
Lasso,525,Random Forest,1.5876290909090909,1.0081818181818183,0.2622282565918929,0.2818181818181818,6.98845648765564,,,None,,100.0
Ridge,100,Linear Regression,2.496322432441442,1.3183900618558497,0.17323253323253324,0.17272727272727273,0.00624394416809082,,,,,
Ridge,100,Poisson Regression,2.035169287252336,1.2037184754683001,0.14503384275667947,0.2,0.006254434585571289,10.0,0.631077038229957,,,
Ridge,100,Decision Tree,3.4529829048760674,1.376951566951567,0.23742950968967183,0.24545454545454545,0.02372121810913086,,,10,2.0,
Ridge,100,Decision Tree,3.3250542096396796,1.3124993524993525,0.2726314846677823,0.2818181818181818,0.023682594299316406,,,10,5.0,
Ridge,100,Decision Tree,3.509671241637664,1.4134733784733786,0.27373962410898117,0.2818181818181818,0.019528865814208984,,,10,10.0,
Ridge,100,Decision Tree,3.4545454545454546,1.3454545454545455,0.2697352662240889,0.2818181818181818,0.02099132537841797,,,20,2.0,
Ridge,100,Decision Tree,3.1010101010101008,1.3136363636363637,0.2338547815820543,0.24545454545454545,0.020645856857299805,,,20,5.0,
Ridge,100,Decision Tree,3.2988774135916996,1.3584487734487736,0.29110116563388183,0.2909090909090909,0.0198056697845459,,,20,10.0,
Ridge,100,Decision Tree,3.390909090909091,1.3545454545454545,0.2667643285995127,0.2818181818181818,0.021038293838500977,,,30,2.0,
Ridge,100,Decision Tree,3.8549242424242425,1.462121212121212,0.22986472523804222,0.23636363636363636,0.021094799041748047,,,30,5.0,
Ridge,100,Decision Tree,3.5205945853088716,1.3993578643578644,0.2975757146002431,0.3,0.01972055435180664,,,30,10.0,
Ridge,100,Decision Tree,3.909090909090909,1.4545454545454546,0.24826839826839822,0.2636363636363636,0.020811080932617188,,,None,2.0,
Ridge,100,Decision Tree,3.70625,1.4477272727272728,0.234896331738437,0.24545454545454545,0.02083444595336914,,,None,5.0,
Ridge,100,Decision Tree,3.6011854943997803,1.4514790764790761,0.241808519982433,0.24545454545454545,0.019984722137451172,,,None,10.0,
Ridge,100,Random Forest,1.8960308087046465,1.142936488012717,0.20339363787124978,0.24545454545454545,0.12070488929748535,,,10,,10.0
Ridge,100,Random Forest,1.9651818181818184,1.1409090909090909,0.19663172141949734,0.22727272727272727,0.11993241310119629,,,20,,10.0
Ridge,100,Random Forest,2.0181818181818185,1.1600000000000001,0.20109107795278008,0.22727272727272727,0.11807632446289062,,,30,,10.0
Ridge,100,Random Forest,1.951272727272727,1.1036363636363633,0.30362477832383516,0.3181818181818182,0.11762595176696777,,,None,,10.0
Ridge,100,Random Forest,1.8683578561567489,1.136282500015573,0.17317691016750578,0.21818181818181817,0.23701167106628418,,,10,,20.0
Ridge,100,Random Forest,1.9716363636363639,1.1718181818181816,0.1928820359967901,0.24545454545454545,0.24202370643615723,,,20,,20.0
Ridge,100,Random Forest,1.9052727272727272,1.1490909090909092,0.1627365278399761,0.20909090909090908,0.24657988548278809,,,30,,20.0
Ridge,100,Random Forest,2.017295454545455,1.1713636363636364,0.24416216937378746,0.2818181818181818,0.24565577507019043,,,None,,20.0
Ridge,100,Random Forest,1.9049374450716392,1.1190792448791032,0.21337537004448232,0.24545454545454545,0.5693955421447754,,,10,,50.0
Ridge,100,Random Forest,1.8174945454545448,1.0987272727272726,0.23406326137820652,0.2909090909090909,0.5978472232818604,,,20,,50.0
Ridge,100,Random Forest,1.9109236363636368,1.1229090909090906,0.20169039858180365,0.2636363636363636,0.584967851638794,,,30,,50.0
Ridge,100,Random Forest,1.906858181818182,1.1301818181818182,0.20418652775795634,0.2545454545454545,0.5880527496337891,,,None,,50.0
Ridge,100,Random Forest,1.9003411946130775,1.1224061172769857,0.2120261437908497,0.2727272727272727,1.1351637840270996,,,10,,100.0
Ridge,100,Random Forest,1.9197909090909087,1.1358181818181816,0.21203073242546924,0.2727272727272727,1.1687970161437988,,,20,,100.0
Ridge,100,Random Forest,1.8298254545454542,1.1105454545454543,0.19906083617002704,0.2545454545454545,1.165541172027588,,,30,,100.0
Ridge,100,Random Forest,1.9248490909090912,1.1381818181818182,0.20265811316343232,0.24545454545454545,1.1692566871643066,,,None,,100.0
All Features,17975,Linear Regression,2.8760498172190605,1.3192518938374491,0.2657171345746442,0.2727272727272727,0.13819122314453125,,,,,
All Features,17975,Poisson Regression,2.0058985996443677,1.0909523241450687,0.2963898859617603,0.2909090909090909,0.6092884540557861,10.0,1.177043284180685,,,
All Features,17975,Decision Tree,3.221335487851335,1.217699077238551,0.3568416916559355,0.36363636363636365,3.6682145595550537,,,10,2.0,
All Features,17975,Decision Tree,3.3298582151240628,1.3169415014809749,0.2664314456894619,0.2818181818181818,3.59694766998291,,,10,5.0,
All Features,17975,Decision Tree,2.6543417236790003,1.1976990772385507,0.32523114325076385,0.32727272727272727,3.4883065223693848,,,10,10.0,
All Features,17975,Decision Tree,2.9,1.2454545454545454,0.26154382701697276,0.2636363636363636,3.83569598197937,,,20,2.0,
All Features,17975,Decision Tree,2.6460227272727272,1.1568181818181817,0.3257944216017136,0.32727272727272727,3.824814796447754,,,20,5.0,
All Features,17975,Decision Tree,2.591620116986188,1.15245670995671,0.3308926545824942,0.32727272727272727,3.70171856880188,,,20,10.0,
All Features,17975,Decision Tree,3.0090909090909093,1.2818181818181817,0.2920539090236614,0.2909090909090909,3.834425449371338,,,30,2.0,
All Features,17975,Decision Tree,2.7777777777777777,1.1818181818181819,0.3167761300484413,0.33636363636363636,3.8866066932678223,,,30,5.0,
All Features,17975,Decision Tree,2.8171366213151923,1.2348484848484846,0.3020803738595501,0.3090909090909091,3.7604990005493164,,,30,10.0,
All Features,17975,Decision Tree,2.709090909090909,1.2,0.3009323820769726,0.3,3.845287561416626,,,None,2.0,
All Features,17975,Decision Tree,2.860227272727273,1.231818181818182,0.2982290436835891,0.3,3.8073227405548096,,,None,5.0,
All Features,17975,Decision Tree,2.7687325809111525,1.1912121212121212,0.3324802913802395,0.33636363636363636,3.7694756984710693,,,None,10.0,
All Features,17975,Random Forest,1.6681326377517318,1.0198943186956506,0.26357649305488356,0.2636363636363636,21.185538053512573,,,10,,10.0
All Features,17975,Random Forest,1.652090909090909,1.03,0.2844258869185555,0.3090909090909091,22.542189598083496,,,20,,10.0
All Features,17975,Random Forest,1.6151818181818183,0.9936363636363634,0.2900143453809143,0.2909090909090909,21.125934600830078,,,30,,10.0
All Features,17975,Random Forest,1.4924545454545457,0.9736363636363636,0.30501067386313285,0.3090909090909091,21.64607810974121,,,None,,10.0
All Features,17975,Random Forest,1.5322964580792087,1.024150946339318,0.24566684900722957,0.2545454545454545,42.79436206817627,,,10,,20.0
All Features,17975,Random Forest,1.5880681818181823,1.0259090909090909,0.2558185727085249,0.2545454545454545,42.91728973388672,,,20,,20.0
All Features,17975,Random Forest,1.6590909090909094,1.0354545454545452,0.20513925017409085,0.24545454545454545,42.223456382751465,,,30,,20.0
All Features,17975,Random Forest,1.571931818181818,1.0122727272727272,0.24021692634931194,0.2636363636363636,42.38656449317932,,,None,,20.0
All Features,17975,Random Forest,1.5764939024121232,1.0241659834070522,0.2430486299926759,0.2545454545454545,105.66305708885193,,,10,,50.0
All Features,17975,Random Forest,1.479236363636364,0.9923636363636364,0.2547416902872724,0.2818181818181818,106.1796510219574,,,20,,50.0
All Features,17975,Random Forest,1.504250909090909,0.9976363636363634,0.2528735012525445,0.2818181818181818,107.79618620872498,,,30,,50.0
All Features,17975,Random Forest,1.492901818181818,0.9858181818181818,0.2605344087730452,0.2636363636363636,104.82476687431335,,,None,,50.0
All Features,17975,Random Forest,1.5209453147992489,1.0083707877757466,0.21277096691801878,0.23636363636363636,215.22099208831787,,,10,,100.0
All Features,17975,Random Forest,1.503898181818182,1.0101818181818183,0.21206611570247935,0.23636363636363636,234.8115029335022,,,20,,100.0
All Features,17975,Random Forest,1.4936818181818179,0.9845454545454545,0.2679045410917069,0.2909090909090909,221.40192914009094,,,30,,100.0
All Features,17975,Random Forest,1.4755754545454547,0.9813636363636364,0.2553215683837693,0.2636363636363636,222.93620419502258,,,None,,100.0
