dimension_reduction_type,model,C,gamma,rmse,mae,r2,spearman_r,within_1_acc
"Lasso (alpha=1.0, top-100)",SVR (rbf),0.1,scale,1.406972520350328,1.1684187432942599,0.23169049128966057,0.6799757634972974,0.6
"Lasso (alpha=1.0, top-100)",SVR (rbf),0.1,auto,1.393064672382795,1.1523004253243347,0.2468048147473728,0.697073183717679,0.6
"Lasso (alpha=1.0, top-100)",SVR (rbf),1.0,scale,1.1994889680925749,0.9603731335332713,0.4415844626197377,0.6891156323833415,0.7727272727272727
"Lasso (alpha=1.0, top-100)",SVR (rbf),1.0,auto,1.184965972440985,0.9305640615911306,0.4550248041538232,0.6968699728884794,0.7636363636363637
"Lasso (alpha=1.0, top-100)",SVR (rbf),10.0,scale,1.2637190369648303,0.9895659736528402,0.38017936126871477,0.6311035590748022,0.7636363636363637
"Lasso (alpha=1.0, top-100)",SVR (rbf),10.0,auto,1.253869390604954,0.9686756845617767,0.38980368779759855,0.6450327377308449,0.7909090909090909
"Ridge (alpha=1.0, top-100)",SVR (rbf),0.1,scale,1.3512241559629707,1.1229367136144153,0.2913696013645145,0.7304089965622803,0.6636363636363637
"Ridge (alpha=1.0, top-100)",SVR (rbf),0.1,auto,1.3512241559629707,1.1229367136144153,0.2913696013645145,0.7304089965622803,0.6636363636363637
"Ridge (alpha=1.0, top-100)",SVR (rbf),1.0,scale,1.1145091068507003,0.9148593351184019,0.5179054514381878,0.7069566195014759,0.8272727272727273
"Ridge (alpha=1.0, top-100)",SVR (rbf),1.0,auto,1.1145091068507003,0.9148593351184019,0.5179054514381878,0.7069566195014759,0.8272727272727273
"Ridge (alpha=1.0, top-100)",SVR (rbf),10.0,scale,1.206709428925886,0.9716018288652984,0.4348413358067259,0.6528286440874101,0.8
"Ridge (alpha=1.0, top-100)",SVR (rbf),10.0,auto,1.206709428925886,0.9716018288652984,0.4348413358067259,0.6528286440874101,0.8
PCA (n_components=50),SVR (rbf),0.1,scale,1.4559412659004252,1.2078296655406384,0.17727879991031692,0.699045252446502,0.6
PCA (n_components=50),SVR (rbf),0.1,auto,1.4559412659004252,1.2078296655406382,0.17727879991031703,0.699045252446502,0.6
PCA (n_components=50),SVR (rbf),1.0,scale,1.0369832180329972,0.8116096170304284,0.5826422968554962,0.7658600494017316,0.8818181818181818
PCA (n_components=50),SVR (rbf),1.0,auto,1.0369832180329972,0.8116096170304284,0.5826422968554962,0.7658600494017316,0.8818181818181818
PCA (n_components=50),SVR (rbf),10.0,scale,1.0629707451147898,0.7813990228636266,0.5614616262466099,0.7441488196729326,0.8909090909090909
PCA (n_components=50),SVR (rbf),10.0,auto,1.0629707451147912,0.7813990228636276,0.561461626246609,0.7441488196729326,0.8909090909090909
"Lasso→PCA (top-100, 95%var)",SVR (rbf),0.1,scale,1.3740094690669322,1.117992728762639,0.2672692309746063,0.6303553737491128,0.6454545454545455
"Lasso→PCA (top-100, 95%var)",SVR (rbf),0.1,auto,1.3740094690669322,1.117992728762639,0.2672692309746063,0.6303553737491128,0.6454545454545455
"Lasso→PCA (top-100, 95%var)",SVR (rbf),1.0,scale,1.2905662148119987,1.0265976370567982,0.35356396031397697,0.6278983700869726,0.7454545454545455
"Lasso→PCA (top-100, 95%var)",SVR (rbf),1.0,auto,1.2905662148119987,1.0265976370567982,0.35356396031397697,0.6278983700869726,0.7454545454545455
"Lasso→PCA (top-100, 95%var)",SVR (rbf),10.0,scale,1.3387689866127928,1.0386756768180276,0.30437326680310006,0.5764998855832919,0.7636363636363637
"Lasso→PCA (top-100, 95%var)",SVR (rbf),10.0,auto,1.3387689866127928,1.0386756768180276,0.30437326680310006,0.5764998855832919,0.7636363636363637
"Ridge→PCA (top-100, 95%var)",SVR (rbf),0.1,scale,1.4889124465754178,1.252906354219369,0.13959426128550567,0.6070415495263991,0.5909090909090909
"Ridge→PCA (top-100, 95%var)",SVR (rbf),0.1,auto,1.4889124465754178,1.252906354219369,0.13959426128550567,0.6070415495263991,0.5909090909090909
"Ridge→PCA (top-100, 95%var)",SVR (rbf),1.0,scale,1.2467036067574804,1.0384248481657543,0.3967582247390451,0.6164677609444972,0.7818181818181819
"Ridge→PCA (top-100, 95%var)",SVR (rbf),1.0,auto,1.2467036067574804,1.0384248481657543,0.3967582247390451,0.6164677609444972,0.7818181818181819
"Ridge→PCA (top-100, 95%var)",SVR (rbf),10.0,scale,1.2378956548524622,1.010402102001615,0.40525191195594257,0.6240927854674171,0.8181818181818182
"Ridge→PCA (top-100, 95%var)",SVR (rbf),10.0,auto,1.2378956548524622,1.010402102001615,0.40525191195594257,0.6240927854674171,0.8181818181818182
"Lasso (alpha=1.0, top-100)",SVR (rbf),0.1,scale,1.4706644360935837,1.2180185894757694,0.1736230385725931,0.5557890595302937,0.6
"Lasso (alpha=1.0, top-100)",SVR (rbf),0.1,auto,1.4506841137418478,1.1996791892196028,0.19592468299782295,0.5639546305251101,0.6
"Lasso (alpha=1.0, top-100)",SVR (rbf),1.0,scale,1.408646434988077,1.13509972361866,0.24185020608368168,0.5599617539121733,0.6818181818181818
"Lasso (alpha=1.0, top-100)",SVR (rbf),1.0,auto,1.3733229122345672,1.0998847841715402,0.27939652539240156,0.5854036628615785,0.6727272727272727
"Lasso (alpha=1.0, top-100)",SVR (rbf),10.0,scale,1.500375788876221,1.22826103597058,0.1398957073183269,0.4193995871431321,0.6818181818181818
"Lasso (alpha=1.0, top-100)",SVR (rbf),10.0,auto,1.4805785264920275,1.1983933214706632,0.1624438866202731,0.44549621719997046,0.6727272727272727
"Ridge (alpha=1.0, top-100)",SVR (rbf),0.1,scale,1.387679382279913,1.1414344625120416,0.2642516586296504,0.6483537141276589,0.6272727272727273
"Ridge (alpha=1.0, top-100)",SVR (rbf),0.1,auto,1.387679382279913,1.1414344625120416,0.2642516586296504,0.6483537141276589,0.6272727272727273
"Ridge (alpha=1.0, top-100)",SVR (rbf),1.0,scale,1.1314389868802224,0.8941323677248694,0.5108823900188265,0.7211061391571378,0.8272727272727273
"Ridge (alpha=1.0, top-100)",SVR (rbf),1.0,auto,1.1314389868802224,0.8941323677248694,0.5108823900188265,0.7211061391571378,0.8272727272727273
"Ridge (alpha=1.0, top-100)",SVR (rbf),10.0,scale,1.1780319182876078,0.9306364102230066,0.46976897514594673,0.6774749712723568,0.8
"Ridge (alpha=1.0, top-100)",SVR (rbf),10.0,auto,1.1780319182876078,0.9306364102230066,0.46976897514594673,0.6774749712723568,0.8
PCA (n_components=50),SVR (rbf),0.1,scale,1.498852261361848,1.2386971281891506,0.1416415729321021,0.6417281209489173,0.6090909090909091
PCA (n_components=50),SVR (rbf),0.1,auto,1.498852261361848,1.2386971281891506,0.1416415729321021,0.6417281209489173,0.6090909090909091
PCA (n_components=50),SVR (rbf),1.0,scale,1.203782014778507,0.9602685756040243,0.44633544528842595,0.6860601170613732,0.8090909090909091
PCA (n_components=50),SVR (rbf),1.0,auto,1.203782014778507,0.9602685756040243,0.44633544528842595,0.6860601170613732,0.8090909090909091
PCA (n_components=50),SVR (rbf),10.0,scale,1.2227722168056074,0.9510967458065444,0.4287290435530151,0.6497277063108634,0.7727272727272727
PCA (n_components=50),SVR (rbf),10.0,auto,1.2227722168056074,0.9510967458065444,0.4287290435530151,0.6497277063108634,0.7727272727272727
"Lasso→PCA (top-100, 95%var)",SVR (rbf),0.1,scale,1.4643270480744652,1.1792474150301888,0.18072974154403443,0.4832256736938058,0.6454545454545455
"Lasso→PCA (top-100, 95%var)",SVR (rbf),0.1,auto,1.4643270480744652,1.1792474150301888,0.18072974154403443,0.4832256736938058,0.6454545454545455
"Lasso→PCA (top-100, 95%var)",SVR (rbf),1.0,scale,1.442958213840442,1.1244315141790306,0.2044663954225222,0.518156427988966,0.6909090909090909
"Lasso→PCA (top-100, 95%var)",SVR (rbf),1.0,auto,1.442958213840442,1.1244315141790306,0.2044663954225222,0.518156427988966,0.6909090909090909
"Lasso→PCA (top-100, 95%var)",SVR (rbf),10.0,scale,1.4394004100445277,1.1855994064197934,0.20838454516151794,0.5046239881980084,0.7181818181818181
"Lasso→PCA (top-100, 95%var)",SVR (rbf),10.0,auto,1.4394004100445277,1.1855994064197934,0.20838454516151794,0.5046239881980084,0.7181818181818181
"Ridge→PCA (top-100, 95%var)",SVR (rbf),0.1,scale,1.5168524028804087,1.2548759661592594,0.12090123885499249,0.5479646812252664,0.5909090909090909
"Ridge→PCA (top-100, 95%var)",SVR (rbf),0.1,auto,1.5168524028804087,1.2548759661592594,0.12090123885499249,0.5479646812252664,0.5909090909090909
"Ridge→PCA (top-100, 95%var)",SVR (rbf),1.0,scale,1.2993427967367497,1.0349576146503745,0.35494238493405805,0.6094346939315859,0.7636363636363637
"Ridge→PCA (top-100, 95%var)",SVR (rbf),1.0,auto,1.2993427967367497,1.0349576146503745,0.35494238493405805,0.6094346939315859,0.7636363636363637
"Ridge→PCA (top-100, 95%var)",SVR (rbf),10.0,scale,1.2707613148575514,1.0245200088937128,0.3830087699644522,0.6074198127770208,0.7272727272727273
"Ridge→PCA (top-100, 95%var)",SVR (rbf),10.0,auto,1.2707613148575514,1.0245200088937128,0.3830087699644522,0.6074198127770208,0.7272727272727273
"Lasso (alpha=1.0, top-100)",SVR (rbf),0.1,scale,1.5037179382380985,1.2495397959387484,0.1360596034883843,0.38605030707226434,0.5545454545454546
"Lasso (alpha=1.0, top-100)",SVR (rbf),0.1,auto,1.4988426381384934,1.2439676151318035,0.1416525948967855,0.39346433200714,0.5727272727272728
"Lasso (alpha=1.0, top-100)",SVR (rbf),1.0,scale,1.4215936684726762,1.147687024158184,0.2278494567329763,0.4508723074201601,0.7181818181818181
"Lasso (alpha=1.0, top-100)",SVR (rbf),1.0,auto,1.4286566266357341,1.1537535975588218,0.22015778655324258,0.4438409715832911,0.7545454545454545
"Lasso (alpha=1.0, top-100)",SVR (rbf),10.0,scale,1.3288246788909464,1.0808822727891654,0.325337780495801,0.5130662019142753,0.7090909090909091
"Lasso (alpha=1.0, top-100)",SVR (rbf),10.0,auto,1.3455432053021963,1.071708668430251,0.3082545435677668,0.4996259763638012,0.7
"Ridge (alpha=1.0, top-100)",SVR (rbf),0.1,scale,1.467313612122213,1.230856784565265,0.17738445295204952,0.4551141624824024,0.5818181818181818
"Ridge (alpha=1.0, top-100)",SVR (rbf),0.1,auto,1.467313612122213,1.230856784565265,0.17738445295204952,0.4551141624824024,0.5818181818181818
"Ridge (alpha=1.0, top-100)",SVR (rbf),1.0,scale,1.2716001963481427,1.0311401407404166,0.38219389882323795,0.5758871532436786,0.7909090909090909
"Ridge (alpha=1.0, top-100)",SVR (rbf),1.0,auto,1.2716001963481427,1.0311401407404166,0.38219389882323795,0.5758871532436786,0.7909090909090909
"Ridge (alpha=1.0, top-100)",SVR (rbf),10.0,scale,1.2719954649392249,1.0121902752128518,0.3818097571696595,0.5738353863929201,0.8181818181818182
"Ridge (alpha=1.0, top-100)",SVR (rbf),10.0,auto,1.2719954649392249,1.0121902752128518,0.3818097571696595,0.5738353863929201,0.8181818181818182
PCA (n_components=50),SVR (rbf),0.1,scale,1.4821649386354334,1.2307088267200883,0.16064807368801814,0.6423505670721811,0.6
PCA (n_components=50),SVR (rbf),0.1,auto,1.4821649386354334,1.2307088267200883,0.16064807368801814,0.6423505670721811,0.6
PCA (n_components=50),SVR (rbf),1.0,scale,1.2198600108277862,0.9405224608573148,0.43144692927459427,0.6764145075067962,0.8363636363636363
PCA (n_components=50),SVR (rbf),1.0,auto,1.2198600108277862,0.9405224608573148,0.43144692927459427,0.6764145075067962,0.8363636363636363
PCA (n_components=50),SVR (rbf),10.0,scale,1.269979468137977,0.9925585016952472,0.38376775462270907,0.6120858533454874,0.7909090909090909
PCA (n_components=50),SVR (rbf),10.0,auto,1.269979468137977,0.9925585016952472,0.38376775462270907,0.6120858533454874,0.7909090909090909
"Lasso→PCA (top-100, 95%var)",SVR (rbf),0.1,scale,1.4312548139041283,1.171483963761516,0.21731872992146073,0.5012581684203596,0.6363636363636364
"Lasso→PCA (top-100, 95%var)",SVR (rbf),0.1,auto,1.4312548139041283,1.171483963761516,0.21731872992146073,0.5012581684203596,0.6363636363636364
"Lasso→PCA (top-100, 95%var)",SVR (rbf),1.0,scale,1.3958749893418725,1.0721101787003986,0.25553536489851014,0.4883527854646899,0.7181818181818181
"Lasso→PCA (top-100, 95%var)",SVR (rbf),1.0,auto,1.3958749893418725,1.0721101787003986,0.25553536489851014,0.4883527854646899,0.7181818181818181
"Lasso→PCA (top-100, 95%var)",SVR (rbf),10.0,scale,1.4752530856275818,1.1571702977552532,0.16845820308472703,0.4759914665278731,0.6818181818181818
"Lasso→PCA (top-100, 95%var)",SVR (rbf),10.0,auto,1.4752530856275818,1.1571702977552532,0.16845820308472703,0.4759914665278731,0.6818181818181818
"Ridge→PCA (top-100, 95%var)",SVR (rbf),0.1,scale,1.520071000073566,1.2773139968419265,0.11716657527227647,0.5433355263529933,0.5818181818181818
"Ridge→PCA (top-100, 95%var)",SVR (rbf),0.1,auto,1.520071000073566,1.2773139968419265,0.11716657527227647,0.5433355263529933,0.5818181818181818
"Ridge→PCA (top-100, 95%var)",SVR (rbf),1.0,scale,1.3176686323488518,1.101970582639162,0.33661837890111046,0.5295863830968993,0.7363636363636363
"Ridge→PCA (top-100, 95%var)",SVR (rbf),1.0,auto,1.3176686323488518,1.101970582639162,0.33661837890111046,0.5295863830968993,0.7363636363636363
"Ridge→PCA (top-100, 95%var)",SVR (rbf),10.0,scale,1.3165763760205205,1.0973641827239213,0.33771771820602314,0.526704688081789,0.7636363636363637
"Ridge→PCA (top-100, 95%var)",SVR (rbf),10.0,auto,1.3165763760205205,1.0973641827239213,0.33771771820602314,0.526704688081789,0.7636363636363637
"Lasso (alpha=1.0, top-100)",SVR (rbf),0.1,scale,1.4629811726270276,1.2099863393323447,0.15741155880140745,0.527335455978845,0.6
"Lasso (alpha=1.0, top-100)",SVR (rbf),0.1,auto,1.4503987774074452,1.1991915848538774,0.17184262677607265,0.5369384684807951,0.6
"Lasso (alpha=1.0, top-100)",SVR (rbf),1.0,scale,1.4399791780987057,1.1468178127261919,0.18369877656072142,0.5155277172636711,0.6545454545454545
"Lasso (alpha=1.0, top-100)",SVR (rbf),1.0,auto,1.427263222482027,1.1270553623398405,0.19805206579833645,0.5142454706375701,0.6636363636363637
"Lasso (alpha=1.0, top-100)",SVR (rbf),10.0,scale,1.4939743324248491,1.1926117668084693,0.1213330426234479,0.44619415149550873,0.7
"Lasso (alpha=1.0, top-100)",SVR (rbf),10.0,auto,1.5076556519476398,1.1903647686438965,0.10516627620116759,0.44270717865618386,0.6727272727272727
"Ridge (alpha=1.0, top-100)",SVR (rbf),0.1,scale,1.4183306073447697,1.182811943612806,0.20805873529591068,0.5591840637242655,0.6
"Ridge (alpha=1.0, top-100)",SVR (rbf),0.1,auto,1.4183306073447697,1.182811943612806,0.20805873529591068,0.5591840637242655,0.6
"Ridge (alpha=1.0, top-100)",SVR (rbf),1.0,scale,1.2413184174684153,0.9915936727396288,0.39339718558335124,0.5970610755715346,0.7636363636363637
"Ridge (alpha=1.0, top-100)",SVR (rbf),1.0,auto,1.2413184174684153,0.9915936727396288,0.39339718558335124,0.5970610755715346,0.7636363636363637
"Ridge (alpha=1.0, top-100)",SVR (rbf),10.0,scale,1.281117473971085,1.0079284517077045,0.35387591151808795,0.6063319954221205,0.7727272727272727
"Ridge (alpha=1.0, top-100)",SVR (rbf),10.0,auto,1.281117473971085,1.0079284517077045,0.35387591151808795,0.6063319954221205,0.7727272727272727
PCA (n_components=50),SVR (rbf),0.1,scale,1.5216498608827789,1.2513659945225895,0.08847730936337173,0.5693866879578456,0.5818181818181818
PCA (n_components=50),SVR (rbf),0.1,auto,1.5216498608827789,1.2513659945225895,0.08847730936337173,0.5693866879578456,0.5818181818181818
PCA (n_components=50),SVR (rbf),1.0,scale,1.2520020292147365,1.032014940761701,0.3829105972797505,0.6458141217509835,0.7363636363636363
PCA (n_components=50),SVR (rbf),1.0,auto,1.2520020292147365,1.032014940761701,0.3829105972797505,0.6458141217509835,0.7363636363636363
PCA (n_components=50),SVR (rbf),10.0,scale,1.2695805670411888,1.0046765282685433,0.365460656034475,0.585645390680888,0.7818181818181819
PCA (n_components=50),SVR (rbf),10.0,auto,1.2695805670411888,1.0046765282685433,0.365460656034475,0.585645390680888,0.7818181818181819
"Lasso→PCA (top-100, 95%var)",SVR (rbf),0.1,scale,1.478203356681346,1.2074212361911911,0.13978622850018307,0.44690907317552897,0.5818181818181818
"Lasso→PCA (top-100, 95%var)",SVR (rbf),0.1,auto,1.478203356681346,1.2074212361911911,0.13978622850018307,0.44690907317552897,0.5818181818181818
"Lasso→PCA (top-100, 95%var)",SVR (rbf),1.0,scale,1.505321716236422,1.1941139902715165,0.10793463757766475,0.45829708367856203,0.6636363636363637
"Lasso→PCA (top-100, 95%var)",SVR (rbf),1.0,auto,1.505321716236422,1.1941139902715165,0.10793463757766475,0.45829708367856203,0.6636363636363637
"Lasso→PCA (top-100, 95%var)",SVR (rbf),10.0,scale,1.5548585386492688,1.2035261824859353,0.04825678650287857,0.442813263808703,0.6545454545454545
"Lasso→PCA (top-100, 95%var)",SVR (rbf),10.0,auto,1.5548585386492688,1.2035261824859353,0.04825678650287857,0.442813263808703,0.6545454545454545
"Ridge→PCA (top-100, 95%var)",SVR (rbf),0.1,scale,1.4963715918745992,1.2507191102819886,0.11851092901715277,0.5219804619755961,0.5909090909090909
"Ridge→PCA (top-100, 95%var)",SVR (rbf),0.1,auto,1.4963715918745992,1.2507191102819886,0.11851092901715277,0.5219804619755961,0.5909090909090909
"Ridge→PCA (top-100, 95%var)",SVR (rbf),1.0,scale,1.3250883566728202,1.0826772683820023,0.3087618508856883,0.5418045483028687,0.7545454545454545
"Ridge→PCA (top-100, 95%var)",SVR (rbf),1.0,auto,1.3250883566728202,1.0826772683820023,0.3087618508856883,0.5418045483028687,0.7545454545454545
"Ridge→PCA (top-100, 95%var)",SVR (rbf),10.0,scale,1.331252471357812,1.0822391640920217,0.3023158177965576,0.547980549138657,0.7818181818181819
"Ridge→PCA (top-100, 95%var)",SVR (rbf),10.0,auto,1.331252471357812,1.0822391640920217,0.3023158177965576,0.547980549138657,0.7818181818181819
"Lasso (alpha=1.0, top-100)",SVR (rbf),0.1,scale,1.490530957323512,1.2577494966281653,0.13331329802853575,0.5359528038872168,0.5963302752293578
"Lasso (alpha=1.0, top-100)",SVR (rbf),0.1,auto,1.484744817172063,1.2503804654680344,0.14002907565177813,0.5396035147645292,0.5963302752293578
"Lasso (alpha=1.0, top-100)",SVR (rbf),1.0,scale,1.3530130860836742,1.0991080318230535,0.28585873888752644,0.5576863865646198,0.7155963302752294
"Lasso (alpha=1.0, top-100)",SVR (rbf),1.0,auto,1.3552825471044359,1.0992847188629944,0.2834610163279868,0.5537322399780242,0.6972477064220184
"Lasso (alpha=1.0, top-100)",SVR (rbf),10.0,scale,1.319301149536846,1.0984917123065363,0.32100275246999654,0.5515702605493821,0.7247706422018348
"Lasso (alpha=1.0, top-100)",SVR (rbf),10.0,auto,1.3446494071038777,1.097618326544598,0.2946604092801821,0.5468575246895787,0.7064220183486238
"Ridge (alpha=1.0, top-100)",SVR (rbf),0.1,scale,1.4293857612300243,1.195883429570574,0.20296198588090386,0.6116126015237784,0.5963302752293578
"Ridge (alpha=1.0, top-100)",SVR (rbf),0.1,auto,1.4293857612300243,1.195883429570574,0.20296198588090386,0.6116126015237784,0.5963302752293578
"Ridge (alpha=1.0, top-100)",SVR (rbf),1.0,scale,1.17304343437526,0.9271389939103315,0.4632051776268029,0.7090533936673187,0.8256880733944955
"Ridge (alpha=1.0, top-100)",SVR (rbf),1.0,auto,1.17304343437526,0.9271389939103315,0.4632051776268029,0.7090533936673187,0.8256880733944955
"Ridge (alpha=1.0, top-100)",SVR (rbf),10.0,scale,1.142713956279391,0.9152664531222331,0.4906043931117292,0.7158854383091462,0.8256880733944955
"Ridge (alpha=1.0, top-100)",SVR (rbf),10.0,auto,1.142713956279391,0.9152664531222331,0.4906043931117292,0.7158854383091462,0.8256880733944955
PCA (n_components=50),SVR (rbf),0.1,scale,1.5288603209782885,1.2456616047755598,0.08816606511374858,0.5488630450806218,0.6055045871559633
PCA (n_components=50),SVR (rbf),0.1,auto,1.5288603209782885,1.2456616047755598,0.08816606511374858,0.5488630450806218,0.6055045871559633
PCA (n_components=50),SVR (rbf),1.0,scale,1.206733521933257,0.9404872120361414,0.43192865031102645,0.6820760626388668,0.7981651376146789
PCA (n_components=50),SVR (rbf),1.0,auto,1.206733521933257,0.9404872120361414,0.43192865031102645,0.6820760626388668,0.7981651376146789
PCA (n_components=50),SVR (rbf),10.0,scale,1.1558377864296143,0.9117777967919914,0.47883660018301644,0.689078789867166,0.8348623853211009
PCA (n_components=50),SVR (rbf),10.0,auto,1.1558377864296143,0.9117777967919914,0.47883660018301644,0.689078789867166,0.8348623853211009
"Lasso→PCA (top-100, 95%var)",SVR (rbf),0.1,scale,1.4430162331781173,1.1984520971045522,0.18768856762115482,0.5466299479076163,0.6238532110091743
"Lasso→PCA (top-100, 95%var)",SVR (rbf),0.1,auto,1.4430162331781173,1.1984520971045522,0.18768856762115482,0.5466299479076163,0.6238532110091743
"Lasso→PCA (top-100, 95%var)",SVR (rbf),1.0,scale,1.3011322423162268,1.075195246763406,0.33957575270518636,0.5948145903051835,0.7247706422018348
"Lasso→PCA (top-100, 95%var)",SVR (rbf),1.0,auto,1.3011322423162268,1.075195246763406,0.33957575270518636,0.5948145903051835,0.7247706422018348
"Lasso→PCA (top-100, 95%var)",SVR (rbf),10.0,scale,1.4264791811628266,1.1848633545169631,0.20620015918600587,0.558084645933054,0.6697247706422018
"Lasso→PCA (top-100, 95%var)",SVR (rbf),10.0,auto,1.4264791811628266,1.1848633545169631,0.20620015918600587,0.558084645933054,0.6697247706422018
"Ridge→PCA (top-100, 95%var)",SVR (rbf),0.1,scale,1.5493342325022152,1.2791360426191338,0.06358067977008242,0.48474328676273354,0.5963302752293578
"Ridge→PCA (top-100, 95%var)",SVR (rbf),0.1,auto,1.5493342325022152,1.2791360426191338,0.06358067977008242,0.48474328676273354,0.5963302752293578
"Ridge→PCA (top-100, 95%var)",SVR (rbf),1.0,scale,1.3055274659267324,1.0514772622412811,0.33510639159054,0.6089765037993813,0.7247706422018348
"Ridge→PCA (top-100, 95%var)",SVR (rbf),1.0,auto,1.3055274659267324,1.0514772622412811,0.33510639159054,0.6089765037993813,0.7247706422018348
"Ridge→PCA (top-100, 95%var)",SVR (rbf),10.0,scale,1.2702033825220969,1.0153949665824467,0.3706001111004916,0.6419372077202596,0.7522935779816514
"Ridge→PCA (top-100, 95%var)",SVR (rbf),10.0,auto,1.2702033825220969,1.0153949665824467,0.3706001111004916,0.6419372077202596,0.7522935779816514
