feature_0,feature_1,feature_2,feature_3,feature_4,feature_5,target
11092.828422080514,-3856.484092755157,753.3609283388942,-2921.2170257697603,-2291.636523697637,-13.739319000903262,5.0
-11090.530627331467,-741.768207938885,-2402.9547396863577,9421.510464549187,-1776.4030412838426,-1345.3452833034644,2.0
4741.9039842151915,-2890.5369584117757,-2281.25262358007,-337.0947793481978,9.479198806373367,944.429763469213,5.0
116935.45330092222,-19198.508581921928,4047.677791486265,-2751.251473764861,-4861.766801847328,-737.1112239583587,1.0
-13483.29938641685,-465.032021635799,97.23173268567868,-1600.5493691857973,153.2692519655647,-626.4534627367021,2.0
-4568.571186231511,-1514.1347961770969,-2767.756344406121,57.83840513236018,-1130.2508695988433,-777.5560983289823,4.0
-5268.321830758344,-1586.2525043074304,-531.4622274553594,-1470.3289302749522,951.411919226796,-882.5590309183096,2.0
2192.633489666753,-2532.6205734534333,-1786.482310020839,83.59864204404113,-1506.2240523420933,-2200.7077797599673,3.0
-9931.162841650013,-1480.6991469602442,10474.442126926746,26475.048621931062,-10249.887724719993,-3971.5055552791955,3.0
-1655.9123244445736,-2070.801243985093,-523.35144775426,3520.228328532677,377.8321755688282,1710.2126538653513,2.0
-14656.070955742236,-32.99807565393067,-3672.9985455114556,-1491.6325913178096,2169.065960839855,-553.6669961190769,5.0
-887.5710232328637,-2009.072661883126,-3002.5292210458397,-2034.1054565491784,-611.9406242297516,405.31700471232904,5.0
-1746.7489688188898,-2028.5264704295334,-1757.4085408552828,2691.942785961091,-1107.9856981806224,-519.4496395267452,2.0
52111.476635765044,-10062.165251371269,2816.6103918172466,37.24008917897621,9625.284123694553,-3508.8021288660625,3.0
-3709.7794193875125,-1759.4247107692713,-470.2521870113416,-2309.4312680316557,-651.846000487379,-116.34553431056871,4.0
-6923.721028142721,-1262.1840865943386,-423.086569463314,-3806.0556452230667,-1639.285189314677,-2304.88556960237,0.0
-13343.445759184058,-415.40898137487835,-692.3566808965352,-2209.834602596806,1485.7760913621764,-2201.5805537246997,5.0
-11358.473256728248,-716.5020070803675,518.7148306368094,-3739.143475350409,-801.1582504087935,-2548.0154585007053,5.0
6407.295483610717,-3128.289889116683,-2053.5325915566123,-1086.8105540450922,51.68347781568826,1301.444684571158,1.0
-3352.598042183916,-1809.109582058475,187.01453869589147,-1676.858268700551,353.0564826504434,2050.3877675331987,2.0
1571.2753419881426,-2344.456996554468,-2582.0800672768137,-1219.5177810131804,-691.0106573965425,2479.56490590906,5.0
-6627.7987940480725,-1303.8419177410888,-344.28181643293277,3019.2525800714147,-1274.817802575073,947.1543923244116,4.0
-3593.195439129529,-1982.417989402554,2268.8385152425635,8080.847385566621,-2426.07905979187,-2062.603119228012,2.0
-8750.894618471655,-787.9147871381243,-3216.069907575863,-221.48517752920012,488.024635601264,3832.215312090069,2.0
-14176.815014273003,-133.46394178876082,-2585.0091318791224,-978.2925502678174,1364.768100432631,456.22913383833566,1.0
-8550.265139486786,-1052.3804716279853,-1492.4020072730284,1464.1562882715086,942.4836015518732,1886.3401603757186,4.0
404.45860305597176,-2337.1985886060197,2023.0129032266118,3315.60998567287,5280.0401602097945,1740.6205617856035,3.0
-12286.827481281853,-390.3080041884865,-3681.1081977653134,-1542.0023915376205,758.7710878424652,323.82632329223617,5.0
35739.325601208504,-7321.52557952732,-6568.379720425228,-2461.974040496353,323.5632142297862,-4245.706834975914,4.0
-5346.429341551267,-1525.6133051807926,-298.4219121849733,-1197.2672866518171,384.1530683159923,1801.9541683027417,5.0
-13237.113929741166,-417.4600372169807,-1219.83132793846,5029.412556739145,-1146.6786958940565,-656.240908220943,4.0
-3890.5347821310606,-1860.4997803992824,897.6953334310234,-3737.6518742116623,2312.755966723957,-6294.700926981212,5.0
-7070.70044869806,-1328.731515252059,906.9762763853483,-3897.7767548122965,773.9802147803596,-3700.7310227099015,5.0
-4401.256523081411,-1953.2914372508453,12336.532082207312,-5438.327419201405,-2104.3983869028057,3278.736884480414,4.0
-1393.2639041230714,-2023.4890266692055,-1591.2282528626897,550.4096618036682,-807.4588559058652,912.0997497727245,3.0
-2331.764060256269,-1828.6545527470607,-2398.1145074914634,689.3337420668424,813.1308387324087,1219.9553540883264,3.0
-738.3385897159845,-2129.3449419934027,-1174.8230626693387,2559.4451508963384,-1409.0597209330858,1173.4455095877067,5.0
-5908.368153812883,-1308.425067303301,-3617.5400384122086,1138.6036663096415,889.5038063689176,3708.6539619489135,2.0
-2655.4576578712904,-1679.2301330935506,-4278.852504947997,-245.7320889146488,-744.4150210951734,486.9850956476002,5.0
-4624.199065181964,-1323.31865307497,-5425.398176776012,445.3772636295975,-251.91795343496912,1065.9803138947082,2.0
18226.2291433944,-4609.427590721143,-1884.9493858490237,-1521.1801494369515,-3131.9918411009066,8052.808878078784,5.0
-7161.996828174342,-1594.5548248466484,8973.970339225825,-1751.264437172388,-1578.6962003935337,1747.6291942985583,3.0
-1460.0477835073511,-1981.8358280305135,-2765.962987041963,1876.385975367738,610.7981977590716,1355.072238487061,2.0
-18832.552162476506,617.6490176304645,-4280.544310471105,-1045.6279148888966,100.20241591338062,-288.98747454078057,0.0
12004.403545584397,-4077.629578825937,112.24851714613483,4804.127714512009,-2559.163798832087,-736.6009032672873,5.0
-17153.418442991846,277.49128959229984,-2372.3957881245697,4823.193719817081,-1314.9023529708554,-1368.2610666711457,0.0
-12668.18825437172,-462.7668513354415,-463.4065596504005,-1724.5061285677098,1399.933078441096,268.8659133587583,2.0
8572.959270150297,-3380.345265283696,-1872.7181434472056,-642.9764746200278,-813.5241954191356,1294.657011350741,5.0
13354.867724887818,-4001.727071469772,-4257.986296358823,-2835.853985603841,-266.09733218466675,-2864.8915014608365,5.0
-8871.743730253882,-1061.7176340706676,-149.42825565851618,-2232.1855916851896,-736.9777919338972,-1935.9963824834135,3.0
-4031.34164705005,-1621.3902878218314,-121.1095076516218,-2780.156752064793,-1619.3089841448937,2791.952056143745,5.0
3719.475651016078,-2879.6345563563627,0.19431265971615427,921.2274019653735,-716.5277344233679,-962.757824199101,4.0
-8890.998358200994,-1086.6947082170389,419.3818151349712,6946.5729756420105,-2957.4711207475902,-1166.8840569593117,2.0
-3559.001894293843,-2029.796264008136,2329.5010721436724,-259.0122286481322,7899.660131233148,-3165.8508885333163,3.0
-5220.3995143699385,-1362.9094640895273,-1927.299782938762,-2961.6053546533985,-1155.4780290219164,598.1838910903323,4.0
-980.0094094684626,-2239.44343315974,297.43535999132826,2147.7523437730133,6137.848822330215,2243.8639866219255,3.0
-2983.9504543215403,-2685.6335230148284,19585.738943904773,-4008.75103740863,-3809.6941839211026,1534.9145378553244,3.0
-6656.5756514789355,-1580.3346942423836,3079.5119723612847,-4795.623232198124,-1050.0447122364867,-4620.209572342655,5.0
22496.236876239615,-5939.823075056661,16751.462179234728,-2509.7730039669054,11455.106154512594,3063.9207274880355,5.0
-12538.643578453273,-468.77709327582994,-432.65714362772803,-466.95525191714654,1016.1820042535071,1855.264263162953,1.0
-8522.23519433782,-900.7722208527738,-3687.320375669932,-1341.8563101942239,476.3050121564577,1259.1454251883456,5.0
17577.10102096467,-5342.517453941669,22119.955819640112,6030.0719574481445,-6645.412495489389,6363.915698860425,2.0
17198.95962327193,-4624.906262421571,1382.5349757303568,-1336.6168243913469,2502.720229084767,1326.7405278495366,3.0
-19355.252615347945,599.4145426460576,-2971.5648450722992,1175.933087280846,-347.7891787381803,-865.7493144643688,0.0
1308.5736778492258,-2437.084847147574,777.8159593209876,888.5130461185403,1036.7132621387643,3517.1392844446705,1.0
4699.967187334998,-2799.3077320149173,648.4811396497624,-3217.78416069211,-2316.138769259606,3067.874543937182,5.0
-14939.492425370563,-342.50857216604993,138.38008626165396,13452.530783115666,-2831.4582554132535,-3062.058256841753,0.0
6519.321399926525,-3588.2543475497473,3506.0865601962005,-1843.9426107227323,-3050.316466116377,-6798.466433868005,3.0
2094.6229298228545,-2511.303857606016,-1620.6094616016792,-2292.6632984688317,-425.8197830989954,-18.728949543208806,2.0
37306.61681763366,-8360.370489936418,7400.586240223889,-968.155408213389,309.1940167763779,-10106.639597924324,5.0
-1524.028659670816,-2192.715940129658,-168.30704989969428,5101.753265307332,-553.358651906586,-61.36065962276198,5.0
-8157.696666453781,-990.2218298973315,-1674.8812082802751,-345.66248621196826,-617.9364322216757,1787.3691848327187,5.0
-7464.361758738729,-1427.3710029097897,1129.676943010926,-618.7254342773808,1713.0691161191442,-287.331502180658,3.0
-12527.683149305052,-319.80089293722136,-2809.0509351384417,-2833.825088713567,256.7137893971265,712.0998587045847,4.0
-6555.946147433576,-1163.1858091419103,-3311.474153651396,-1488.5832325981096,-412.6122426119779,753.5090535298226,5.0
-6805.384401488253,-1323.0952488564756,4016.106144651784,-1830.450877601238,-2977.769868475871,4856.171056521509,5.0
-343.62480450519513,-2257.8391849340496,522.1283533209541,-188.5189518719876,-1128.3660236087226,2637.205015706972,5.0
5865.3847012086535,-2873.8014779187197,-1269.918179270572,-3182.6425515893093,-3114.047791299593,4614.467417241373,5.0
-9785.042975242664,-722.2976730820195,-2533.278979584146,-556.1630394785019,1494.0521794597562,1943.7262915229342,5.0
-7868.56063165782,-1069.1790693957848,-3021.5639084389013,-1281.1500233832953,2510.040389787007,-1349.5089926173114,3.0
-7165.355010901618,-1212.5196688193134,-1356.9361361228553,1270.234445463277,555.4474595739123,948.2989013058332,2.0
-4046.071792139391,-1507.6398867552718,-3234.9519145695203,-2869.569965975676,-769.2226190583667,-676.5984416296543,5.0
-15762.54372413268,1.6456426701249212,-2920.3605942380245,561.131565261279,1617.7651780827628,1424.5683099986745,2.0
-12011.962366363074,-467.53432481325564,-2799.3980528685483,-1488.5283925265237,1160.7571289519979,-57.53973527571894,2.0
5783.685833636446,-3231.7758419499783,78.27133398224329,-2698.0694920458063,878.4238489033617,-3916.3805224418106,5.0
-7369.325280410539,-1356.659327543522,9532.408748243592,-4714.426823232544,-3295.915001710265,3509.888624447995,3.0
21236.21342916013,88830.197064178,-2857.389230379779,-630.2691549088796,-707.7515503964278,1329.251607283056,0.0
2364.1775918176218,-2811.215344592049,350.99534852934397,4833.424231359325,-1490.0473612749468,-5636.136863703261,2.0
-8453.803200142696,-1205.3294787174543,-1157.3534690732504,9854.378376403633,-1591.0921765774885,-2040.9387939561584,2.0
54237.39268647547,-9943.705892097101,-3268.453214093076,670.5904236731851,3558.205531811398,2208.995665581089,3.0
-5122.942521383533,-1424.0909077491337,1246.7026116787272,-2872.444725247211,-445.0364459799141,-462.8491636196017,3.0
8990.783940626608,-3416.2142294400974,-32.30308320270564,-2446.444473642646,-2693.761532363585,2548.0502877513964,5.0
12005.245339647652,-3793.116593859346,-3692.2662578380605,235.60963213639914,-405.3785988345573,2099.1947020248904,5.0
-11121.739651293195,-477.3351567305158,-4574.076078212936,1008.6209719431326,-963.9676945834156,-954.5092548933502,0.0
-1313.5490533149004,-1965.494366486002,-2225.088093219378,2907.231130026171,-1925.720257017887,882.833533791879,1.0
8352.05876656791,-3714.2393802972942,2254.2013183977506,-6197.062517475136,-3075.6920793450417,-3837.2132598380726,5.0
-8851.089663222196,-1063.7367165693945,-158.1458079481,802.1639965069443,-334.8177855861302,-797.8866182166533,1.0
-9483.329930246035,-1123.8203288567156,1622.344419339173,1749.3401737151673,3545.474234948803,2972.930753477903,3.0
-14154.208348503975,-275.69876051334165,-1446.0790595554913,-1314.757764401194,1479.0921120168969,379.8265240016711,4.0
13566.756319763022,-3164.8962158969252,-6039.143847075845,-454.85548690623375,-832.1200620177291,1622.6437799013738,2.0
-15170.151785411892,17.68131499591703,-3978.4848949609336,-136.20667775201355,324.7032613233338,-458.2238589594134,4.0
-10845.723915611014,-643.4984388491703,-2272.0446325536736,-2916.7446579891334,-1135.4672388785161,-1707.9700289458112,5.0
-8013.8843916080195,-1151.7698787686993,707.4802586129304,-2759.7801892387765,-188.34963842937535,-2161.9939994710057,5.0
-15390.366554369675,-328.92096119082385,6756.769472128973,740.0148588898409,-3389.0649562463955,563.1392808616605,3.0
-7729.274719430151,-1058.5180410774458,-2056.9726961550937,1438.2331129292663,-1023.3390250476574,-547.9908704617349,4.0
-10984.005259521806,-602.4812238881838,-2022.725950940467,-2108.177595423135,-1141.566955509256,-1425.0117941778046,3.0
-6644.391783068451,-1279.7551364585033,-3452.69945695347,-240.98094450371767,2289.392611402631,-553.2083885275781,5.0
-5966.103236869796,-1287.0330468811726,-3136.4924971137957,208.63709586044448,-500.10409456962606,749.1090668844938,5.0
-9053.269283196918,-1013.3393531555531,-248.1837588308273,-2377.266211748552,-1273.5585511394665,-2613.61197118508,4.0
-808.2278819860661,-2348.1682238267394,393.2676587048372,2371.6550806483842,4396.544859271821,-1101.9916062742761,3.0
-12784.045758657854,-384.41730841214576,-2587.6584089205503,1640.3536462525087,1450.941963545701,1906.3723124054554,1.0
26253.598968816343,-6220.380170789122,4771.579736787534,2511.7056719969,21890.48020010359,-3439.617972996957,0.0
2183.279158635189,-2387.8787613380423,-5215.3612722939515,-2251.644274079084,1084.4418501696875,-2001.891489546825,5.0
-9482.189387970544,-764.758600413802,-3027.6022732348038,-637.9094959320586,1295.401415437118,788.1252851622845,3.0
-8178.5955265344965,-1266.3469309028246,2068.673014936903,2414.2249390141747,8350.110628594157,662.8381561815057,5.0
-11347.174516222445,-590.7610630741025,-1586.1374575854363,-3257.0176472312764,-708.0134244497282,-1184.6978963017953,5.0
12157.552010457926,1471.9380522310425,-1680.86456091358,-1899.3064641757103,-1899.077325446309,-4927.229101454843,0.0
14202.70438542585,-4097.893520792208,-5099.802772612192,5508.090781870554,-2895.9780585363137,499.4677592404605,0.0
-9529.155205868276,-802.5289581431025,-2148.420394819505,-1235.1799602401745,1541.1108902562696,2001.7897610595528,5.0
-3973.829226970944,-1589.107474548975,-2491.726992722725,-62.68041460119362,-283.2679327251564,204.751315241703,2.0
-14807.141813416287,-119.48361643996448,-2297.0518937771835,-1095.2852491994665,2495.510980273181,325.79633324312107,2.0
13608.786522556351,-4295.60657482245,1984.1631054685868,-4251.474197179211,-1828.3388013886315,-2286.375112344972,5.0
24177.95198490454,-5788.2347236943315,681.1377319506842,1503.714005924403,-2057.443000006588,-4309.445923261071,3.0
-13567.945347787216,-302.73738293421854,-1449.8292887703717,-1991.6132794691239,73.5512787099973,981.7499554606048,5.0
-13389.721052217945,-418.95379817232526,-982.6156606373007,-802.9086076761864,1040.4327103722812,683.9025645159843,2.0
-7652.846942732325,-1361.246799986199,1342.3569484861066,1071.9287623352259,-165.85011481812407,-624.2535075638709,3.0
-11761.793717278562,-768.2635719832426,807.7685842341501,2015.6918154792966,3061.7370975836066,113.55921548058456,4.0
3855.8176372184375,-2958.944212277653,1675.2027455838422,-1269.8548667403793,290.14594096346065,-4281.758764571499,5.0
-3728.999388577553,-1524.9728760750822,-3873.7581970857564,241.89153096705786,-1606.6093424307069,-807.8446906189423,0.0
-11756.28816630908,-411.85961387230606,-3376.7951423323743,-2344.40303802814,-297.60116432047454,1130.4264815437793,5.0
-14117.952296036043,-361.35051028977523,1476.8898632277162,964.5226469684228,7554.640344481545,589.931243384394,5.0
-6170.654594147386,-1367.9171514518441,-1289.2121097352333,-751.5199435520692,-565.2633056433566,-884.6584659408057,5.0
-3424.3211939032035,-1708.0240331339369,-1559.954980844573,-2646.7332626730145,-1162.3095662141334,-932.4581186529882,5.0
-15914.320411685478,47.04370739586231,-2765.170423458756,-1713.8427594799114,414.90685692590284,-1528.4178734972515,5.0
32845.58061455532,-7846.722072806206,19086.512445189077,8056.4956422865525,38890.128245376174,-5559.151204296201,3.0
20409.310957187474,-5198.684778195943,-2804.1634462168445,1769.3831322698738,191.05516381235995,4314.744384550546,1.0
2192.5503276167874,-2948.4599464779008,3388.236496347997,-454.28721523411326,315.0594871604815,-1555.6280763917377,3.0
8768.84611588872,-3150.788247605204,-3239.820181976659,-1379.1227676767892,-637.0238608928335,2857.7951056685747,2.0
11520.466273225697,-3769.2521766557375,-3032.138401995465,-2557.121404738632,-1269.2106376398726,1536.5137825114407,5.0
-9564.520572884232,5460.837512630739,-3883.603199190354,-1066.56684088205,609.6783232182795,2180.443565203351,4.0
-4538.22718906168,-827.5653735086698,7386.632248145279,895.9475083624993,-5125.888140596207,1438.8649469252166,3.0
18963.225629638266,-4914.612312309269,-1920.403247780362,-54.062940848401624,234.2179436708388,-2377.093885087081,2.0
-6515.141922082487,-1302.4957481618874,17.156848666883242,-2061.365507773711,-353.0970360857606,2308.1993883211567,2.0
-13240.81801097435,-736.545569891992,9287.857557304716,-3072.0070429704774,-651.608670867863,2372.556158019123,4.0
-389.08956967128273,-2074.339048887035,-2863.3524380876815,-1519.9945844202707,579.8254574299843,1211.4213703174605,4.0
-7265.70377388944,-1343.8833631882876,2366.3981997460833,1215.790450765647,5625.173824316771,3759.4610206178418,1.0
5357.165816727094,-3378.8648698453694,3245.4362671663566,-4315.619574992533,-1659.4879915506958,-3444.408614736134,3.0
-17027.23300348446,1482.8678897246273,-4322.831538346412,-896.5342087151654,55.8681809756864,-578.0876006956204,0.0
-8126.869242535229,-1083.4357187126373,-1874.7043545346476,-346.3681432742676,864.0486937383625,1501.7267410137267,3.0
447.4017977285778,-2395.081671868718,472.09480733352734,-4563.903962544069,-1548.578862890229,-2590.255689285275,3.0
20036.3287274244,-5515.680881474591,4594.281070033377,-3176.784521695229,-2732.448529265702,-3514.2127363640266,1.0
-4412.054124368458,-1685.972069671196,54.060042416524496,598.4905011761001,699.7137928766346,948.6602013851498,1.0
-9712.535247084326,-869.6080053067252,-976.9461916142308,-1394.983150244749,1870.8712332252974,17.692402150616953,5.0
-16453.747844618414,252.96728497807212,-4423.252207633146,317.6627405673271,-184.22835438265562,-563.1222611133043,0.0
-5611.286718158691,-1388.0922963023847,-1420.1764611440296,577.6749280265518,1671.9654405472368,2879.813177520608,5.0
-8251.950880772143,-1285.3710070413713,4734.232097399229,3136.910882881049,-770.4774879737622,-558.2506829016925,2.0
-8914.179018657978,-1306.9042084197163,4044.029303786749,-1526.1360349337708,3206.9574178181024,-1544.1008245416683,2.0
-11175.656961245284,-513.800683501974,-1760.9850714374054,1082.7973726653363,5345.747852555082,625.0061686023621,3.0
-11624.379580225153,-806.8840271348782,7503.1314787751135,-2767.078951868216,-2002.788591332431,2105.1447429396603,2.0
1649.5167132432405,-2483.8337736125527,1281.609940614236,-4223.645312864789,-2923.163357813758,879.676447596636,5.0
-9062.248286554297,-1817.2766849119644,19066.46964720921,13978.336195812179,-3045.484444271518,-1606.2830653030896,2.0
-15589.21108934666,-190.53908272179214,525.3059693591927,-439.41059503138433,1459.6704414172466,-936.873045300875,5.0
170321.00950903806,-26539.809621973127,-11830.724613421133,2110.089074487335,-2748.542893447698,-17671.24135663959,2.0
-15200.463255395947,56.15855857232725,-3723.1807857654508,-1198.5632453851078,1656.8540215401526,301.724765380753,2.0
-14737.62985094634,-126.58225016298346,-2584.3456370503204,1344.2954988007791,-250.74305348221083,-803.3659757212866,2.0
-15215.126513605295,-90.12227651746034,-1538.0944444879274,-1074.1600352439361,699.7826045113771,1487.020777402214,2.0
-9064.88806003229,-993.1308709596552,-2051.732370349343,2145.314919084678,-716.705582613469,-1038.2025420657799,4.0
-1852.0425676014029,-2105.755252729103,2004.6167164722542,643.9263491659938,-3084.2337003537414,-647.4395177813532,2.0
13587.724331071977,-4048.4151530817226,-4652.454885543165,3034.2754222237677,-1091.376026250188,-308.8515710187742,0.0
-10219.012476269234,-932.1037099900481,8945.011755520618,-5191.67473244036,-3176.880016832628,4014.0313231665673,2.0
-5295.55084913769,-1449.1633259792745,-803.5383620108803,-1919.482798163553,2966.3171503205685,-83.95091269094382,5.0
21884.239614818784,-5630.605620141453,-597.9887974391329,-3569.709003576559,-1182.0041291620664,-11654.451956518555,1.0
-5097.6557590283055,-1503.8775462956157,-1081.076779878235,-2077.567195662909,-914.4354670005608,-39.94876443888316,5.0
-12628.675678126168,-403.9332663476219,-1986.6189963828997,-1786.9323532268859,612.1541742664974,903.7430151075681,3.0
-7895.877380284412,-934.4375918698407,-4074.3702109666287,235.04182771164562,-975.0898967115653,318.6254139627431,0.0
-7334.206624020702,-942.4177488726892,-4605.405338463405,239.14474315192055,-504.4279073513596,1585.5429292305314,0.0
-7693.7982532751885,-1225.6834285953114,-852.5695851338794,1619.0740289279593,1858.1465635010131,975.2443932507164,2.0
-14317.079674931807,-111.58235427640334,-3002.9289295836265,-137.65076870736928,-157.17188497042363,228.94391627889283,3.0
-8163.580653849715,-1307.4458395276868,2451.3919302185186,-1764.163626811536,5021.736217707628,-2313.9356475587942,4.0
-189.17038120919898,-2382.534727499513,1053.1508650178178,-1273.1760345440814,-207.60806950780906,1981.349421167245,2.0
-7969.988228122492,-1342.8752544779345,2069.9707061261797,2557.598616994563,5414.03357536564,-908.9722850347895,2.0
583.9166918158398,-2402.0612706176908,441.99135085742694,-3438.752444000017,2823.2437151245167,-3411.682441312605,3.0
-21356.911828170774,814.3570104449313,-1543.113188400545,-2350.989237030675,832.0294335774701,-764.0610937773774,3.0
14924.707087969951,-4311.318238526004,-885.8995335376884,701.3534226576716,5812.941454780717,912.5709845768538,4.0
-9750.172618297587,-982.5456488306144,-561.2986096412991,6761.322302207102,-570.6764072573252,-420.40338665899236,3.0
-10512.067722313888,-844.1407078143502,-330.6304336789652,-955.0362106216559,473.8932606575083,927.0274860406957,2.0
8065.913845415457,-3540.3392107351333,2856.856486586531,-972.4758055583462,-3005.815700597722,-155.86491216903462,3.0
17532.632768216026,-4691.102269498403,1307.8280723891862,-2917.9631307714994,-2996.3060855705758,1645.5748598383364,5.0
19679.60369506136,-4842.509254007512,-3924.900859914755,-1821.5332655277343,-1862.7511454893104,1461.1166482217716,5.0
-6476.487248051647,-1367.9877800911559,-1137.6912715425854,2721.776232143429,-212.4557853653206,-758.6719337467142,2.0
2310.1259125577053,-2815.1344914646934,2315.6638587675934,-4307.788429977515,-1243.1997094103447,-4145.427441403132,3.0
-7103.247620602261,-1298.7161155639521,-759.0715066580532,3501.459192775695,-374.01316583020053,1463.048925749459,1.0
-13157.661552425683,-387.15535404230377,-1989.5340919205653,2418.354349810816,780.2738853965448,255.0907158530073,2.0
-8018.681918387956,-1160.4933635686389,152.69349179038716,104.07749204040564,4930.548750032763,1584.0925882607607,4.0
-13443.088273131043,-810.1150178938223,12340.065417310438,-223.7587843553745,-4637.485415112254,1595.793770475838,3.0
17620.643937526882,-4844.259279756106,-1879.9014588491325,3668.1060742869195,700.855108898996,1038.1576407982975,2.0
-4525.039344857179,-1497.0704755486875,-3013.193389051814,1890.7407090972185,-1153.0996626240135,-13.221097103152262,0.0
444.4952815613257,-2417.0526589803244,751.5599033911402,-1065.6948197664594,550.4862575868545,1547.3854247110341,2.0
-1525.2676310905688,-2219.442325558981,1140.849741537614,-1992.6558195922116,-1044.866128723632,-3483.1504549672027,5.0
-8440.274860158841,-1076.2591027500187,-768.0723165972817,-2214.9747804864724,544.1854729740874,-691.3531504610761,5.0
31560.973741776157,230567.49078447817,4757.774205523206,-214.8838501137719,-418.6658173155985,-1377.1093767138943,0.0
-14454.517445187746,-149.43619607378253,-3078.618007590213,3819.657277755748,-484.9200142916498,-585.2402577117289,0.0
-5174.42507675233,-1661.4419515287448,1646.161918962486,-2958.5605139428208,-842.0982950225999,-2406.9884860913926,5.0
20023.0121804845,-5660.3524426598615,6025.12964920423,-5242.965990584744,-559.9289789508421,-9155.985647476837,1.0
-11692.676867237547,-539.2407122883811,-1247.9954757509536,-1873.9677245622743,631.1360599191952,1158.529142707142,4.0
22699.37577223259,-5229.990939657782,-5441.549737272702,-581.672203946729,-1170.2509789054984,4319.635801949175,5.0
-12679.996642709855,-488.97439354703454,-1570.975907771787,-375.2176193471663,2316.430541296532,-164.15927179258483,3.0
160626.04940202378,-24578.016762767693,-9384.391141274995,5034.9240506087235,-1662.6819623577728,14055.492429510145,2.0
-8183.418681721747,-1056.0939153802033,-1494.1134938734695,1025.1180833235592,-33.895144327421924,1066.1651785404836,5.0
-7487.7523919594605,-1314.9206010360704,277.58713302949246,1949.5330063295362,40.17274858145271,940.739033335065,1.0
-7407.749060608272,-1158.1809532701864,188.87630439993677,-2834.6758775139783,-337.67937345778097,1570.223181262504,5.0
-927.2991079882654,-2564.6107938052182,14447.208798117641,-2077.0397584990956,-4085.8696286413224,6670.765412411564,2.0
-5439.75378326131,-1537.169856602079,-720.0961032765247,-253.62506409530212,-460.8944516797036,-1398.1751810669175,2.0
-17663.842636356592,85.60686856357198,-722.8391618882134,6406.808513485247,3.4015071717898917,-1311.7359258954755,0.0
-9178.750177235997,-916.162698706375,-3055.9738663532207,4197.500652574416,365.0301584671867,32.873029491935526,0.0
31540.654889769514,-7125.245093976741,1575.6281628142892,16709.28471684333,-6787.000217203826,-6859.821746920421,3.0
17262.94951262078,-4805.151380249316,2225.0036041491653,-1440.4306824662192,-1529.9284266361067,4498.901914247072,4.0
-6738.685297694947,-1225.4202054919276,-2919.2848616294245,-874.6013306681955,1432.1970117028366,1537.7567885266901,5.0
29195.51622399773,-6926.691981198296,5583.923647384767,-2305.3974495412517,-4095.948214582203,-4331.753888016764,4.0
-13808.818059939309,-25.187513751926076,-3938.0760156541965,-1818.1285321270748,-1513.0278827726702,-1083.0829471970371,0.0
-3085.928735497657,-2084.363842010289,3068.653826117198,7903.353194487628,-3622.6406896735093,-2500.381484119081,4.0
1824.4846121703017,-2654.2553421195316,9179.032236715557,-4235.202431107969,-6262.283260033924,2065.43413563397,1.0
6326.508758084189,-3677.8948285538927,16671.260834248496,-6669.656479964627,-6660.287802194433,2094.9954066684563,4.0
-9651.060753448193,-929.5345005447244,-1235.135189126769,3655.6778082109695,-399.78260815508736,942.1260360522913,2.0
32884.953354821235,-7109.710483711588,-3368.1197024537573,467.8998616275622,-2159.7285679730817,-8809.512221773097,0.0
-7933.245184309816,-1186.4433030053403,-1019.4781832292326,-684.4072104507777,1384.591175700203,2624.8309638474084,4.0
7965.977329948485,-3514.553093369261,1078.7386083263705,-3132.897974539235,-1063.4879335005369,-1086.3358721558066,4.0
-12829.652916766721,-379.87803818669533,-2267.3205364208125,-967.3710898461111,231.47982534625345,-505.36702119325815,3.0
-3889.4964779700176,-1562.1248030564223,-2868.498270987424,1330.846128971044,-1575.7515149148173,-1084.1876410557734,1.0
-12879.67548123011,-385.06652638452454,-2098.9596234702735,86.18943691794979,-433.3172031728852,-395.3949037037736,3.0
11499.555037227967,-3946.4774772017536,508.89328202368625,94.24730318823656,-458.85653108137427,1187.4333169427116,4.0
-8123.641355755435,-974.1148648361481,-3174.8534471042285,-501.33978733410305,60.38482935818392,736.5728912514722,2.0
85.27190265469234,-2508.6538877470925,1724.6479668157663,9641.744237034862,-1375.4445901473325,-1758.3465545793097,2.0
-4434.916422642426,-1638.6957480844162,-2367.0235112588384,-3405.2355016494957,623.2981858269369,-3038.022702958707,4.0
-9488.790527491114,-836.6979496116035,-3078.459068998687,-1786.491217397453,934.2462106461792,-540.5325928173941,5.0
-13289.807303736201,-973.8642322959198,12503.034609738655,2677.5467585691677,8559.204749743616,1978.8793361524176,2.0
-10037.942093075837,-974.8958176478906,-105.42207567452901,5264.982599420973,-276.47217601844994,-1131.3573698280732,0.0
-7227.237921825928,-1263.8681504782521,-11.110619214036817,1034.2332116273149,7262.726909888732,1485.8522056027916,2.0
-14067.324955443848,-447.6724090878763,2169.7369275603282,-1331.9384439430858,4662.669784785901,-1667.1544705482024,5.0
-6032.2665203329925,-1316.0302332078165,-2155.221108903316,-2960.642552297297,-1046.1175473796811,-1309.7644353449712,5.0
797.1380775850488,-2684.688484785812,8361.102262730266,-2392.098986952716,4888.768061164954,-161.70368591213526,3.0
-8864.3758660896,-1108.9580003809278,1341.4445031042017,-4398.391432978606,-726.7355829229607,-3850.5606328768613,5.0
-12547.131683621114,-477.5959382260058,-2289.285428154676,1134.7061216372413,371.85181561472666,730.4970577210019,2.0
-8604.447881725793,-968.7001737193542,121.16594128297498,-2177.373038267911,-519.6914200593103,2606.1012163944497,4.0
13556.559029563938,-4408.07428691772,314.68519123685155,-2473.1545187553743,-1344.8195121134538,-4091.6851590972256,1.0
-13264.025863873461,-259.5392020488849,-3255.618451263792,132.8400344979938,284.40098182014503,768.7356758955715,3.0
25250.25326123344,196197.22544162706,1593.3626744332992,43.10894790819516,826.1742384106985,-3054.760820944572,0.0
1513.3524617203236,-2544.5819691831716,-241.41008254493659,1933.3694816716131,26.055451849438146,1109.6022405709255,2.0
-5117.721160405303,-1450.3877641103957,-2658.0698393921984,420.3377667352623,2265.8680732386597,1953.2335744257334,2.0
-7777.628025792084,-1128.2847549210449,-7.712174782209614,-1039.8100930568958,-1619.3383648611582,-1816.3008408374517,5.0
-5176.269160979308,-1717.0188250566603,2614.1768334655762,-1176.695633217458,2892.894091980812,1040.7443049625374,3.0
-10322.175149692595,-624.1745955987034,-3946.6971823624367,-895.0510855545155,-62.41283099431194,933.878159054451,3.0
-18838.08959492756,453.1697111724313,-1985.6243065488416,2026.9749044660437,-592.2313512206573,-1226.0956128512007,0.0
-7186.486118608005,-1155.4808669916604,-1847.9373568279286,-1841.718029843763,3223.367323737042,-34.493003316594745,5.0
-16031.392104285285,223.28111793213168,-3910.5279915057895,-1802.101263847295,-422.07862698117555,281.231678657846,5.0
64789.19068107087,-11244.126350919429,2731.731387423447,-2885.550496724743,-5084.45826537606,4767.298860830953,5.0
-11505.342239945985,-568.7655094958488,-843.2717038995518,-3271.2433966553704,-1086.875333374129,-9.595510248711843,5.0
-9063.716095178426,-1133.343211569769,1200.2989944540973,-1619.8492260395822,2233.2056687805207,-1714.192711906719,3.0
-4989.88433231488,-1778.5064816255863,3406.133572603354,731.9391405645835,5724.784505052281,1270.7937713060237,2.0
9105.608623380467,-3613.345075692039,-2739.7259240897756,7636.111096166705,-1302.9386191076608,-2121.7978238948617,0.0
2963.7809504777542,-2537.3683472012326,-1963.4718652094966,-2730.013717815169,-2183.4603887022463,668.6462223620919,5.0
248038.86598643963,-37130.08813608959,-967.3275353798448,4164.043943523857,6684.312944178844,11132.79945865611,2.0
1127.2213460566022,-2695.427113894217,1082.0545763352347,17324.225557106973,-1181.556008727159,-2138.6444190201746,1.0
-15964.393190073417,17.279158237718853,155.05844872245237,-4238.9619798315625,175.60694986563428,-1458.4873543567833,5.0
-16164.513101574365,8.334932871796223,-804.9067955824182,9688.0484994354,-2574.3125035867656,-2282.8035594026305,0.0
-12240.265941438149,-427.0191614080119,-2851.2373910683677,1058.0089761809886,565.940249243543,79.51103942954686,2.0
-2997.965922888288,-1864.034515467799,1582.7668920260053,-3035.8065724125086,-1188.7743919694,1639.7836477686828,5.0
-11638.428587338702,-502.28859330165574,-2896.839038376475,-113.41003389074875,142.491029298666,1104.724770431858,3.0
-8738.065846699103,-1180.0319059683757,-69.99132539917348,599.5622150320007,812.081514451218,-1394.9628967377955,5.0
-4372.440065458593,-1404.5660079323795,-2388.1501352514206,1955.8519795952147,-2484.418061138674,2694.1326867417642,5.0
12430.276959108858,-4014.631929111686,513.1312850332828,955.6599750780304,-479.22689122772215,5694.0756223210565,4.0
15338.827654040395,-4712.992629828314,6361.499983800219,7309.64017377326,6040.084455012198,3696.642023472852,2.0
-15593.12438344466,79.586909992269,-3434.6216238579786,2656.2597668210005,-1122.0532238016428,-282.9706204219893,2.0
1056.1897918978952,-2648.148386937151,-214.74840286861806,-964.551899402876,743.1537008692329,-3161.9040410320836,3.0
-12669.300648840699,-664.7218248085388,6194.287207048992,-2271.3293427757308,-2464.7703907214345,1905.6646678164336,2.0
-8263.879702202463,-1053.2101289961224,-1794.092616392007,238.71980254549658,665.7979766470744,1992.0181469438457,2.0
4182.681872116601,-2826.416271777168,-16.358951981520967,-995.4395522820097,-1580.6239845822192,1907.0796742247387,2.0
-4339.092428997778,-1937.4981221204596,12048.485324373261,-4615.62665473939,-3974.8769446502506,4162.832002631023,2.0
55884.38192725583,-10029.495077971766,-3237.370864744056,-74.28446681274559,-1445.0383050698429,4319.090462305,5.0
-3917.148280348195,-1859.1029749651188,1641.857638262443,-262.4287069960803,902.7102634538057,2248.413049719052,1.0
-2634.1053076224907,-1767.385445883225,-1050.9665338393693,-1850.4750749409884,-1521.6784303947675,1563.0121522617303,5.0
-13201.543238355662,1526.1721822637976,-2707.3757006389774,-756.5518995788755,535.3991706569673,1026.0552818422693,4.0
-5815.16516765784,-1428.6893457202978,490.0775305495783,-3723.1835790963655,-1474.5360964386784,-325.74156084271823,5.0
-8641.068052691868,-472.349598569461,-1131.8372176760786,-2491.495822477316,2515.37073098788,-1409.0447405149946,2.0
7220.490419622698,-3072.7951325923864,-709.5520015643588,-2159.346069552696,-2676.818263427055,4934.487891333835,2.0
-16578.719273846156,-206.73839919371895,7975.00326047397,-1895.6654897615203,2539.5880133568407,1520.9414014597005,3.0
13407.951382621613,-4139.937967111144,863.322125471719,-2526.604408622209,-4292.2199570224875,-2950.2006371769003,2.0
-7378.096408845725,-1002.0299525845808,-3567.802488483071,456.94246286059075,934.4768375789247,2536.4216229247913,5.0
-17456.81473740864,314.8006091765397,-2526.052667036528,-2645.899938549973,-57.579635038673594,-1294.3493427438539,5.0
-530.1697835100296,-2007.7805414575312,-3974.9049118334087,493.3560807144208,235.8548122043946,1954.1752379780153,2.0
7773.338226812284,-3493.5356129858806,-453.69091884188396,11963.432242219495,-63.834409537007055,-2290.382570043293,5.0
1187.1456075080373,-2546.6760539257234,-201.01278490383677,10012.49763454814,-3015.191073686471,-842.673238220116,4.0
20137.131804539087,-5488.368386404253,569.7590311598417,-4071.3616946940956,-527.3216163900638,-8651.750420302182,4.0
961.9333570209624,-2731.6574851558144,5268.15451438986,-4722.214499476793,2851.7646864270296,-7435.395939311752,5.0
-5195.207038000658,-1651.9217922152463,793.9015125963258,-3919.9683434632,-1239.5534431668077,-2995.7767465953852,2.0
-19424.766828708463,303.58824926862104,603.9537318064971,13015.603086221607,-3658.2967756672824,-3047.2975503358693,0.0
-9042.712355217926,-1078.8479182378633,-98.72237938397032,-904.4139375050157,-335.3415523685006,-2261.221705383857,2.0
-3927.9480958388226,-1702.9032656791412,-787.7229300244016,5466.527347218224,-2934.437623650842,96.71160582149949,3.0
-8883.690295532359,-1139.8896757475316,651.246938454856,2280.9338725017715,-910.9675516240154,-1537.4174075988396,2.0
3881.770211309899,-2912.5475707241376,-405.46532128501013,14855.369630490419,-3563.339285817336,-722.048874025406,0.0
7360.783280165719,-3102.649969020471,-3528.671985125707,-2553.9710944539447,-768.8240389945516,1929.8273696076317,5.0
-7380.316343557446,-1111.572651219346,-2653.618291362864,-1040.7663357252836,-463.00065457009566,1552.724846153018,1.0
-8581.637610459373,-1033.6103480311142,-420.7924009554511,-1928.7987063504463,-604.9751799604256,862.264536285582,5.0
-13988.04716795097,-442.7220135828017,2138.354960736961,-1760.731376380629,3039.7041081909665,-2580.6395514723977,4.0
3781.5443730273464,-3143.6598155721344,4606.08936321071,-5077.544144019568,-3291.3002427802276,-4699.351840128365,3.0
-4831.650392971914,-1804.6474878404715,1122.8221733908063,-888.5030604926146,2770.1885025547526,-2198.9054690663384,5.0
-9594.535179129987,-826.4211548653027,-1444.3905565367395,-371.0065766716282,-220.50789176952145,1347.933135178662,5.0
-14642.718704180857,-143.6142272062724,-2093.6525503161615,1394.0929351118605,421.5097469820983,1101.0684884647178,2.0
-9191.54438092724,-948.183918750884,-246.77905842754828,-911.5374326954101,3263.3518428612665,162.04906566906587,4.0
-2803.8389109991035,-2021.99024899089,3015.354480214615,-1449.8133528156325,1654.5218323118538,1100.572993284273,1.0
-13081.33160492071,-494.9520124649405,1605.9975224673965,-753.5744186183508,6300.981362076451,-19.723738907753187,5.0
2116.6352741457795,-3014.2895521385594,13691.586979656071,-2236.2093035316925,-3818.385922938901,5435.524410613049,1.0
-6008.361502035721,-1480.5356236110083,562.0903888559494,-2705.3159103978237,-558.9301808735024,-814.475310659609,4.0
13349.780554072366,-4383.0696555176455,4673.520907404854,1861.3671129517274,5685.552009019299,3396.8623135965995,1.0
-16487.001418319618,93.48439475852506,-958.2278870244829,-1746.5761810772024,-188.44954753547734,-556.5475858309107,2.0
-9936.487674272,-932.8806937102084,273.48531515711244,-345.256334380682,1263.3892323088794,352.60963406262425,2.0
-1415.7320123785391,-2215.7605782441697,-2.263138822369662,-851.0320411016238,1055.7177326797555,-3389.142805612355,3.0
29856.440508589963,-6605.990442641352,-5352.340509157076,-446.5019780542127,1345.1480265537887,-7327.7308787801,5.0
-10768.52447229584,-744.461465829687,-2683.4088791998706,1458.6638719346731,1716.1190554845946,801.552611160454,5.0
-16233.5279856336,37.85236262804835,-1039.2304593672013,-195.69280924241443,1104.8960077652523,718.2236357426796,2.0
-2075.94737861769,-1872.390410312981,-2676.619172838736,2207.5463723045623,392.99796366997236,1004.4280860522988,4.0
-15363.84682487285,157.7447413604908,-4901.768327745018,-1029.8513615969807,-403.35898550978726,-986.6029433869246,0.0
-8730.64809376117,-999.149408847239,-928.5278433613412,145.18855996949728,1095.0070913848133,1699.3568696961215,3.0
-7249.50820381763,-1076.7536583152548,-3995.717651219346,1593.014334656279,-484.11481632664027,1399.37849115929,4.0
-7753.629525198131,-986.1243205723782,-3285.1951496322918,-515.5971615931992,-140.9665533646504,720.5586296102978,4.0
-15680.533745562238,-23.235275975499057,-1267.879240163211,-331.52432454817125,519.8105796991531,941.7543223608204,2.0
-7925.446987106345,-1136.5710017299687,-780.5871941328918,-357.3067628406465,-1919.7340141351692,-1483.6889838183213,5.0
-7325.027157036323,-1109.7629396507105,-2409.9666270828093,-800.4055652278772,479.73533712762145,2083.0758523597087,3.0
-7715.79956862644,-1087.3473105034557,-3178.565102050299,-1648.2012253282567,450.50377552749404,-573.6973862711463,2.0
1920.380131379012,-2564.695479325578,1676.7704652769814,-2042.0721814454716,-1041.984278114307,3922.348437533846,4.0
-12204.697426037717,-898.2566155442977,4598.51211215664,17858.05864389141,-5960.779578300598,-3050.488153921908,0.0
12547.027397169515,-4424.464819109831,3498.907247995711,-4010.7641980636645,-2399.485744523937,-6556.909825532385,3.0
866.2070599568606,-2376.001919576793,-1037.1888525270651,-2197.293440761537,-1401.7431644580688,-1400.8027400588687,2.0
-10087.60628442952,-894.2232654037549,1378.2033552081812,-3120.113756604093,-101.25485840390321,-1656.3016375260931,4.0
7893.961452452222,-4129.539009094395,19310.158946947227,-5444.673637854484,-5934.424406200119,1049.884648421272,2.0
14936.816562663063,-4212.47027110873,-3240.187603935041,-1744.9857279324676,511.7597382832571,-384.4752041397291,5.0
-11262.283010966585,-512.3239485726514,-2563.281998896805,-2972.722955445546,-588.9049801619076,1192.4688146233436,4.0
1935.8855943472267,-2422.3519058581724,-3049.9735777542123,-1330.8387296886083,-210.19182352677734,1198.3563170532861,3.0
-11982.38434238777,-580.215966286494,-1334.590380258784,2735.6729993018735,-1208.8825723366344,-1140.1132948529914,3.0
-8029.8033356624965,-1149.548010559689,-1335.3428011242627,4074.134405088914,461.9864908863735,-1358.842101799443,2.0
49551.77002873264,141864.5757730532,-2731.1362541372123,1027.413629522977,-471.72075197164156,4615.050212820225,0.0
-14536.840236301565,-40.82125976999463,-2929.756180155486,-620.802375265104,1815.1625395008518,1909.6030893592342,5.0
3621.935117279476,-2714.2594563290872,-2851.2663167620312,2572.8921486133995,-43.034492358472995,2095.9040545190824,2.0
-2811.636642127354,-1589.799969077984,-2573.1598995517265,-1828.1980321743106,-1048.5377914863266,4662.388279997351,5.0
-19353.198727416915,1175.8294791098497,-731.7442876452187,3752.41346568021,420.3115767127652,-600.3023612497418,0.0
-7148.238370524356,-1036.147727556936,-1573.6624649723083,3813.059201893666,-826.7867429865879,-725.6577955044628,0.0
-12176.397222651174,-456.83989864855585,-929.5963227727697,-1661.835134348105,-767.0737562583596,-1400.9637526201288,4.0
-15254.722059121352,-96.7316633860786,-1572.1872106958588,367.7396024296959,1212.4528273924282,-1154.8304037407809,3.0
-12640.195353598672,-398.95512503372714,-2365.1463369508315,-727.6855643488934,477.04542802526475,469.9464035752684,2.0
-6050.046271503268,-1504.937316063376,8381.028861010935,-2552.2725154578657,-6208.023461181505,1629.1926900783,1.0
13663.123029619575,-3969.4480885501102,-3083.93131789946,425.56168174717357,-1754.057096032643,2134.390071212149,5.0
-8515.421437850691,-927.7422989542762,-2565.7087673092,-1225.6662874747499,2541.9112907301014,-163.07515863166117,5.0
-19797.17921769409,661.4954280047007,-2529.0589288830383,-2651.2767876669645,488.0704535922431,-71.33411717729041,5.0
-6773.686140342361,-1672.650951796835,10867.883960613313,8546.137277700831,-8667.85283726922,-187.92996300978857,3.0
-7563.255039333234,-925.5958212996785,-3880.2250623505115,-912.1317581812337,-734.8176997384959,2210.2215340313755,2.0
16023.260678304287,-4783.771579161307,4329.424324777804,-4083.5982505776683,-1992.6674650916761,-3352.7329355532825,3.0
-5872.51059977091,-1231.53291520796,-2145.1293739935077,-1283.38749337822,-326.3574679675394,3998.9187620763214,3.0
-276.1382238288045,-2131.616358946455,-1608.2320100352563,-2316.6518973481725,-243.03676536803476,1627.3517735817006,5.0
12907.769369759,-4219.936197745925,-192.52130300576667,-2663.551248619058,-959.0632480516061,-3826.806307114724,2.0
-11469.892838847423,-654.4202848488278,37.79324061616878,1026.1191334074529,4034.025465957675,1292.7820455444148,3.0
-895.6649944538798,-2230.858349330377,-15.69950086995291,1495.7528691965315,-55.70799107245854,915.4303919465519,3.0
35016.5631577116,-7465.445901870689,3687.835946041838,-4094.600015233806,-6685.27299300185,-1547.3646440620073,3.0
3558.039281114739,-2595.869630228091,-511.9156333102852,-4336.665657893943,-2516.9806248012237,1491.7241810654793,5.0
-15713.646531773365,-250.19548591891936,7855.240234793556,-2523.4151732175915,1158.0699100322984,3536.828888250267,2.0
23298.670873473562,-5443.966739305165,-1826.3688713277386,1235.7594644275946,-2231.6096167708265,2285.181270967591,2.0
-13935.25484815126,-299.44943408072703,-1544.0905444293485,477.2976013585212,3047.9744691298984,379.5710451536929,2.0
-3847.209028517007,-1470.8319150759428,-4276.4479727987955,125.73100558144394,-1011.6227840265769,222.53731558648911,4.0
-2143.029863673355,-2189.3782167535064,282.6941080422135,-208.45439698517887,2028.7474354810383,-75.13835466710881,3.0
-7806.419744312366,-1029.7401287705884,-3240.369871491473,-2594.023634900157,-192.8003895940418,116.62631596191713,3.0
-3071.3447476972096,-2175.522630390474,2242.7663355225072,3682.3295513424105,500.28478892730294,-818.6852712687944,3.0
27898.224331596466,-6075.732707628089,905.1518338310254,-4988.75934209681,-4116.27299645002,4561.512875616872,4.0
27817.418466459523,140233.16695319346,-2145.94289548481,636.8193924342663,402.6910483059855,2666.2095957119827,0.0
12507.566716754245,-3711.1662369936475,-3757.6551929352877,-3703.2029919483534,-2353.5084638322846,2095.1727502761446,4.0
18257.46196629525,-4726.3629304918695,-2406.1684436895343,-950.0793366409022,-1236.6807854830174,-1324.0410351780035,0.0
-2689.655374971923,-1975.3365041541565,-1176.029337152998,6370.606634795892,-630.3295033637958,-1002.9940692681985,4.0
-11447.188636336079,-732.1182259654328,14.390333499353835,2924.54989402957,1911.863758812986,-1528.7196508968334,2.0
-3425.130685436813,-1835.8887902043396,-511.7165107881782,3701.3959102244007,-524.741140968298,1265.7449807915568,2.0
-16392.215529250974,148.71873307517185,-1454.2251643846039,-3700.8925308072357,-809.4410862951095,-938.288204344869,5.0
8309.552244953687,-3279.0485437276534,-1542.367114151948,-2803.2523743698275,-2146.8886828355057,3103.066161728515,5.0
3132.8340880354526,-3017.6830410442885,2820.056439841487,-1691.5149230174409,192.98954758354589,-6695.22901439508,2.0
5100.608825361541,-2812.838981017467,-4264.943119492999,-3401.5038264089853,-358.28475434546385,-2526.397656539201,5.0
24851.196292256947,152130.33572982776,-771.6947614007826,-491.032639786961,275.591964492549,-2216.146987628023,0.0
-41.06269266245665,-2293.691735431706,-210.3203011472282,-2168.661167648038,303.7682536353723,971.6684682867539,2.0
-2755.134004115823,-1894.7663446758218,762.4285315594202,-3253.411532193697,-1319.8972418861547,-701.0068033040167,2.0
-699.0643401325449,-1901.7674796736312,-6188.603161272251,1087.8118447916333,-809.7882958607357,-1217.8434173097196,0.0
-7794.655468955189,-779.6831709213768,-8574.89813162943,288.2421239074095,1038.9891929452963,2638.8589641564818,2.0
-238.6029140097873,-2438.3066130408224,1080.2600149235009,-77.94816811745832,1260.588244698157,-880.6613466764048,1.0
-9738.402816319172,-1157.2089823828594,6970.318175703964,631.2192729896511,-1825.3194141501224,2738.5560604651105,2.0
-4163.076708158492,-1807.7275060360735,1301.4723180213416,815.477504220804,2374.0230198056224,543.1018062289545,1.0
2804.1463083127496,-2699.889253507424,-1764.8189704160854,4660.456900480518,-826.3940896072935,-533.3500921471818,0.0
-5035.287747756956,-1750.8218384752136,2040.1609768399237,11355.571631918672,1372.9853973808044,782.3430648187415,2.0
5034.582495213796,-3012.601240180207,-738.4965030597684,1716.400964171285,-612.7960015788349,2054.611527894089,2.0
32497.789872299483,-6958.758678929754,3412.2839164109328,-392.01017028224885,2864.847824273768,5128.953857402969,2.0
-18093.4187745111,249.76719528589024,-62.2286197812782,2568.388571971762,-477.7230733728823,-471.61599421085964,0.0
18454.81526192016,-4930.885041687645,4219.565894830616,-5387.961036965185,-4123.138593142198,-2098.96540282457,5.0
-12725.285766788395,-415.6207922936308,-2636.647970404461,2038.0094469713142,51.40194383648155,-786.684742537082,2.0
-10778.870589613169,-668.0165596728189,-2541.8788817363466,-135.5581835228664,1941.6537575798334,926.8561006170694,2.0
-11679.461873162629,-611.8535680296739,-626.8575903215733,-1687.1175829127276,593.5525123474357,1227.3716038197215,1.0
-20114.265629992984,557.6161159096428,114.05584056405029,-1996.8509658967491,56.86683788402857,-596.1369491601109,3.0
298.0266622441533,-2415.899798885038,2128.417817400636,4349.506341344688,-2324.437671535964,1800.5495986942803,3.0
-9582.1543252465,-1022.3874522924627,811.7845116898864,88.25910888217776,4551.9122221857715,851.4680109694442,3.0
28781.073248821624,-6271.158364080053,-5671.462242462479,304.40340607051377,755.9061755808942,2486.079113482358,2.0
-1310.9792053524695,-1939.5720736003786,-1155.6892697694177,-1283.9410653151913,-1324.3868721117942,2150.4025030930256,3.0
-10335.536538389188,-697.6182642613187,-2783.6811977015327,-1580.2810616015329,1382.61940134644,-5.001129909630677,3.0
2929.882665866244,-2669.647005793742,-62.60353876806955,907.5121525936099,-20.891772894843587,2673.951094111522,5.0
-277.3942536897169,-2324.6578732499243,-85.36626209969066,12821.151451300462,-2591.9285373856105,774.7711727299948,0.0
7646.873342607074,-3568.4245241413155,1542.482384409537,-2292.2747067103414,-437.39512426020667,-3161.112537250131,2.0
-12899.21374923296,-281.3078349405479,-3851.770151456609,-1355.2005535802102,327.0788161675248,290.4565512493024,2.0
-5072.943376853042,-1685.6291488571376,2609.593258254099,-211.49225287328287,1854.6637704305142,2110.2169833694657,2.0
-703.1128838277913,-2107.152512277151,-741.0652133063919,-2107.78855179683,-1519.4626938754107,1328.5439290470983,5.0
-9632.549409440266,-879.6658645031138,-746.0501777619169,-804.6714398521748,344.2294263689961,656.5763190503859,2.0
5128.678124287172,-3001.0292554026355,-820.4098261123154,-1586.1948715282042,2440.523306892539,-437.13100640508725,3.0
-3622.692130865963,-1626.4503621293304,-546.7411826657383,-2661.334989979939,-662.3291931993311,3176.2006575912364,5.0
-383.7221663679472,-2407.607072144144,2559.40517034879,-350.6406766429063,1349.6963806860135,-3438.7322364014112,2.0
-838.5161443258024,-1979.5302727156286,-1548.8947876846041,-3082.957081978449,17.05189029917526,1416.9229147832873,4.0
7758.584164786749,-3692.4460510489344,5067.712744236469,-5664.530705443289,-4256.126656176111,-4386.810280663135,5.0
24366.947998762917,-5929.589642092131,5948.870688300094,-8675.521370849456,-7066.370079411463,-5149.616501050384,1.0
39342.542281599424,-8112.434327633055,2240.5314530040646,128.07198914579277,1320.0360617752403,5138.92146295836,1.0
60656.37125859332,-11045.756666641231,-413.36162275324943,-4682.5486884912425,2466.6260905137215,-10079.897785864145,3.0
-5805.244877169905,-1483.899331029315,-624.6514578483431,-106.73327514994754,2584.1365445632955,468.6706680214191,2.0
-8169.578215686596,-993.3833632366878,-1191.7650776570977,-1693.3172824559697,3380.4606158248093,1870.015413339714,2.0
12687.625159201967,-4220.259924509626,2171.618022987387,-2277.8907503661017,1164.564550664068,709.9845349637359,3.0
9568.096040003142,-3701.9640750638146,1973.0518487190518,-6337.449361109547,-3243.8524333643322,-6960.126108867009,5.0
27916.010057098865,-6389.161337916147,2673.2831938336167,-5265.361046665097,-2654.7862807535516,-5058.864401270091,5.0
3015.819323955769,-2700.628130813176,-1110.8723301154434,-897.6497365720713,-24.240640779864965,2539.1721407812506,3.0
-9967.793579885634,-917.2419224254121,-812.0480348246141,3451.948099083523,-1856.668912885696,-2138.3821231559805,4.0
-5562.458248604145,-1477.7189310380122,-1056.4974413042648,6031.2351520088305,-267.24250696012365,1846.3819592574096,1.0
-4691.609325654188,-1404.743621842007,-2227.681221609708,-1895.873564069256,-56.45594449540332,4089.6840135889947,1.0
20866.65258357369,-5013.320029126773,-1209.8868620050023,5255.324789160539,-5721.535537874303,3273.40592940687,5.0
-9879.695502452601,-749.9596297504827,-3802.080222974338,934.1813014694624,106.10845750951869,688.5107797344449,2.0
-11484.24065923531,-558.3081664757397,-1487.7129472746435,-464.6648586056165,-491.28552825997446,37.02907332647945,2.0
-14706.355222030965,-39.74573681489661,-3506.9042623309415,451.33204300795944,-2.798485296511928,272.8581186037739,0.0
-7634.77471549434,-1221.2592165900164,880.1357318917048,1110.2319668804907,2762.166751330168,2760.4015162423207,2.0
-16670.393812125472,180.47979266189543,-1169.098853148151,-1150.9437499713501,3882.2662427528476,795.3049045007323,5.0
-10658.197159562162,-637.5723214188349,-1877.152789747436,-2018.258406198418,-343.0406770430042,1427.5586563119812,3.0
-2972.66821468281,-1952.9190703301247,582.4670055801457,85.55491361205587,6304.716019452147,797.9258972533739,5.0
2951.8094042766415,-2491.7833099090217,-3434.0321989607214,-1825.3617057726724,-1377.4868236624407,28.445997050010398,4.0
-9417.049922381599,-866.3475792919677,-851.6095681157216,-1812.5101917401216,-378.01644498015503,792.3955962959367,2.0
-4245.555011138165,-1619.13466628538,-878.647571106195,-1819.7989908578716,-1007.5820958732279,236.9011022702094,2.0
