dimension_reduction_type,model,n_estimators,max_depth,rmse,mae,r2,spearman_r,within_1_acc,qwk
"Lasso (alpha=1.0, top-100) + SMOTE",Random Forest,10,10.0,1.1877097278625142,0.9201553739299788,0.4524981328048212,0.6478985914529151,0.8272727272727273,0.5457126632595116
"Lasso (alpha=1.0, top-100) + SMOTE",Random Forest,10,20.0,1.1501778518599162,0.9236363636363637,0.48655375930202704,0.6845858859702787,0.8,0.5297462817147857
"Lasso (alpha=1.0, top-100) + SMOTE",Random Forest,10,30.0,1.1890408663364695,0.9672727272727273,0.45127020785219396,0.640399927966149,0.8272727272727273,0.49132256134051466
"Lasso (alpha=1.0, top-100) + SMOTE",Random Forest,10,,1.1809857207973655,0.9290909090909093,0.4586797536566588,0.6470122965683223,0.8363636363636363,0.47108066971080675
"Lasso (alpha=1.0, top-100) + SMOTE",Random Forest,20,10.0,1.1647446389278526,0.9507917586967661,0.47346600287640483,0.6752841758644329,0.8363636363636363,0.5058565153733529
"Lasso (alpha=1.0, top-100) + SMOTE",Random Forest,20,20.0,1.20705313583424,0.954090909090909,0.43451934180138574,0.640966737419102,0.8363636363636363,0.5004611128189365
"Lasso (alpha=1.0, top-100) + SMOTE",Random Forest,20,30.0,1.1667456683208446,0.9377272727272726,0.4716552797023351,0.6899674418626305,0.8545454545454545,0.5043886198547216
"Lasso (alpha=1.0, top-100) + SMOTE",Random Forest,20,,1.1236709320954972,0.889090909090909,0.5099467539132667,0.7084794692105831,0.8545454545454545,0.5667762175082163
"Lasso (alpha=1.0, top-100) + SMOTE",Random Forest,50,10.0,1.154369069708036,0.9223933415225624,0.4828049722833906,0.6917758468746812,0.8272727272727273,0.4989123679303915
"Lasso (alpha=1.0, top-100) + SMOTE",Random Forest,50,20.0,1.1620280077989047,0.9478181818181819,0.4759192968950474,0.6825797378143933,0.8181818181818182,0.44287507846829877
"Lasso (alpha=1.0, top-100) + SMOTE",Random Forest,50,30.0,1.1829869744921884,0.9558181818181818,0.4568435976392098,0.660093783363532,0.8272727272727273,0.46069031639501434
"Lasso (alpha=1.0, top-100) + SMOTE",Random Forest,50,,1.1412274094149684,0.9036363636363637,0.4945137285091096,0.6937050611347495,0.8363636363636363,0.49230769230769234
"Lasso (alpha=1.0, top-100) + SMOTE",Random Forest,100,10.0,1.141524482958608,0.9250558461213602,0.4942505274298693,0.6927318614575064,0.8181818181818182,0.5021446078431373
"Lasso (alpha=1.0, top-100) + SMOTE",Random Forest,100,20.0,1.1309866971326006,0.9076363636363637,0.503544906338209,0.7123549503503444,0.8454545454545455,0.5325267127592709
"Lasso (alpha=1.0, top-100) + SMOTE",Random Forest,100,30.0,1.1426440629283707,0.9211818181818182,0.49325798691301004,0.6997614498206969,0.8545454545454545,0.5201384518565135
"Lasso (alpha=1.0, top-100) + SMOTE",Random Forest,100,,1.1458621208504975,0.9303636363636364,0.49039966641005905,0.6974471278412154,0.8727272727272727,0.5246700188560653
"Ridge (alpha=1.0, top-100) + SMOTE",Random Forest,10,10.0,1.2237139868701101,0.9762526734357353,0.4188010440048552,0.6261028357345575,0.8090909090909091,0.5171202809482001
"Ridge (alpha=1.0, top-100) + SMOTE",Random Forest,10,20.0,1.2074390630210252,0.9736363636363637,0.4341576853990248,0.6416156306054218,0.7818181818181819,0.44959003947768006
"Ridge (alpha=1.0, top-100) + SMOTE",Random Forest,10,30.0,1.210033808693715,0.9836363636363635,0.4317231203489865,0.646199037715491,0.7727272727272727,0.47412227602905566
"Ridge (alpha=1.0, top-100) + SMOTE",Random Forest,10,,1.19688990911673,0.9672727272727272,0.4440017962535284,0.6096113597678587,0.8,0.4280048810250153
"Ridge (alpha=1.0, top-100) + SMOTE",Random Forest,20,10.0,1.2042194290558799,0.9652741732618866,0.4371712970515911,0.6409041824098369,0.7909090909090909,0.4231984829329961
"Ridge (alpha=1.0, top-100) + SMOTE",Random Forest,20,20.0,1.2238445385527752,0.9595454545454544,0.41867702720041045,0.6096910427133188,0.7818181818181819,0.489871909442955
"Ridge (alpha=1.0, top-100) + SMOTE",Random Forest,20,30.0,1.1155716023635598,0.9081818181818181,0.5169858224275082,0.7007789707846529,0.8181818181818182,0.5550782448603866
"Ridge (alpha=1.0, top-100) + SMOTE",Random Forest,20,,1.1643960588297189,0.9336363636363637,0.47378111367718756,0.669805200171464,0.8181818181818182,0.49669471153846156
"Ridge (alpha=1.0, top-100) + SMOTE",Random Forest,50,10.0,1.17581192829423,0.9581878026020271,0.4634123153162739,0.6530503286283551,0.8181818181818182,0.4665336198956095
"Ridge (alpha=1.0, top-100) + SMOTE",Random Forest,50,20.0,1.1825427149694308,0.970909090909091,0.45725147549396983,0.6527296359656689,0.8090909090909091,0.4874443738080102
"Ridge (alpha=1.0, top-100) + SMOTE",Random Forest,50,30.0,1.1420460108546813,0.9181818181818182,0.49378829869130103,0.6917734455950054,0.8272727272727273,0.5061147695202257
"Ridge (alpha=1.0, top-100) + SMOTE",Random Forest,50,,1.1472306576352387,0.9389090909090909,0.4891816782140107,0.6973302307641951,0.8,0.4516129032258065
"Ridge (alpha=1.0, top-100) + SMOTE",Random Forest,100,10.0,1.1087446161191463,0.8972029005223525,0.5228795564647282,0.7235691047885403,0.8363636363636363,0.5189299123904881
"Ridge (alpha=1.0, top-100) + SMOTE",Random Forest,100,20.0,1.1504129693288407,0.9270000000000002,0.4863438221709008,0.681701460126445,0.8454545454545455,0.4969658256148195
"Ridge (alpha=1.0, top-100) + SMOTE",Random Forest,100,30.0,1.1658520099441907,0.9345454545454547,0.4724643315370798,0.6734840515006091,0.8272727272727273,0.512784533832242
"Ridge (alpha=1.0, top-100) + SMOTE",Random Forest,100,,1.1266660390889414,0.9287272727272724,0.5073308314087759,0.7189036424328207,0.8454545454545455,0.49744735162731335
PCA (n_components=50) + SMOTE,Random Forest,10,10.0,1.0906170641630495,0.8320813353129259,0.5383534922444215,0.7266653052157678,0.8545454545454545,0.6768580661198111
PCA (n_components=50) + SMOTE,Random Forest,10,20.0,1.071108177203744,0.8236363636363636,0.554721580703105,0.7438373766662647,0.8454545454545455,0.6993440233236151
PCA (n_components=50) + SMOTE,Random Forest,10,30.0,1.0836805970227743,0.8254545454545454,0.5442070823710546,0.7320762230158103,0.8636363636363636,0.6636340338288057
PCA (n_components=50) + SMOTE,Random Forest,10,,1.0582575730459438,0.8209090909090909,0.5653419296895048,0.756844007415489,0.8454545454545455,0.6634493268986538
PCA (n_components=50) + SMOTE,Random Forest,20,10.0,1.0197375907137745,0.7727811546479114,0.596408662998195,0.7722490759900168,0.8636363636363636,0.7122348680807036
PCA (n_components=50) + SMOTE,Random Forest,20,20.0,1.0724970862431282,0.8395454545454544,0.553566044393123,0.7446601233915857,0.8545454545454545,0.6592679127725856
PCA (n_components=50) + SMOTE,Random Forest,20,30.0,1.008250059170929,0.7822727272727272,0.6054505068001027,0.777033211446556,0.8818181818181818,0.6882015465203293
PCA (n_components=50) + SMOTE,Random Forest,20,,0.974107983560531,0.7959090909090908,0.6317191108545035,0.8023210606294318,0.8909090909090909,0.6716697936210132
PCA (n_components=50) + SMOTE,Random Forest,50,10.0,1.0063152752630677,0.7833765488006218,0.6069632973423088,0.7808422296272631,0.9,0.6964382083108472
PCA (n_components=50) + SMOTE,Random Forest,50,20.0,0.9942946334873874,0.7834545454545456,0.6162970233512959,0.7844198239836367,0.9,0.6939984206370097
PCA (n_components=50) + SMOTE,Random Forest,50,30.0,1.0085687428682832,0.7776363636363636,0.6052010520913523,0.7803163716612537,0.8454545454545455,0.6619812583668006
PCA (n_components=50) + SMOTE,Random Forest,50,,1.0075496829617703,0.7705454545454546,0.6059984603541186,0.7867014971157601,0.9,0.7096948420199838
PCA (n_components=50) + SMOTE,Random Forest,100,10.0,1.0425927904956598,0.8148370171355648,0.5781146813509856,0.7625671102831113,0.9,0.6911037891268534
PCA (n_components=50) + SMOTE,Random Forest,100,20.0,1.023292813332617,0.7913636363636364,0.5935895881447267,0.7671525978224535,0.8909090909090909,0.6987162693214566
PCA (n_components=50) + SMOTE,Random Forest,100,30.0,1.0115487675297268,0.7798181818181819,0.6028645753143445,0.7762107907056972,0.9,0.7154579142403388
PCA (n_components=50) + SMOTE,Random Forest,100,,0.9918316389387868,0.7691818181818181,0.6181956312548114,0.7830757719583274,0.9181818181818182,0.7232595358762337
"Lasso->PCA (top-100, 95%var) + SMOTE",Random Forest,10,10.0,1.3678037163379908,1.1102272871464713,0.2738730825705984,0.44807179405919284,0.7363636363636363,0.34316569954867815
"Lasso->PCA (top-100, 95%var) + SMOTE",Random Forest,10,20.0,1.3308917038109178,1.0945454545454543,0.31253528355144966,0.5409909133051097,0.7454545454545455,0.38604372566636713
"Lasso->PCA (top-100, 95%var) + SMOTE",Random Forest,10,30.0,1.3102393951974094,1.0672727272727272,0.3337054144213497,0.5392820546353441,0.7727272727272727,0.3885054021608644
"Lasso->PCA (top-100, 95%var) + SMOTE",Random Forest,10,,1.3145687160019095,1.05,0.3292949704901207,0.5250669738450351,0.7636363636363637,0.38276279915177214
"Lasso->PCA (top-100, 95%var) + SMOTE",Random Forest,20,10.0,1.2875218843201823,1.0374554982246833,0.35661013306706923,0.5816784544806809,0.7454545454545455,0.3678629690048939
"Lasso->PCA (top-100, 95%var) + SMOTE",Random Forest,20,20.0,1.2646325373583642,1.0177272727272728,0.3792829420066718,0.5994924213784446,0.7363636363636363,0.3822333437597748
"Lasso->PCA (top-100, 95%var) + SMOTE",Random Forest,20,30.0,1.214832573574722,0.9836363636363635,0.4272068257634076,0.6487988696058951,0.7818181818181819,0.44690265486725667
"Lasso->PCA (top-100, 95%var) + SMOTE",Random Forest,20,,1.2567816039392048,1.041818181818182,0.386965935334873,0.5902954082143258,0.7545454545454545,0.4051297898640297
"Lasso->PCA (top-100, 95%var) + SMOTE",Random Forest,50,10.0,1.2419841653687929,1.0162488336373947,0.4013167670315472,0.6162137474079977,0.7727272727272727,0.3693618443033745
"Lasso->PCA (top-100, 95%var) + SMOTE",Random Forest,50,20.0,1.2461197957879273,1.0014545454545454,0.39732306902745707,0.6073014830239144,0.7727272727272727,0.38793953335524156
"Lasso->PCA (top-100, 95%var) + SMOTE",Random Forest,50,30.0,1.266683572454965,1.0367272727272727,0.3772678983833718,0.5896041636349842,0.7454545454545455,0.38479623824451403
"Lasso->PCA (top-100, 95%var) + SMOTE",Random Forest,50,,1.2521065885502356,1.016909090909091,0.3915182191429305,0.5949569997810321,0.7727272727272727,0.41536748329621376
"Lasso->PCA (top-100, 95%var) + SMOTE",Random Forest,100,10.0,1.2317515917802617,1.0199484216994466,0.41114110198152987,0.6204534642535704,0.7636363636363637,0.4140625
"Lasso->PCA (top-100, 95%var) + SMOTE",Random Forest,100,20.0,1.2557254332203214,1.0213636363636363,0.3879958622016936,0.6015849097232739,0.7454545454545455,0.42332683560753737
"Lasso->PCA (top-100, 95%var) + SMOTE",Random Forest,100,30.0,1.2309142943357188,1.0042727272727272,0.41194139722863743,0.6235396779496046,0.7636363636363637,0.4180327868852459
"Lasso->PCA (top-100, 95%var) + SMOTE",Random Forest,100,,1.2388429352350596,1.0213636363636363,0.4043413202463434,0.6128565434072543,0.7454545454545455,0.4139993533785967
"Ridge->PCA (top-100, 95%var) + SMOTE",Random Forest,10,10.0,1.3440642364402193,1.147911656129566,0.29885954172121765,0.5106409838247614,0.6818181818181818,0.2697176241480038
"Ridge->PCA (top-100, 95%var) + SMOTE",Random Forest,10,20.0,1.3680776160862964,1.1072727272727272,0.273582242750834,0.5148318041068112,0.6818181818181818,0.3059815950920246
"Ridge->PCA (top-100, 95%var) + SMOTE",Random Forest,10,30.0,1.3783059430791382,1.1736363636363638,0.2626796253528356,0.46191511485054554,0.6454545454545455,0.24114671163575052
"Ridge->PCA (top-100, 95%var) + SMOTE",Random Forest,10,,1.3621507058525297,1.1018181818181818,0.27986271490890446,0.5027933962805133,0.7363636363636363,0.352076386783874
"Ridge->PCA (top-100, 95%var) + SMOTE",Random Forest,20,10.0,1.3096146246224445,1.093078222301171,0.33434069069789807,0.5681002457407093,0.7272727272727273,0.39850223072020396
"Ridge->PCA (top-100, 95%var) + SMOTE",Random Forest,20,20.0,1.3323936082377186,1.1209090909090909,0.31098280728765726,0.5599530335527105,0.7,0.3366368286445012
"Ridge->PCA (top-100, 95%var) + SMOTE",Random Forest,20,30.0,1.3468734839687737,1.1359090909090908,0.29592555170644075,0.5115506748245022,0.7181818181818181,0.40060336614798353
"Ridge->PCA (top-100, 95%var) + SMOTE",Random Forest,20,,1.3642013980880736,1.1154545454545453,0.27769277649473945,0.5031598755838149,0.6636363636363637,0.260819293029402
"Ridge->PCA (top-100, 95%var) + SMOTE",Random Forest,50,10.0,1.2966270228101306,1.0823411005570263,0.3474780664932736,0.5894638128006369,0.7363636363636363,0.3962950711214026
"Ridge->PCA (top-100, 95%var) + SMOTE",Random Forest,50,20.0,1.2901599618933797,1.0772727272727274,0.353970875032076,0.619304109203586,0.7090909090909091,0.39839572192513373
"Ridge->PCA (top-100, 95%var) + SMOTE",Random Forest,50,30.0,1.3231285239571744,1.1087272727272728,0.3205319476520401,0.550585859435865,0.7272727272727273,0.372049898853675
"Ridge->PCA (top-100, 95%var) + SMOTE",Random Forest,50,,1.2986426480262874,1.0861818181818181,0.34544778034385415,0.5767024503602822,0.7272727272727273,0.3622034449138771
"Ridge->PCA (top-100, 95%var) + SMOTE",Random Forest,100,10.0,1.2807075686458946,1.0761400609479657,0.363402498579637,0.606165414596099,0.7181818181818181,0.3785217103082532
"Ridge->PCA (top-100, 95%var) + SMOTE",Random Forest,100,20.0,1.3014083280675732,1.0976363636363637,0.34265685142417235,0.5749623050207526,0.7,0.34651474530831095
"Ridge->PCA (top-100, 95%var) + SMOTE",Random Forest,100,30.0,1.2992592295052383,1.0863636363636362,0.3448260841673081,0.5975243139502688,0.7272727272727273,0.42052980132450335
"Ridge->PCA (top-100, 95%var) + SMOTE",Random Forest,100,,1.2632943945386312,1.06,0.38059584295612015,0.6410990451576353,0.7272727272727273,0.3768693918245265
"ElasticNet (top-200, l1r=0.5) + SMOTE",Random Forest,10,10.0,1.124309434582315,0.8666135475980395,0.5093896706838998,0.7157914736985858,0.8363636363636363,0.5870660694288914
"ElasticNet (top-200, l1r=0.5) + SMOTE",Random Forest,10,20.0,1.1089716776447367,0.8636363636363636,0.5226841159866564,0.7103973256723409,0.8363636363636363,0.6206896551724138
"ElasticNet (top-200, l1r=0.5) + SMOTE",Random Forest,10,30.0,1.2094702070816719,0.9718181818181817,0.43225237362073377,0.6344335953327682,0.8090909090909091,0.5277853818779086
"ElasticNet (top-200, l1r=0.5) + SMOTE",Random Forest,10,,1.088827559600442,0.8772727272727271,0.5398672055427254,0.7304109227342328,0.8363636363636363,0.582493521451195
"ElasticNet (top-200, l1r=0.5) + SMOTE",Random Forest,20,10.0,1.1292721419055918,0.8980177477012633,0.5050489991385385,0.6947418599645537,0.8636363636363636,0.5933734939759037
"ElasticNet (top-200, l1r=0.5) + SMOTE",Random Forest,20,20.0,1.047052139016096,0.8372727272727271,0.5744980112907364,0.7484655284215163,0.8727272727272727,0.6197856315179606
"ElasticNet (top-200, l1r=0.5) + SMOTE",Random Forest,20,30.0,1.1158567845545249,0.8809090909090909,0.5167388375673596,0.7076577681990669,0.8272727272727273,0.5358738135120044
"ElasticNet (top-200, l1r=0.5) + SMOTE",Random Forest,20,,1.084686800207993,0.8545454545454545,0.5433602771362587,0.7345232269495331,0.8818181818181818,0.6446185088482739
"ElasticNet (top-200, l1r=0.5) + SMOTE",Random Forest,50,10.0,1.088233211602022,0.8795811889304211,0.540369405110111,0.7295499689661185,0.8909090909090909,0.6113989637305699
"ElasticNet (top-200, l1r=0.5) + SMOTE",Random Forest,50,20.0,1.0762189706222767,0.8490909090909089,0.5504621503720811,0.7439199329140116,0.8727272727272727,0.6165413533834587
"ElasticNet (top-200, l1r=0.5) + SMOTE",Random Forest,50,30.0,1.06602575442196,0.854,0.558937259430331,0.7497992030496375,0.9,0.6387949584998462
"ElasticNet (top-200, l1r=0.5) + SMOTE",Random Forest,50,,1.0964322306297076,0.8856363636363636,0.5334173723376956,0.730915962605815,0.9,0.6385364414281499
"ElasticNet (top-200, l1r=0.5) + SMOTE",Random Forest,100,10.0,1.0715612189218071,0.8582293023443568,0.5543448262972803,0.7438440034291333,0.8727272727272727,0.600091407678245
"ElasticNet (top-200, l1r=0.5) + SMOTE",Random Forest,100,20.0,1.0698194410103212,0.8589999999999999,0.5557924364896074,0.7473931942869269,0.8909090909090909,0.6214392803598201
"ElasticNet (top-200, l1r=0.5) + SMOTE",Random Forest,100,30.0,1.0813829529399337,0.8689090909090909,0.5461377983063895,0.7397051127422939,0.8727272727272727,0.5959214501510575
"ElasticNet (top-200, l1r=0.5) + SMOTE",Random Forest,100,,1.0513899890577754,0.853,0.5709650692840648,0.7514089940759339,0.8818181818181818,0.6251484560570071
"ElasticNet->PCA (top-200, 95%var) + SMOTE",Random Forest,10,10.0,1.139349801068593,0.9106667785330199,0.49617566630549115,0.7015711825395214,0.8636363636363636,0.5807815689705453
"ElasticNet->PCA (top-200, 95%var) + SMOTE",Random Forest,10,20.0,1.1841375841437591,0.9236363636363636,0.45578650243777263,0.6541801648916193,0.7909090909090909,0.4859952324195471
"ElasticNet->PCA (top-200, 95%var) + SMOTE",Random Forest,10,30.0,1.1630680430341438,0.9327272727272726,0.4749807544264819,0.677088780248153,0.8090909090909091,0.5061821471652594
"ElasticNet->PCA (top-200, 95%var) + SMOTE",Random Forest,10,,1.1741534668161413,0.9045454545454545,0.4649249422632795,0.670121905745562,0.8363636363636363,0.5513200830614061
"ElasticNet->PCA (top-200, 95%var) + SMOTE",Random Forest,20,10.0,1.1548994056302433,0.896151946571372,0.48232964751047014,0.6892349559231394,0.8090909090909091,0.4865599516762308
"ElasticNet->PCA (top-200, 95%var) + SMOTE",Random Forest,20,20.0,1.1501679719225204,0.9031818181818183,0.4865625801898896,0.6917211800342415,0.8363636363636363,0.5608628659476116
"ElasticNet->PCA (top-200, 95%var) + SMOTE",Random Forest,20,30.0,1.0517085666147772,0.8327272727272726,0.5707050295098794,0.7542463822979439,0.8454545454545455,0.5675635718509757
"ElasticNet->PCA (top-200, 95%var) + SMOTE",Random Forest,20,,1.0925678676652288,0.8549999999999999,0.5367005068001027,0.7342290460524542,0.8272727272727273,0.5679380214541121
"ElasticNet->PCA (top-200, 95%var) + SMOTE",Random Forest,50,10.0,1.1005375242084419,0.8768328110926265,0.5299168465964446,0.7323210257279307,0.8090909090909091,0.5004683109584764
"ElasticNet->PCA (top-200, 95%var) + SMOTE",Random Forest,50,20.0,1.0818569893726921,0.8570909090909091,0.5457397998460354,0.7386206817995751,0.8545454545454545,0.563773934527486
"ElasticNet->PCA (top-200, 95%var) + SMOTE",Random Forest,50,30.0,1.0966146252734532,0.8598181818181819,0.5332621247113165,0.7352075209380182,0.8181818181818182,0.5477841422972566
"ElasticNet->PCA (top-200, 95%var) + SMOTE",Random Forest,50,,1.0981339544054642,0.8756363636363637,0.5319679240441364,0.7262933415757297,0.7909090909090909,0.5243128964059196
"ElasticNet->PCA (top-200, 95%var) + SMOTE",Random Forest,100,10.0,1.080871176603017,0.8632571954139193,0.5465672871768219,0.7352075431881518,0.8363636363636363,0.534041897720271
"ElasticNet->PCA (top-200, 95%var) + SMOTE",Random Forest,100,20.0,1.0646467617349558,0.8456363636363637,0.5600776238131895,0.7530358215074825,0.8545454545454545,0.5648854961832062
"ElasticNet->PCA (top-200, 95%var) + SMOTE",Random Forest,100,30.0,1.1092438046623556,0.8818181818181818,0.5224498332050295,0.7180905512937061,0.8181818181818182,0.5195241000610129
"ElasticNet->PCA (top-200, 95%var) + SMOTE",Random Forest,100,,1.0808296476654993,0.8554545454545452,0.5466021298434693,0.7485514219399555,0.8363636363636363,0.5412484316185696
"Lasso (alpha=1.0, top-100) + SMOTE",Random Forest,10,10.0,1.3090758942918805,1.0553996825928642,0.3452422137138952,0.5733908773775792,0.7363636363636363,0.43084455324357396
"Lasso (alpha=1.0, top-100) + SMOTE",Random Forest,10,20.0,1.3615165341365754,1.0736363636363635,0.2917332407085793,0.5403983613975486,0.7272727272727273,0.3928994082840237
"Lasso (alpha=1.0, top-100) + SMOTE",Random Forest,10,30.0,1.2992655267846174,1.0190909090909088,0.3550191038555054,0.6056054989602354,0.7818181818181819,0.475
"Lasso (alpha=1.0, top-100) + SMOTE",Random Forest,10,,1.3825207544061087,1.1027272727272728,0.2697117054532825,0.5095954865733784,0.7090909090909091,0.3521184697655285
"Lasso (alpha=1.0, top-100) + SMOTE",Random Forest,20,10.0,1.261735730853075,1.0037590243914298,0.39174200765457534,0.6167814593104921,0.7727272727272727,0.46542553191489355
"Lasso (alpha=1.0, top-100) + SMOTE",Random Forest,20,20.0,1.267746748440641,1.0163636363636364,0.38593261549149005,0.6002605789206675,0.7727272727272727,0.4604496253122399
"Lasso (alpha=1.0, top-100) + SMOTE",Random Forest,20,30.0,1.2797283092338567,1.0131818181818182,0.3742705800625217,0.5971864461525717,0.7545454545454545,0.42801556420233466
"Lasso (alpha=1.0, top-100) + SMOTE",Random Forest,20,,1.2617538299021436,0.9931818181818182,0.391724557137895,0.622370632843368,0.7727272727272727,0.5
"Lasso (alpha=1.0, top-100) + SMOTE",Random Forest,50,10.0,1.2421124572793896,0.9862017723009752,0.4105148689887087,0.6422629635437218,0.7636363636363637,0.4533789563729683
"Lasso (alpha=1.0, top-100) + SMOTE",Random Forest,50,20.0,1.2822919820667706,1.0329090909090908,0.37176102813476897,0.5986594616671002,0.7727272727272727,0.457737321196359
"Lasso (alpha=1.0, top-100) + SMOTE",Random Forest,50,30.0,1.2525813346844985,0.9945454545454546,0.40053629732546014,0.6283494970601418,0.7818181818181819,0.47150935189212695
"Lasso (alpha=1.0, top-100) + SMOTE",Random Forest,50,,1.2621583246025976,0.9998181818181818,0.391334491142758,0.6214317816726691,0.7727272727272727,0.4724137931034482
"Lasso (alpha=1.0, top-100) + SMOTE",Random Forest,100,10.0,1.2614820406512224,0.9942055613613457,0.3919865811830048,0.6268493532469,0.7818181818181819,0.4545454545454546
"Lasso (alpha=1.0, top-100) + SMOTE",Random Forest,100,20.0,1.23693756732284,0.9787272727272728,0.4154164640500174,0.6451435265557258,0.7909090909090909,0.4815937635339974
"Lasso (alpha=1.0, top-100) + SMOTE",Random Forest,100,30.0,1.2567280750207876,1.006181818181818,0.39656061132337617,0.6297693655781131,0.7909090909090909,0.4943820224719101
"Lasso (alpha=1.0, top-100) + SMOTE",Random Forest,100,,1.2437037794061299,0.9868181818181815,0.4090034734282736,0.6335648772905992,0.8,0.504302925989673
"Ridge (alpha=1.0, top-100) + SMOTE",Random Forest,10,10.0,1.2186484484102211,0.9647145318286952,0.4325757398770741,0.6586447816439486,0.7454545454545455,0.47737284741690034
"Ridge (alpha=1.0, top-100) + SMOTE",Random Forest,10,20.0,1.2102591758492363,0.9436363636363635,0.44036123654046544,0.6667749061407374,0.7545454545454545,0.5173966434711421
"Ridge (alpha=1.0, top-100) + SMOTE",Random Forest,10,30.0,1.2016276839808124,0.9554545454545456,0.4483153872872523,0.6481428056968506,0.7818181818181819,0.47983367983367986
"Ridge (alpha=1.0, top-100) + SMOTE",Random Forest,10,,1.205932306256337,0.9645454545454545,0.4443556790552273,0.6650248413716092,0.7818181818181819,0.5388198757763976
"Ridge (alpha=1.0, top-100) + SMOTE",Random Forest,20,10.0,1.2125768615801944,0.958777581522188,0.438215731238749,0.6545660958766211,0.7636363636363637,0.4917197452229298
"Ridge (alpha=1.0, top-100) + SMOTE",Random Forest,20,20.0,1.1997158754547603,0.9509090909090907,0.45006946856547403,0.6749582860544004,0.7636363636363637,0.5112781954887218
"Ridge (alpha=1.0, top-100) + SMOTE",Random Forest,20,30.0,1.2657552542400778,1.017272727272727,0.38786036818339686,0.6200559048005859,0.7363636363636363,0.44852021675698206
"Ridge (alpha=1.0, top-100) + SMOTE",Random Forest,20,,1.231951519116944,0.994090909090909,0.4201198332754428,0.6321840961437833,0.7636363636363637,0.47547169811320755
"Ridge (alpha=1.0, top-100) + SMOTE",Random Forest,50,10.0,1.1729832414745498,0.9696885284900524,0.4743040454122416,0.6889141478043385,0.8,0.5443037974683544
"Ridge (alpha=1.0, top-100) + SMOTE",Random Forest,50,20.0,1.2178505655457077,0.979090909090909,0.4333185133726988,0.6586721366294778,0.7909090909090909,0.5199999999999999
"Ridge (alpha=1.0, top-100) + SMOTE",Random Forest,50,30.0,1.1675864772333489,0.950181818181818,0.47913025356026406,0.6857592240942609,0.8090909090909091,0.5498139727159983
"Ridge (alpha=1.0, top-100) + SMOTE",Random Forest,50,,1.15426954469837,0.9187272727272725,0.4909440778047932,0.6984891421696993,0.7818181818181819,0.552444630171333
"Ridge (alpha=1.0, top-100) + SMOTE",Random Forest,100,10.0,1.1921397440151023,0.9613921282046662,0.4569930926757787,0.6739846622700553,0.7454545454545455,0.48798988621997474
"Ridge (alpha=1.0, top-100) + SMOTE",Random Forest,100,20.0,1.2172158992777515,0.9750909090909091,0.43390899617922885,0.6479446793399605,0.7363636363636363,0.45627376425855515
"Ridge (alpha=1.0, top-100) + SMOTE",Random Forest,100,30.0,1.1739974446309498,0.9482727272727272,0.47339458145189306,0.6918701591064448,0.7727272727272727,0.49056603773584906
"Ridge (alpha=1.0, top-100) + SMOTE",Random Forest,100,,1.1879784203733363,0.953090909090909,0.46077735324765534,0.6810974222834771,0.7727272727272727,0.4777123633305299
PCA (n_components=50) + SMOTE,Random Forest,10,10.0,1.2783566340767407,1.0138449925606823,0.37561123574962985,0.5838554105097369,0.7545454545454545,0.4462616822429907
PCA (n_components=50) + SMOTE,Random Forest,10,20.0,1.249181550237813,0.9318181818181818,0.4037860368183397,0.6117325025122853,0.7454545454545455,0.49706916764361075
PCA (n_components=50) + SMOTE,Random Forest,10,30.0,1.3054431501148636,1.02,0.34887113581104556,0.5745596696587604,0.7363636363636363,0.418013856812933
PCA (n_components=50) + SMOTE,Random Forest,10,,1.240857474783979,0.9899999999999999,0.4117054532823896,0.5949969621786172,0.8090909090909091,0.4649050371593725
PCA (n_components=50) + SMOTE,Random Forest,20,10.0,1.2615713807645585,0.9705085693007873,0.39190045722799094,0.6324772732956933,0.7909090909090909,0.4560838033843674
PCA (n_components=50) + SMOTE,Random Forest,20,20.0,1.2780845042484474,1.018181818181818,0.37587704063911087,0.605297890204077,0.7545454545454545,0.3768947152806227
PCA (n_components=50) + SMOTE,Random Forest,20,30.0,1.2546549688695656,0.9831818181818183,0.39854984369572777,0.6212498602243977,0.7727272727272727,0.4161566707466341
PCA (n_components=50) + SMOTE,Random Forest,20,,1.2609520212918492,0.972727272727273,0.39249739492879465,0.6245444044728287,0.7636363636363637,0.47017815646785444
PCA (n_components=50) + SMOTE,Random Forest,50,10.0,1.2493501274248153,0.9841383246735644,0.4036251076811246,0.6151764170912927,0.7727272727272727,0.4900122299225438
PCA (n_components=50) + SMOTE,Random Forest,50,20.0,1.28582622889296,1.018,0.36829315734630075,0.5907312700523984,0.7818181818181819,0.41101356743814843
PCA (n_components=50) + SMOTE,Random Forest,50,30.0,1.2412032285429548,0.9780000000000001,0.4113775616533518,0.6351234689194234,0.7909090909090909,0.476454293628809
PCA (n_components=50) + SMOTE,Random Forest,50,,1.2554101104637263,0.9867272727272727,0.39782563390065984,0.6091289507966985,0.7545454545454545,0.4092664092664092
PCA (n_components=50) + SMOTE,Random Forest,100,10.0,1.2639127225749687,0.9909307545036976,0.3896412270526026,0.605535396516595,0.7636363636363637,0.4326962179747865
PCA (n_components=50) + SMOTE,Random Forest,100,20.0,1.263051499705808,0.9946363636363639,0.39047273358805146,0.6175114008209717,0.7363636363636363,0.3855421686746987
PCA (n_components=50) + SMOTE,Random Forest,100,30.0,1.2555100376123858,0.9807272727272728,0.39772976728030573,0.6048411858460941,0.7727272727272727,0.436818732337505
PCA (n_components=50) + SMOTE,Random Forest,100,,1.267738143308783,1.0027272727272727,0.3859409517193467,0.5985469974564608,0.7727272727272727,0.4688995215311005
"Lasso->PCA (top-100, 95%var) + SMOTE",Random Forest,10,10.0,1.3847325891725066,1.1222773276954472,0.26737312335254126,0.5183285073386568,0.7454545454545455,0.3395904436860069
"Lasso->PCA (top-100, 95%var) + SMOTE",Random Forest,10,20.0,1.3394367880161087,1.0772727272727274,0.3145189301840914,0.574084890255373,0.7090909090909091,0.42063174730107966
"Lasso->PCA (top-100, 95%var) + SMOTE",Random Forest,10,30.0,1.3822577052186626,1.0954545454545455,0.2699895797151789,0.499129197581325,0.8,0.35792019347037474
"Lasso->PCA (top-100, 95%var) + SMOTE",Random Forest,10,,1.3927735572655673,1.1163636363636364,0.2588398749565819,0.5255637075557127,0.7090909090909091,0.30597014925373134
"Lasso->PCA (top-100, 95%var) + SMOTE",Random Forest,20,10.0,1.3582571126440404,1.086275331379596,0.2951203117565342,0.5504510957964068,0.7636363636363637,0.34503424657534243
"Lasso->PCA (top-100, 95%var) + SMOTE",Random Forest,20,20.0,1.4037368958345695,1.1204545454545454,0.24712573810350802,0.497660491433176,0.7454545454545455,0.32179226069246436
"Lasso->PCA (top-100, 95%var) + SMOTE",Random Forest,20,30.0,1.349595899115395,1.0945454545454545,0.3040812782216046,0.5515942953418214,0.7454545454545455,0.41271186440677965
"Lasso->PCA (top-100, 95%var) + SMOTE",Random Forest,20,,1.3504881272407327,1.0636363636363637,0.3031608197290725,0.5412678663074746,0.7545454545454545,0.4175365344467641
"Lasso->PCA (top-100, 95%var) + SMOTE",Random Forest,50,10.0,1.368435801390907,1.100105257663622,0.28451608309093024,0.5332426777320712,0.7272727272727273,0.32133676092544994
"Lasso->PCA (top-100, 95%var) + SMOTE",Random Forest,50,20.0,1.3758263632516212,1.1012727272727276,0.2767669329628343,0.5174278711079173,0.7272727272727273,0.30648672181105796
"Lasso->PCA (top-100, 95%var) + SMOTE",Random Forest,50,30.0,1.4067098944959218,1.1460000000000001,0.2439333101771448,0.4880693289687979,0.7181818181818181,0.31693077564637195
"Lasso->PCA (top-100, 95%var) + SMOTE",Random Forest,50,,1.3808245231152159,1.1141818181818182,0.2715026050712054,0.5060804282158919,0.7363636363636363,0.3035714285714287
"Lasso->PCA (top-100, 95%var) + SMOTE",Random Forest,100,10.0,1.3496095789728553,1.075102437232926,0.30406717012128637,0.5618198708579165,0.7363636363636363,0.33218291630716135
"Lasso->PCA (top-100, 95%var) + SMOTE",Random Forest,100,20.0,1.365080084230825,1.0898181818181818,0.28802084056964217,0.5377772921266845,0.7181818181818181,0.3137598597721297
"Lasso->PCA (top-100, 95%var) + SMOTE",Random Forest,100,30.0,1.3589223671718704,1.0935454545454546,0.2944296630774573,0.552892725214009,0.7363636363636363,0.33405452185201223
"Lasso->PCA (top-100, 95%var) + SMOTE",Random Forest,100,,1.335750044663365,1.0660909090909094,0.31828725251823553,0.5690915218943874,0.7363636363636363,0.3554788610871441
"Ridge->PCA (top-100, 95%var) + SMOTE",Random Forest,10,10.0,1.3288724875498177,1.0291857686999932,0.32528923342010263,0.5424101734956682,0.7636363636363637,0.33828846926476497
"Ridge->PCA (top-100, 95%var) + SMOTE",Random Forest,10,20.0,1.3861326186060396,1.0663636363636362,0.26589093435220545,0.4729547850416697,0.7727272727272727,0.31829170024174047
"Ridge->PCA (top-100, 95%var) + SMOTE",Random Forest,10,30.0,1.3470843936577854,1.028181818181818,0.30666898228551576,0.5345073785996086,0.7818181818181819,0.38455349959774754
"Ridge->PCA (top-100, 95%var) + SMOTE",Random Forest,10,,1.2758241543125264,0.9918181818181822,0.3780826675929141,0.6039815172387778,0.7909090909090909,0.4076923076923077
"Ridge->PCA (top-100, 95%var) + SMOTE",Random Forest,20,10.0,1.3239533517060427,1.0375787632322433,0.33027519095414004,0.5259788305418173,0.7636363636363637,0.3251961639058413
"Ridge->PCA (top-100, 95%var) + SMOTE",Random Forest,20,20.0,1.2800834489843373,1.0086363636363636,0.3739232372351511,0.5919819296580723,0.7454545454545455,0.3873150105708246
"Ridge->PCA (top-100, 95%var) + SMOTE",Random Forest,20,30.0,1.2873951854952557,1.0086363636363636,0.36675060784994784,0.5785935192416919,0.7727272727272727,0.36802030456852797
"Ridge->PCA (top-100, 95%var) + SMOTE",Random Forest,20,,1.271836538953879,1.0104545454545455,0.3819642236887808,0.6118283680928707,0.7727272727272727,0.4104477611940298
"Ridge->PCA (top-100, 95%var) + SMOTE",Random Forest,50,10.0,1.235082134922401,0.9914877832231863,0.41716892393021054,0.6453106441917024,0.7818181818181819,0.4287616511318243
"Ridge->PCA (top-100, 95%var) + SMOTE",Random Forest,50,20.0,1.2802073695659266,1.0065454545454544,0.37380201458839857,0.5942463230137343,0.7636363636363637,0.31932773109243695
"Ridge->PCA (top-100, 95%var) + SMOTE",Random Forest,50,30.0,1.2549943860794395,0.9985454545454547,0.3982243834664815,0.5992903079748634,0.7727272727272727,0.3833407971339007
"Ridge->PCA (top-100, 95%var) + SMOTE",Random Forest,50,,1.2460322482329114,0.9741818181818181,0.4067884682181312,0.629584232548702,0.8090909090909091,0.4673388864533099
"Ridge->PCA (top-100, 95%var) + SMOTE",Random Forest,100,10.0,1.261645464466828,0.9994050953086944,0.3918290358420665,0.6217867914443544,0.7909090909090909,0.4108352144469526
"Ridge->PCA (top-100, 95%var) + SMOTE",Random Forest,100,20.0,1.2744164439959462,1.019909090909091,0.3794543244182007,0.6095270745116638,0.7636363636363637,0.3469026548672567
"Ridge->PCA (top-100, 95%var) + SMOTE",Random Forest,100,30.0,1.2624042717982802,1.001909090909091,0.39109725599166356,0.6061270249058576,0.7818181818181819,0.383016364440513
"Ridge->PCA (top-100, 95%var) + SMOTE",Random Forest,100,,1.2548668889929757,1.0036363636363639,0.39834664814171583,0.6126215752388827,0.7727272727272727,0.3979011805859204
"ElasticNet (top-200, l1r=0.5) + SMOTE",Random Forest,10,10.0,1.2471587113559746,0.9584977195517247,0.40571540936359696,0.6320489565645169,0.8181818181818182,0.5331083930830873
"ElasticNet (top-200, l1r=0.5) + SMOTE",Random Forest,10,20.0,1.1785198729376993,0.9454545454545453,0.4693296283431747,0.6724881727258057,0.7818181818181819,0.5084188911704313
"ElasticNet (top-200, l1r=0.5) + SMOTE",Random Forest,10,30.0,1.2560037637465322,0.9936363636363637,0.3972559916637721,0.5908579623407212,0.7818181818181819,0.446843853820598
"ElasticNet (top-200, l1r=0.5) + SMOTE",Random Forest,10,,1.1696153213770757,0.9727272727272726,0.4773185133726988,0.6720959490991242,0.8272727272727273,0.4513618677042801
"ElasticNet (top-200, l1r=0.5) + SMOTE",Random Forest,20,10.0,1.2179027702357648,0.9814638137299248,0.43326992930783415,0.641500015899367,0.7636363636363637,0.477469670710572
"ElasticNet (top-200, l1r=0.5) + SMOTE",Random Forest,20,20.0,1.1716732402074317,0.9336363636363638,0.47547759638763454,0.6812141095825799,0.8272727272727273,0.5052454888795636
"ElasticNet (top-200, l1r=0.5) + SMOTE",Random Forest,20,30.0,1.1552154462578517,0.9204545454545456,0.4901094129906217,0.6943013290850824,0.8,0.5243128964059196
"ElasticNet (top-200, l1r=0.5) + SMOTE",Random Forest,20,,1.1658590278105123,0.9145454545454547,0.48067037165682513,0.689301632646438,0.8272727272727273,0.5515202702702704
"ElasticNet (top-200, l1r=0.5) + SMOTE",Random Forest,50,10.0,1.21347125214431,0.9807970605524651,0.43738668712790973,0.6500735097126766,0.7909090909090909,0.4913043478260869
"ElasticNet (top-200, l1r=0.5) + SMOTE",Random Forest,50,20.0,1.1759066134844056,0.9363636363636364,0.4716804445988191,0.6765523686867245,0.8181818181818182,0.49056603773584917
"ElasticNet (top-200, l1r=0.5) + SMOTE",Random Forest,50,30.0,1.170563190015038,0.9280000000000002,0.4764709968739146,0.6856040703687708,0.8181818181818182,0.4803878360511239
"ElasticNet (top-200, l1r=0.5) + SMOTE",Random Forest,50,,1.1815090504789358,0.9487272727272728,0.46663424800277864,0.6816261299060128,0.8,0.5177182368193604
"ElasticNet (top-200, l1r=0.5) + SMOTE",Random Forest,100,10.0,1.1761048019913898,0.944530175258692,0.47150234255160584,0.6859971134219274,0.8,0.4902582691436339
"ElasticNet (top-200, l1r=0.5) + SMOTE",Random Forest,100,20.0,1.171409795541641,0.9388181818181817,0.4757134421674193,0.6824107631586891,0.8090909090909091,0.5036908380373426
"ElasticNet (top-200, l1r=0.5) + SMOTE",Random Forest,100,30.0,1.1634982517469383,0.9295454545454548,0.4827714484195901,0.6917932646074494,0.8090909090909091,0.502394427514149
"ElasticNet (top-200, l1r=0.5) + SMOTE",Random Forest,100,,1.144611089171578,0.9205454545454544,0.49942757902049295,0.7066238514811614,0.8363636363636363,0.5637065637065637
"ElasticNet->PCA (top-200, 95%var) + SMOTE",Random Forest,10,10.0,1.368137141494491,1.0749013467829642,0.28482835646738847,0.5060898864741851,0.7090909090909091,0.355095541401274
"ElasticNet->PCA (top-200, 95%var) + SMOTE",Random Forest,10,20.0,1.2909475026295432,1.041818181818182,0.363251128864189,0.5835280098931905,0.7818181818181819,0.4701670644391408
"ElasticNet->PCA (top-200, 95%var) + SMOTE",Random Forest,10,30.0,1.3787675656179326,1.11,0.27367141368530734,0.5226105067971143,0.7363636363636363,0.40192153722978385
"ElasticNet->PCA (top-200, 95%var) + SMOTE",Random Forest,10,,1.316676256198297,1.0709090909090908,0.33761722820423756,0.5546803418497017,0.7727272727272727,0.46224066390041507
"ElasticNet->PCA (top-200, 95%var) + SMOTE",Random Forest,20,10.0,1.353715206638164,1.1096254862494488,0.29982655548740966,0.5287196474920874,0.7181818181818181,0.35012594458438295
"ElasticNet->PCA (top-200, 95%var) + SMOTE",Random Forest,20,20.0,1.2972260614655622,1.0331818181818182,0.35704237582493914,0.5662904356769058,0.7363636363636363,0.4336175395858708
"ElasticNet->PCA (top-200, 95%var) + SMOTE",Random Forest,20,30.0,1.3717937825410136,1.1190909090909091,0.2810003473428274,0.5051722005806185,0.7636363636363637,0.38156831042845596
"ElasticNet->PCA (top-200, 95%var) + SMOTE",Random Forest,20,,1.3635431786342522,1.0859090909090907,0.2896231330323028,0.5137504331983564,0.7181818181818181,0.3525987525987526
"ElasticNet->PCA (top-200, 95%var) + SMOTE",Random Forest,50,10.0,1.2900353556485622,1.0489292019581775,0.36415062844541723,0.5622578885002133,0.7636363636363637,0.3793103448275863
"ElasticNet->PCA (top-200, 95%var) + SMOTE",Random Forest,50,20.0,1.3215225379015745,1.0625454545454545,0.33273219868009707,0.5415884886707136,0.7181818181818181,0.36310025273799507
"ElasticNet->PCA (top-200, 95%var) + SMOTE",Random Forest,50,30.0,1.321895333499318,1.0612727272727276,0.33235567905522734,0.5465519300424049,0.7181818181818181,0.3574210298572048
"ElasticNet->PCA (top-200, 95%var) + SMOTE",Random Forest,50,,1.2850695064328763,1.0352727272727273,0.369036470996874,0.5953099154961061,0.8,0.4472681067344346
"ElasticNet->PCA (top-200, 95%var) + SMOTE",Random Forest,100,10.0,1.2979828924566157,1.0558417364783501,0.35629192496663886,0.564397258879431,0.7818181818181819,0.3908629441624365
"ElasticNet->PCA (top-200, 95%var) + SMOTE",Random Forest,100,20.0,1.3083320401460508,1.060727272727273,0.34598610628690507,0.548104162344669,0.7181818181818181,0.3565891472868217
"ElasticNet->PCA (top-200, 95%var) + SMOTE",Random Forest,100,30.0,1.2783206312829487,1.0290909090909093,0.3756464050017366,0.5912515945736352,0.7727272727272727,0.4173228346456693
"ElasticNet->PCA (top-200, 95%var) + SMOTE",Random Forest,100,,1.2967578452012192,1.0404545454545455,0.3575064258423063,0.5652636531071826,0.7727272727272727,0.4152866242038217
"Lasso (alpha=1.0, top-100) + SMOTE",Random Forest,10,10.0,1.4072973302813403,1.1190583375072338,0.24330171816648605,0.4842141727064781,0.7272727272727273,0.26561199000832647
"Lasso (alpha=1.0, top-100) + SMOTE",Random Forest,10,20.0,1.2359023203532493,1.0145454545454544,0.416394581451893,0.6089440112271035,0.7545454545454545,0.3719115734720415
"Lasso (alpha=1.0, top-100) + SMOTE",Random Forest,10,30.0,1.24954537187076,1.0118181818181817,0.4034386939909692,0.6138151258973227,0.7454545454545455,0.39511201629327897
"Lasso (alpha=1.0, top-100) + SMOTE",Random Forest,10,,1.3401153274659203,1.1154545454545457,0.31382424452935054,0.5362822929832446,0.7454545454545455,0.3480372318899231
"Lasso (alpha=1.0, top-100) + SMOTE",Random Forest,20,10.0,1.263381005192455,1.0370812902810858,0.39015466456783343,0.5900220888550102,0.7545454545454545,0.4250521920668058
"Lasso (alpha=1.0, top-100) + SMOTE",Random Forest,20,20.0,1.2476341246899707,1.0072727272727273,0.4052622438346649,0.6024717025973976,0.7636363636363637,0.3789010989010989
"Lasso (alpha=1.0, top-100) + SMOTE",Random Forest,20,30.0,1.2986531484580477,1.0718181818181816,0.35562695380340403,0.5674995794191768,0.7272727272727273,0.341824157764996
"Lasso (alpha=1.0, top-100) + SMOTE",Random Forest,20,,1.288321670730073,1.0427272727272727,0.36583883292810027,0.5935805582692635,0.7636363636363637,0.37759864234196017
"Lasso (alpha=1.0, top-100) + SMOTE",Random Forest,50,10.0,1.3026258787345282,1.0427173548167474,0.351678500193195,0.5542629138502914,0.7363636363636363,0.35543766578249336
"Lasso (alpha=1.0, top-100) + SMOTE",Random Forest,50,20.0,1.242825227236133,1.0114545454545454,0.4098381382424453,0.6267424096784089,0.7727272727272727,0.38601036269430045
"Lasso (alpha=1.0, top-100) + SMOTE",Random Forest,50,30.0,1.272007718672979,1.0143636363636361,0.38179784647447035,0.6036474331319716,0.7636363636363637,0.3771626297577856
"Lasso (alpha=1.0, top-100) + SMOTE",Random Forest,50,,1.276157585025526,1.0318181818181817,0.3777575547064952,0.5948323823015585,0.7272727272727273,0.32609658839167033
"Lasso (alpha=1.0, top-100) + SMOTE",Random Forest,100,10.0,1.273015258330876,1.03743890361146,0.3808181199244356,0.5906737067052122,0.7545454545454545,0.3605263157894737
"Lasso (alpha=1.0, top-100) + SMOTE",Random Forest,100,20.0,1.2868054172322176,1.0475454545454546,0.367330670371657,0.5801326625662923,0.7636363636363637,0.3793103448275863
"Lasso (alpha=1.0, top-100) + SMOTE",Random Forest,100,30.0,1.2519170753833353,1.0214545454545456,0.4011719346995485,0.6163222728716914,0.7909090909090909,0.40052933392148216
"Lasso (alpha=1.0, top-100) + SMOTE",Random Forest,100,,1.257634865350613,1.0207272727272727,0.3956894755123307,0.6089365258299493,0.7545454545454545,0.39688715953307396
"Ridge (alpha=1.0, top-100) + SMOTE",Random Forest,10,10.0,1.3069752745826977,1.008611166007905,0.34734185300188614,0.567763493113689,0.7454545454545455,0.3531366846697134
"Ridge (alpha=1.0, top-100) + SMOTE",Random Forest,10,20.0,1.2850185707890478,1.0472727272727274,0.36908648836401536,0.5750733775233104,0.7363636363636363,0.28165482657751784
"Ridge (alpha=1.0, top-100) + SMOTE",Random Forest,10,30.0,1.3214661279324291,1.060909090909091,0.33278916290378624,0.5402669879497168,0.7272727272727273,0.306519898391194
"Ridge (alpha=1.0, top-100) + SMOTE",Random Forest,10,,1.3264785918157347,1.0372727272727271,0.3277179576241752,0.5440090934562535,0.7636363636363637,0.28283712784588444
"Ridge (alpha=1.0, top-100) + SMOTE",Random Forest,20,10.0,1.3226833080787372,1.0513944702738767,0.33155948356473686,0.5469165458123884,0.7363636363636363,0.3002680965147454
"Ridge (alpha=1.0, top-100) + SMOTE",Random Forest,20,20.0,1.3165554229952425,1.049090909090909,0.33773879819381736,0.5421293966388204,0.7727272727272727,0.29949238578680193
"Ridge (alpha=1.0, top-100) + SMOTE",Random Forest,20,30.0,1.3482227358469168,1.0786363636363636,0.30549670024314024,0.5300900185232119,0.7,0.2526785714285714
"Ridge (alpha=1.0, top-100) + SMOTE",Random Forest,20,,1.3585169052382755,1.0604545454545453,0.29485064258423077,0.4969713240859435,0.7090909090909091,0.2694432639184021
"Ridge (alpha=1.0, top-100) + SMOTE",Random Forest,50,10.0,1.3047760614392114,1.0397868145919682,0.34953642669145446,0.5473388581646895,0.7454545454545455,0.26044005388414904
"Ridge (alpha=1.0, top-100) + SMOTE",Random Forest,50,20.0,1.315099719689451,1.0318181818181817,0.33920250086835724,0.5692932142509944,0.7545454545454545,0.26514486391571557
"Ridge (alpha=1.0, top-100) + SMOTE",Random Forest,50,30.0,1.2946547451312682,1.04,0.3595887460923931,0.5786497310614965,0.7636363636363637,0.3033046627433228
"Ridge (alpha=1.0, top-100) + SMOTE",Random Forest,50,,1.3200716234012042,1.065090909090909,0.33419659604029195,0.5522532466347726,0.7181818181818181,0.21525885558583113
"Ridge (alpha=1.0, top-100) + SMOTE",Random Forest,100,10.0,1.2979713116233573,1.0375569468598256,0.35630341147030775,0.5730561760608343,0.7636363636363637,0.30585106382978733
"Ridge (alpha=1.0, top-100) + SMOTE",Random Forest,100,20.0,1.308729432416314,1.0545454545454545,0.3455887460923933,0.5717213192178809,0.7545454545454545,0.24865350089766602
"Ridge (alpha=1.0, top-100) + SMOTE",Random Forest,100,30.0,1.2879006878708397,1.035,0.3662532129211532,0.5922674449866516,0.7636363636363637,0.2910101946246524
"Ridge (alpha=1.0, top-100) + SMOTE",Random Forest,100,,1.2796036318116069,1.0303636363636364,0.37439249739492897,0.6051647933507809,0.7818181818181819,0.3308402991641003
PCA (n_components=50) + SMOTE,Random Forest,10,10.0,1.2379546034073796,0.9512731015219186,0.4144547550860457,0.6164015423170142,0.7818181818181819,0.41706161137440767
PCA (n_components=50) + SMOTE,Random Forest,10,20.0,1.2582094058982827,0.9836363636363635,0.39513720041681133,0.5843735705580283,0.7818181818181819,0.39714625445897744
PCA (n_components=50) + SMOTE,Random Forest,10,30.0,1.2357919801414063,0.9409090909090909,0.41649878430010434,0.6345069739766179,0.8090909090909091,0.46399377189567925
PCA (n_components=50) + SMOTE,Random Forest,10,,1.1793680896603447,0.9527272727272728,0.46856547412295946,0.6517235257137985,0.7818181818181819,0.4811683320522674
PCA (n_components=50) + SMOTE,Random Forest,20,10.0,1.2640280268567952,0.94698524744082,0.38952985830238607,0.6049437625019422,0.7727272727272727,0.3995147594015366
PCA (n_components=50) + SMOTE,Random Forest,20,20.0,1.2436109447163055,0.9686363636363637,0.4090916985064259,0.6045625280315331,0.8,0.45574689627553067
PCA (n_components=50) + SMOTE,Random Forest,20,30.0,1.1991284713945753,0.9509090909090908,0.4506078499478986,0.6565755739599483,0.8090909090909091,0.41607367099204695
PCA (n_components=50) + SMOTE,Random Forest,20,,1.2106722400085306,0.9327272727272728,0.4399791594303578,0.6270146124581127,0.8,0.4258431531897603
PCA (n_components=50) + SMOTE,Random Forest,50,10.0,1.2325154928111741,0.9691810657092559,0.4195887863766836,0.6239814903678624,0.8090909090909091,0.41946972694895135
PCA (n_components=50) + SMOTE,Random Forest,50,20.0,1.2597561091518685,0.976909090909091,0.39364918374435576,0.6074815738039976,0.7909090909090909,0.3774048301268932
PCA (n_components=50) + SMOTE,Random Forest,50,30.0,1.2270570854320881,0.9689090909090906,0.42471830496700247,0.6383371173746322,0.8090909090909091,0.4543249797898141
PCA (n_components=50) + SMOTE,Random Forest,50,,1.2163701589715048,0.953818181818182,0.434695380340396,0.6415788493754487,0.8090909090909091,0.44609665427509293
PCA (n_components=50) + SMOTE,Random Forest,100,10.0,1.2354131943879862,0.9687596426138686,0.4168564303734905,0.6319211364734941,0.8090909090909091,0.3975206611570249
PCA (n_components=50) + SMOTE,Random Forest,100,20.0,1.2211443961971231,0.9644545454545455,0.4302490448072247,0.6393919385029158,0.8090909090909091,0.4117647058823529
PCA (n_components=50) + SMOTE,Random Forest,100,30.0,1.208237634663886,0.9538181818181816,0.44222924626606464,0.6353300597654794,0.8181818181818182,0.4414827155351938
PCA (n_components=50) + SMOTE,Random Forest,100,,1.2026531276534167,0.9458181818181818,0.4473733935394234,0.6493927024511778,0.8,0.4600715137067939
"Lasso->PCA (top-100, 95%var) + SMOTE",Random Forest,10,10.0,1.3813632094234525,1.094537002633655,0.270934092398914,0.49538318564378114,0.7,0.23807477438762348
"Lasso->PCA (top-100, 95%var) + SMOTE",Random Forest,10,20.0,1.4082226063697845,1.0854545454545454,0.24230635637374087,0.45624660361974234,0.7272727272727273,0.20961060480530247
"Lasso->PCA (top-100, 95%var) + SMOTE",Random Forest,10,30.0,1.3898332143233458,1.0945454545454545,0.26196596040291775,0.4954259809753083,0.7545454545454545,0.22440273037542668
"Lasso->PCA (top-100, 95%var) + SMOTE",Random Forest,10,,1.403923074815711,1.1263636363636362,0.24692601597776997,0.4659325592962678,0.7,0.17842323651452296
"Lasso->PCA (top-100, 95%var) + SMOTE",Random Forest,20,10.0,1.3472133040322745,1.0733612788136073,0.3065362781459835,0.5026978046670395,0.7272727272727273,0.2435955056179775
"Lasso->PCA (top-100, 95%var) + SMOTE",Random Forest,20,20.0,1.3781987585910163,1.115,0.2742705800625218,0.45917292216047584,0.7181818181818181,0.23189655172413792
"Lasso->PCA (top-100, 95%var) + SMOTE",Random Forest,20,30.0,1.3246011406526048,1.0713636363636363,0.32961965960402917,0.5432463485346567,0.7363636363636363,0.22580645161290325
"Lasso->PCA (top-100, 95%var) + SMOTE",Random Forest,20,,1.3880496454312496,1.1254545454545453,0.26385897881208764,0.45044985526489867,0.7090909090909091,0.20967741935483875
"Lasso->PCA (top-100, 95%var) + SMOTE",Random Forest,50,10.0,1.3661633502525359,1.0943269545943315,0.2868904030807379,0.46833307385571604,0.7272727272727273,0.23066485753052923
"Lasso->PCA (top-100, 95%var) + SMOTE",Random Forest,50,20.0,1.353507228714283,1.0783636363636366,0.3000416811392843,0.4980228378468058,0.7363636363636363,0.2381167949298325
"Lasso->PCA (top-100, 95%var) + SMOTE",Random Forest,50,30.0,1.3704332427109582,1.098909090909091,0.2824258423063566,0.49229621028341125,0.7454545454545455,0.194457064970468
"Lasso->PCA (top-100, 95%var) + SMOTE",Random Forest,50,,1.3590223758944584,1.1103636363636362,0.2943258075720736,0.48352684649382366,0.7454545454545455,0.21255153458543286
"Lasso->PCA (top-100, 95%var) + SMOTE",Random Forest,100,10.0,1.3518987589140383,1.0910588843900864,0.30170431407132736,0.49736211675993064,0.7636363636363637,0.2544137618832051
"Lasso->PCA (top-100, 95%var) + SMOTE",Random Forest,100,20.0,1.3546764122173909,1.0957272727272729,0.29883188607155264,0.4967220835214754,0.7545454545454545,0.18717828731867103
"Lasso->PCA (top-100, 95%var) + SMOTE",Random Forest,100,30.0,1.34734385163753,1.0968181818181817,0.30640187565126786,0.5078974690938118,0.7090909090909091,0.18561484918793503
"Lasso->PCA (top-100, 95%var) + SMOTE",Random Forest,100,,1.3593842188820107,1.1101818181818182,0.29394998263285876,0.48943972821326226,0.7272727272727273,0.21138211382113825
"Ridge->PCA (top-100, 95%var) + SMOTE",Random Forest,10,10.0,1.4521398939415269,1.1984431715260038,0.1943100733816745,0.4019655910484758,0.7090909090909091,0.19241443108233125
"Ridge->PCA (top-100, 95%var) + SMOTE",Random Forest,10,20.0,1.5254209553133493,1.221818181818182,0.11094129906217443,0.38290052104466477,0.6727272727272727,0.146095717884131
"Ridge->PCA (top-100, 95%var) + SMOTE",Random Forest,10,30.0,1.5195094902333093,1.2345454545454544,0.11781868704411247,0.378384701651698,0.6363636363636364,0.0980810234541577
"Ridge->PCA (top-100, 95%var) + SMOTE",Random Forest,10,,1.4306387638839069,1.1745454545454543,0.21799235845779785,0.465335084802348,0.7,0.19915254237288116
"Ridge->PCA (top-100, 95%var) + SMOTE",Random Forest,20,10.0,1.4407281226141506,1.1814905913652645,0.2069234888432011,0.448982646341195,0.6909090909090909,0.19132767098793035
"Ridge->PCA (top-100, 95%var) + SMOTE",Random Forest,20,20.0,1.422457860056446,1.1804545454545454,0.22691038555053855,0.447844274282759,0.6818181818181818,0.1558676937018577
"Ridge->PCA (top-100, 95%var) + SMOTE",Random Forest,20,30.0,1.4529593625049908,1.1881818181818182,0.19340048627995843,0.4499063923148089,0.6727272727272727,0.20273248126928167
"Ridge->PCA (top-100, 95%var) + SMOTE",Random Forest,20,,1.4482591430591922,1.176363636363636,0.1986106286905175,0.4571216182847031,0.7,0.178919397697077
"Ridge->PCA (top-100, 95%var) + SMOTE",Random Forest,50,10.0,1.4165370055477087,1.161417118239872,0.23333282497579855,0.48138708470678604,0.7090909090909091,0.17213114754098358
"Ridge->PCA (top-100, 95%var) + SMOTE",Random Forest,50,20.0,1.4003272344835558,1.1636363636363636,0.25077874261896516,0.4959942918223719,0.7090909090909091,0.18781493357764545
"Ridge->PCA (top-100, 95%var) + SMOTE",Random Forest,50,30.0,1.3646418111457939,1.1109090909090908,0.2884779437304621,0.5450468010714984,0.7454545454545455,0.2752808988764045
"Ridge->PCA (top-100, 95%var) + SMOTE",Random Forest,50,,1.3914126242452636,1.1385454545454545,0.260287599861063,0.4901528051034041,0.7272727272727273,0.22928176795580102
"Ridge->PCA (top-100, 95%var) + SMOTE",Random Forest,100,10.0,1.3925077798885181,1.1456544105603579,0.25912271317990465,0.5119550203164488,0.7090909090909091,0.23855755894590847
"Ridge->PCA (top-100, 95%var) + SMOTE",Random Forest,100,20.0,1.4015526384794588,1.1555454545454547,0.2494669057757537,0.4875335249779281,0.7090909090909091,0.20838971583220578
"Ridge->PCA (top-100, 95%var) + SMOTE",Random Forest,100,30.0,1.412059424451329,1.1704545454545456,0.23817193469954856,0.47946319466605297,0.7181818181818181,0.20661157024793386
"Ridge->PCA (top-100, 95%var) + SMOTE",Random Forest,100,,1.4239168131984012,1.1853636363636364,0.22532372351510943,0.4741782438162075,0.6818181818181818,0.1558676937018577
"ElasticNet (top-200, l1r=0.5) + SMOTE",Random Forest,10,10.0,1.3609433733944982,1.0618005309514345,0.2923294365595568,0.5241848911614133,0.7545454545454545,0.3304
"ElasticNet (top-200, l1r=0.5) + SMOTE",Random Forest,10,20.0,1.2509632652116893,0.9781818181818182,0.40208405696422356,0.5894508357598495,0.7545454545454545,0.3781818181818182
"ElasticNet (top-200, l1r=0.5) + SMOTE",Random Forest,10,30.0,1.2602308590817075,1.0163636363636364,0.39319208058353583,0.5935261227707548,0.7727272727272727,0.36363636363636365
"ElasticNet (top-200, l1r=0.5) + SMOTE",Random Forest,10,,1.254229209152342,0.9799999999999999,0.39895797151788814,0.6188351734995449,0.7818181818181819,0.4098360655737706
"ElasticNet (top-200, l1r=0.5) + SMOTE",Random Forest,20,10.0,1.2280733061269524,0.9689857020953784,0.4237650400334346,0.6540141653559771,0.7454545454545455,0.35283608753908
"ElasticNet (top-200, l1r=0.5) + SMOTE",Random Forest,20,20.0,1.248753924372758,0.9995454545454546,0.4041941646405003,0.6236756115029494,0.8272727272727273,0.4114952103290296
"ElasticNet (top-200, l1r=0.5) + SMOTE",Random Forest,20,30.0,1.2192117423676958,0.9768181818181817,0.4320510593956235,0.6440305783300397,0.7818181818181819,0.403061224489796
"ElasticNet (top-200, l1r=0.5) + SMOTE",Random Forest,20,,1.226515759821662,0.9813636363636362,0.42522577283779095,0.6320524749776892,0.8181818181818182,0.45500420521446594
"ElasticNet (top-200, l1r=0.5) + SMOTE",Random Forest,50,10.0,1.2280875136476415,0.9793404546051238,0.4237517070875406,0.6168113935928324,0.7818181818181819,0.40404892450442853
"ElasticNet (top-200, l1r=0.5) + SMOTE",Random Forest,50,20.0,1.2136002037514062,0.9612727272727273,0.43726710663424795,0.6558206094032083,0.7727272727272727,0.38397328881469117
"ElasticNet (top-200, l1r=0.5) + SMOTE",Random Forest,50,30.0,1.2271430234491822,0.9703636363636363,0.4246377214310524,0.6268395404624513,0.7818181818181819,0.3546586517818806
"ElasticNet (top-200, l1r=0.5) + SMOTE",Random Forest,50,,1.2255269738509895,0.9696363636363637,0.4261521361583883,0.6315433834130587,0.8,0.4337349397590361
"ElasticNet (top-200, l1r=0.5) + SMOTE",Random Forest,100,10.0,1.2119365802361657,0.9738862436347856,0.4388088565592272,0.6506896678976105,0.7909090909090909,0.3967391304347826
"ElasticNet (top-200, l1r=0.5) + SMOTE",Random Forest,100,20.0,1.1965157750736093,0.9524545454545453,0.4529993053143454,0.6690806538252673,0.7818181818181819,0.4
"ElasticNet (top-200, l1r=0.5) + SMOTE",Random Forest,100,30.0,1.2154864346126093,0.9800000000000001,0.4355164987843001,0.6509168548531578,0.7818181818181819,0.3810775295663601
"ElasticNet (top-200, l1r=0.5) + SMOTE",Random Forest,100,,1.1970858555068409,0.9521818181818181,0.452477943730462,0.6624721340635163,0.7909090909090909,0.40794701986754967
"ElasticNet->PCA (top-200, 95%var) + SMOTE",Random Forest,10,10.0,1.3113239790393474,1.0163320988513886,0.3429914429302032,0.56052743240658,0.7545454545454545,0.31693077564637195
"ElasticNet->PCA (top-200, 95%var) + SMOTE",Random Forest,10,20.0,1.372953021774598,1.0936363636363635,0.27978464744703047,0.5247690263234297,0.7181818181818181,0.22692768677586894
"ElasticNet->PCA (top-200, 95%var) + SMOTE",Random Forest,10,30.0,1.277497553813705,1.0254545454545454,0.37645015630427225,0.5902945877941154,0.7727272727272727,0.38075137188687214
"ElasticNet->PCA (top-200, 95%var) + SMOTE",Random Forest,10,,1.4332734307426227,1.1590909090909092,0.2151094129906218,0.4678527687085087,0.7181818181818181,0.2653830054416074
"ElasticNet->PCA (top-200, 95%var) + SMOTE",Random Forest,20,10.0,1.3486846150850011,1.0687238547989446,0.30502076760553143,0.519078674800283,0.7636363636363637,0.3224159931943854
"ElasticNet->PCA (top-200, 95%var) + SMOTE",Random Forest,20,20.0,1.3439003615663556,1.065,0.30994268843348394,0.5134851104888051,0.7454545454545455,0.2982530890498508
"ElasticNet->PCA (top-200, 95%var) + SMOTE",Random Forest,20,30.0,1.3172198684419325,1.063181818181818,0.33707016325112893,0.5501001920840562,0.7636363636363637,0.31202503352704514
"ElasticNet->PCA (top-200, 95%var) + SMOTE",Random Forest,20,,1.3419033293999032,1.105909090909091,0.31199201111497066,0.5009527218345382,0.7454545454545455,0.26415094339622636
"ElasticNet->PCA (top-200, 95%var) + SMOTE",Random Forest,50,10.0,1.31087588342305,1.0474243836001917,0.34344038210691974,0.5552173312392958,0.7909090909090909,0.3170835099618482
"ElasticNet->PCA (top-200, 95%var) + SMOTE",Random Forest,50,20.0,1.293163843939633,1.044181818181818,0.3610628690517542,0.5708766040781945,0.7636363636363637,0.31757359500446025
"ElasticNet->PCA (top-200, 95%var) + SMOTE",Random Forest,50,30.0,1.3002908765489218,1.0367272727272727,0.35400069468565487,0.547114983514926,0.7636363636363637,0.32029117379435856
"ElasticNet->PCA (top-200, 95%var) + SMOTE",Random Forest,50,,1.3259768268919883,1.0656363636363637,0.32822646752344553,0.5454718314835301,0.7545454545454545,0.2928571428571428
"ElasticNet->PCA (top-200, 95%var) + SMOTE",Random Forest,100,10.0,1.318163342287513,1.071034779029819,0.3361201609428115,0.5400158136955863,0.7454545454545455,0.2607888631090488
"ElasticNet->PCA (top-200, 95%var) + SMOTE",Random Forest,100,20.0,1.3061936373225136,1.0390909090909093,0.34812226467523444,0.5523974260016324,0.7636363636363637,0.2976995940460082
"ElasticNet->PCA (top-200, 95%var) + SMOTE",Random Forest,100,30.0,1.2803255977928572,1.0471818181818182,0.3736863494268843,0.5808898131918162,0.7545454545454545,0.3145561063542136
"ElasticNet->PCA (top-200, 95%var) + SMOTE",Random Forest,100,,1.2946754595088863,1.0375454545454545,0.35956825286557825,0.5620055445653603,0.7727272727272727,0.2943603851444291
"Lasso (alpha=1.0, top-100) + SMOTE",Random Forest,10,10.0,1.3936302316865554,1.0787934219739947,0.23540203037754648,0.5199385935299058,0.7636363636363637,0.3130350731842033
"Lasso (alpha=1.0, top-100) + SMOTE",Random Forest,10,20.0,1.3883934469869714,1.1181818181818177,0.2411374284226966,0.5063596420383076,0.7545454545454545,0.32221063607924916
"Lasso (alpha=1.0, top-100) + SMOTE",Random Forest,10,30.0,1.314153720079961,1.0590909090909089,0.32012298282144724,0.5288803699199864,0.7272727272727273,0.36053158045155764
"Lasso (alpha=1.0, top-100) + SMOTE",Random Forest,10,,1.3632181176772984,1.0872727272727272,0.26840838105153575,0.5104902074197223,0.7363636363636363,0.26601423487544484
"Lasso (alpha=1.0, top-100) + SMOTE",Random Forest,20,10.0,1.3865074327515774,1.0809698426462786,0.24319772842881404,0.5205565262985005,0.7545454545454545,0.266590714896041
"Lasso (alpha=1.0, top-100) + SMOTE",Random Forest,20,20.0,1.3269924984373844,1.0581818181818181,0.3067738157209787,0.5383012834074125,0.7636363636363637,0.3557443132738267
"Lasso (alpha=1.0, top-100) + SMOTE",Random Forest,20,30.0,1.3824878759948411,1.0890909090909089,0.24757938573659566,0.5195998758837163,0.7272727272727273,0.2705752821359757
"Lasso (alpha=1.0, top-100) + SMOTE",Random Forest,20,,1.3171163405506192,1.0377272727272726,0.3170541059344094,0.567804213295862,0.7545454545454545,0.34834123222748825
"Lasso (alpha=1.0, top-100) + SMOTE",Random Forest,50,10.0,1.3343450595927677,1.0605763094897576,0.2990705189184839,0.5684091159391742,0.8,0.31378214388904935
"Lasso (alpha=1.0, top-100) + SMOTE",Random Forest,50,20.0,1.363450169106434,1.1054545454545457,0.26815929203539846,0.5349118610874639,0.7454545454545455,0.24363057324840764
"Lasso (alpha=1.0, top-100) + SMOTE",Random Forest,50,30.0,1.325891809654578,1.0649090909090908,0.30792334721499226,0.5680283031657054,0.7454545454545455,0.28603137022787806
"Lasso (alpha=1.0, top-100) + SMOTE",Random Forest,50,,1.2805666359432097,1.0234545454545454,0.3544314159292037,0.5923391967640207,0.7909090909090909,0.3583380601247873
"Lasso (alpha=1.0, top-100) + SMOTE",Random Forest,100,10.0,1.3398529108934298,1.0608285099521955,0.29327204397975926,0.5709318412662766,0.7818181818181819,0.3251928020565552
"Lasso (alpha=1.0, top-100) + SMOTE",Random Forest,100,20.0,1.313356906418192,1.0524545454545453,0.32094719547110895,0.5689403203814445,0.8,0.3422965116279071
"Lasso (alpha=1.0, top-100) + SMOTE",Random Forest,100,30.0,1.3195350420783554,1.0436363636363635,0.31454353201457597,0.5725202398533181,0.8181818181818182,0.3563003452243958
"Lasso (alpha=1.0, top-100) + SMOTE",Random Forest,100,,1.323396113311231,1.0584545454545455,0.310526255856325,0.5649766156568277,0.7727272727272727,0.36596769623122694
"Ridge (alpha=1.0, top-100) + SMOTE",Random Forest,10,10.0,1.2800568984747127,1.0158098543987624,0.3549452587738914,0.5741349378469118,0.7636363636363637,0.3900709219858156
"Ridge (alpha=1.0, top-100) + SMOTE",Random Forest,10,20.0,1.302968638428137,1.0554545454545456,0.33164692868297785,0.537628812935966,0.7545454545454545,0.3744243168560023
"Ridge (alpha=1.0, top-100) + SMOTE",Random Forest,10,30.0,1.258426145483462,0.9981818181818183,0.37656168662155143,0.5652796809281929,0.7727272727272727,0.3810024009603842
"Ridge (alpha=1.0, top-100) + SMOTE",Random Forest,10,,1.2187549533698874,0.9809090909090907,0.41524921915668933,0.6012760251932892,0.7909090909090909,0.46439348219674115
"Ridge (alpha=1.0, top-100) + SMOTE",Random Forest,20,10.0,1.2052731551228788,0.9785836701443208,0.4281146252158936,0.6053046987563427,0.7909090909090909,0.4607211848036059
"Ridge (alpha=1.0, top-100) + SMOTE",Random Forest,20,20.0,1.2722296104941835,1.0550000000000002,0.36280989718896417,0.5594158015209281,0.7363636363636363,0.34944237918215615
"Ridge (alpha=1.0, top-100) + SMOTE",Random Forest,20,30.0,1.286353196231325,1.0077272727272728,0.34858390812077045,0.5297525649505559,0.7636363636363637,0.42452239273410586
"Ridge (alpha=1.0, top-100) + SMOTE",Random Forest,20,,1.2810240931663726,1.0286363636363638,0.35397010020822495,0.5577914929403162,0.7727272727272727,0.42703461178671653
"Ridge (alpha=1.0, top-100) + SMOTE",Random Forest,50,10.0,1.2468367659182422,0.9867411656939854,0.38799182579938585,0.5757935983253454,0.7545454545454545,0.3671875
"Ridge (alpha=1.0, top-100) + SMOTE",Random Forest,50,20.0,1.2731964070437407,1.0001818181818185,0.36184109838625744,0.5413611909197934,0.7454545454545455,0.36248435544430535
"Ridge (alpha=1.0, top-100) + SMOTE",Random Forest,50,30.0,1.2693362617740602,1.0120000000000002,0.365704841228527,0.5489008294071548,0.7636363636363637,0.4159237626806025
"Ridge (alpha=1.0, top-100) + SMOTE",Random Forest,50,,1.2505373390521517,0.9863636363636362,0.3843535918792299,0.5751975505772268,0.7636363636363637,0.36413393432066965
"Ridge (alpha=1.0, top-100) + SMOTE",Random Forest,100,10.0,1.2391398691567725,0.983634986338062,0.3955245267588581,0.578842103725856,0.7272727272727273,0.37772246421904165
"Ridge (alpha=1.0, top-100) + SMOTE",Random Forest,100,20.0,1.2410999520220325,0.9825454545454546,0.3936106845393025,0.5637017178087496,0.7636363636363637,0.4000317863954228
"Ridge (alpha=1.0, top-100) + SMOTE",Random Forest,100,30.0,1.2584767126822953,0.9876363636363635,0.37651158250911,0.5570816077471664,0.7454545454545455,0.3868068251066423
"Ridge (alpha=1.0, top-100) + SMOTE",Random Forest,100,,1.2613196552528914,0.9907272727272728,0.3736914367516919,0.5730550259301234,0.7727272727272727,0.4045789797172712
PCA (n_components=50) + SMOTE,Random Forest,10,10.0,1.3078349417761101,1.0903181185641437,0.3266453005381539,0.5366192294672011,0.7454545454545455,0.43512614360964796
PCA (n_components=50) + SMOTE,Random Forest,10,20.0,1.3730523395969751,1.1072727272727274,0.25781494013534634,0.4968951483569256,0.7181818181818181,0.35654008438818563
PCA (n_components=50) + SMOTE,Random Forest,10,30.0,1.3320182908927067,1.0645454545454545,0.30151288391462794,0.5050373093871839,0.6727272727272727,0.29131054131054146
PCA (n_components=50) + SMOTE,Random Forest,10,,1.3333825748483032,1.0718181818181818,0.3000813378448727,0.5391002728495019,0.7272727272727273,0.4032575119348497
PCA (n_components=50) + SMOTE,Random Forest,20,10.0,1.3303942481021735,1.065872204514994,0.30321508491220395,0.5258031474457832,0.7454545454545455,0.3459946792787466
PCA (n_components=50) + SMOTE,Random Forest,20,20.0,1.3019565695870616,1.0372727272727271,0.33268479958355035,0.5333222449597215,0.7272727272727273,0.406313350709528
PCA (n_components=50) + SMOTE,Random Forest,20,30.0,1.2714433458940204,1.0295454545454545,0.3635972475273297,0.5708995400989861,0.7363636363636363,0.43824296897651493
PCA (n_components=50) + SMOTE,Random Forest,20,,1.2972085414458232,1.045,0.3375431090577826,0.5574309842204291,0.7,0.37535693889206156
PCA (n_components=50) + SMOTE,Random Forest,50,10.0,1.2945280500096878,1.0646769458785599,0.340278020745419,0.5478111252543033,0.7,0.3739328400682983
PCA (n_components=50) + SMOTE,Random Forest,50,20.0,1.2935026443378812,1.0647272727272727,0.3413227485684541,0.5449076922017241,0.7090909090909091,0.38359234907352047
PCA (n_components=50) + SMOTE,Random Forest,50,30.0,1.2850412091022254,1.0516363636363637,0.34991202498698615,0.5578892300370232,0.7272727272727273,0.4177688326624497
PCA (n_components=50) + SMOTE,Random Forest,50,,1.2798650497042825,1.043090909090909,0.3551385996876628,0.564468999455912,0.7727272727272727,0.4547833672579238
PCA (n_components=50) + SMOTE,Random Forest,100,10.0,1.2976664547275496,1.070099090559967,0.33707533330704964,0.5526898074309198,0.7272727272727273,0.422027570361861
PCA (n_components=50) + SMOTE,Random Forest,100,20.0,1.300467048969156,1.0652727272727274,0.33421082769390964,0.5445965394532072,0.7272727272727273,0.37894887995404936
PCA (n_components=50) + SMOTE,Random Forest,100,30.0,1.2766743017415494,1.042818181818182,0.3583499154086415,0.5718642312126385,0.7272727272727273,0.38612866168868465
PCA (n_components=50) + SMOTE,Random Forest,100,,1.29026530041482,1.0560909090909092,0.34461566241540875,0.5535767143971361,0.7181818181818181,0.3537666174298375
"Lasso->PCA (top-100, 95%var) + SMOTE",Random Forest,10,10.0,1.3047984237152999,1.0606064238091384,0.3297684470649349,0.5413233582860039,0.7090909090909091,0.2821079204796466
"Lasso->PCA (top-100, 95%var) + SMOTE",Random Forest,10,20.0,1.3668809883686424,1.0963636363636362,0.2644716293597087,0.4513577116991332,0.7272727272727273,0.23775793039728976
"Lasso->PCA (top-100, 95%var) + SMOTE",Random Forest,10,30.0,1.245500994488855,1.0090909090909088,0.389302446642374,0.5944084338265102,0.7636363636363637,0.33318264014466537
"Lasso->PCA (top-100, 95%var) + SMOTE",Random Forest,10,,1.3473880456106717,1.1054545454545455,0.2853006246746488,0.5348223419476152,0.7545454545454545,0.30696661828737304
"Lasso->PCA (top-100, 95%var) + SMOTE",Random Forest,20,10.0,1.2584200622604058,1.037370501558668,0.37656771399974787,0.5837938386119252,0.7363636363636363,0.29677623261694064
"Lasso->PCA (top-100, 95%var) + SMOTE",Random Forest,20,20.0,1.2728636290592241,1.0472727272727274,0.3621746486205103,0.5718917390755356,0.7545454545454545,0.3338063702302113
"Lasso->PCA (top-100, 95%var) + SMOTE",Random Forest,20,30.0,1.2789022281202378,1.0254545454545456,0.35610847214992225,0.5659034578517573,0.7181818181818181,0.269959614787201
"Lasso->PCA (top-100, 95%var) + SMOTE",Random Forest,20,,1.2728100622423812,1.0336363636363637,0.36222833159812606,0.5733857167942631,0.7454545454545455,0.31918936035465484
"Lasso->PCA (top-100, 95%var) + SMOTE",Random Forest,50,10.0,1.2996345942547054,1.0686336108746002,0.3350629245555222,0.5383303199266485,0.7272727272727273,0.2709984152139462
"Lasso->PCA (top-100, 95%var) + SMOTE",Random Forest,50,20.0,1.2240959558347169,0.9899999999999999,0.4101128318584072,0.6075543000724343,0.7545454545454545,0.3599873577749684
"Lasso->PCA (top-100, 95%var) + SMOTE",Random Forest,50,30.0,1.2788219010266655,1.0496363636363635,0.3561893545028634,0.575353679670941,0.7181818181818181,0.28042763157894735
"Lasso->PCA (top-100, 95%var) + SMOTE",Random Forest,50,,1.254708948503415,1.026727272727273,0.38023932847475284,0.5884683205727578,0.7545454545454545,0.3142633228840126
"Lasso->PCA (top-100, 95%var) + SMOTE",Random Forest,100,10.0,1.2414903840699734,1.03374067637208,0.39322910195756333,0.5934864671714332,0.7454545454545455,0.324884029158383
"Lasso->PCA (top-100, 95%var) + SMOTE",Random Forest,100,20.0,1.2450538506061057,1.0257272727272728,0.38974085762623645,0.5963964862393725,0.7363636363636363,0.258893280632411
"Lasso->PCA (top-100, 95%var) + SMOTE",Random Forest,100,30.0,1.2612281172081299,1.035818181818182,0.3737823399271213,0.5702083358476515,0.7636363636363637,0.32760855476344786
"Lasso->PCA (top-100, 95%var) + SMOTE",Random Forest,100,,1.2276948095738394,1.0234545454545454,0.40663918532014576,0.6196469841981654,0.7636363636363637,0.3168016194331984
"Ridge->PCA (top-100, 95%var) + SMOTE",Random Forest,10,10.0,1.499720237522968,1.236854269067165,0.1145612451485244,0.2986904394634789,0.6818181818181818,0.1006626696118651
"Ridge->PCA (top-100, 95%var) + SMOTE",Random Forest,10,20.0,1.4309564506428432,1.1800000000000002,0.1938964081207707,0.392744210001681,0.6727272727272727,0.1310586734693877
"Ridge->PCA (top-100, 95%var) + SMOTE",Random Forest,10,30.0,1.4311470288484751,1.1418181818181818,0.1936816762103073,0.3877001224544465,0.6909090909090909,0.09169550173010377
"Ridge->PCA (top-100, 95%var) + SMOTE",Random Forest,10,,1.4382438786747727,1.1563636363636365,0.1856650182196775,0.4340111510537738,0.6909090909090909,0.2371601208459213
"Ridge->PCA (top-100, 95%var) + SMOTE",Random Forest,20,10.0,1.3906974182224972,1.1402147896559842,0.23861674780343267,0.44185818325374027,0.7090909090909091,0.21238244514106586
"Ridge->PCA (top-100, 95%var) + SMOTE",Random Forest,20,20.0,1.3505975108682957,1.1004545454545454,0.28189175559604396,0.4604780106885191,0.7181818181818181,0.19999999999999996
"Ridge->PCA (top-100, 95%var) + SMOTE",Random Forest,20,30.0,1.339105875371528,1.1095454545454546,0.2940598971889642,0.5051312561232103,0.7454545454545455,0.3033052495139339
"Ridge->PCA (top-100, 95%var) + SMOTE",Random Forest,20,,1.3380616917426083,1.0945454545454545,0.29516039823008866,0.4937238441598632,0.7272727272727273,0.24424184261036463
"Ridge->PCA (top-100, 95%var) + SMOTE",Random Forest,50,10.0,1.4018060670171753,1.1271499229752926,0.22640457381355594,0.4209043736145325,0.6909090909090909,0.12309728656518859
"Ridge->PCA (top-100, 95%var) + SMOTE",Random Forest,50,20.0,1.3356659898206724,1.0812727272727272,0.2976820666319626,0.5187040978889328,0.6727272727272727,0.17805989583333337
"Ridge->PCA (top-100, 95%var) + SMOTE",Random Forest,50,30.0,1.3567889900925507,1.1001818181818184,0.27529268610098934,0.5027965940731798,0.7090909090909091,0.173653660109642
"Ridge->PCA (top-100, 95%var) + SMOTE",Random Forest,50,,1.3294017793387711,1.084,0.3042542946382095,0.5058684153841982,0.7181818181818181,0.2199936326010824
"Ridge->PCA (top-100, 95%var) + SMOTE",Random Forest,100,10.0,1.3663324375654486,1.117282411807651,0.26506186906829665,0.47134094504048085,0.7090909090909091,0.21138211382113825
"Ridge->PCA (top-100, 95%var) + SMOTE",Random Forest,100,20.0,1.36175955693694,1.1012727272727272,0.26997306090577833,0.4886001920660339,0.7,0.18026231605886123
"Ridge->PCA (top-100, 95%var) + SMOTE",Random Forest,100,30.0,1.3451177711196214,1.0981818181818184,0.2877070536179075,0.48925218769844664,0.7181818181818181,0.1874799871918028
"Ridge->PCA (top-100, 95%var) + SMOTE",Random Forest,100,,1.3694793303893407,1.1093636363636363,0.2616725989068195,0.47385778538550244,0.7272727272727273,0.21023091725465037
"ElasticNet (top-200, l1r=0.5) + SMOTE",Random Forest,10,10.0,1.1744687339193782,0.9754923590133692,0.4569736021555941,0.643816206916717,0.7727272727272727,0.46715328467153283
"ElasticNet (top-200, l1r=0.5) + SMOTE",Random Forest,10,20.0,1.1424853291280057,0.909090909090909,0.48614653826132237,0.6509597602306889,0.8090909090909091,0.495171202809482
"ElasticNet (top-200, l1r=0.5) + SMOTE",Random Forest,10,30.0,1.2050273478601674,1.0263636363636361,0.42834786569495076,0.6137041061339442,0.7363636363636363,0.40622126877106945
"ElasticNet (top-200, l1r=0.5) + SMOTE",Random Forest,10,,1.2301884556293141,0.9718181818181817,0.40422631441957324,0.6300812994078634,0.7818181818181819,0.43855932203389836
"ElasticNet (top-200, l1r=0.5) + SMOTE",Random Forest,20,10.0,1.2522183777905092,1.0365461340610849,0.38269731016777864,0.5884835251604287,0.7181818181818181,0.379608621667612
"ElasticNet (top-200, l1r=0.5) + SMOTE",Random Forest,20,20.0,1.1878552100319297,0.9654545454545453,0.444524336283186,0.639296217372045,0.7272727272727273,0.4042522831050228
"ElasticNet (top-200, l1r=0.5) + SMOTE",Random Forest,20,30.0,1.2042443877612823,0.9931818181818182,0.42909048021863616,0.6202328136470613,0.7818181818181819,0.4500594530321046
"ElasticNet (top-200, l1r=0.5) + SMOTE",Random Forest,20,,1.2269326128046465,1.0045454545454546,0.4073757157730349,0.623469280892542,0.8,0.39562825709322524
"ElasticNet (top-200, l1r=0.5) + SMOTE",Random Forest,50,10.0,1.1952326335132357,0.9773651824494591,0.43760311415274233,0.6330737994865392,0.7272727272727273,0.40601503759398494
"ElasticNet (top-200, l1r=0.5) + SMOTE",Random Forest,50,20.0,1.1890423954518266,0.9685454545454545,0.44341345653305586,0.6301208369625532,0.7909090909090909,0.44350629413570786
"ElasticNet (top-200, l1r=0.5) + SMOTE",Random Forest,50,30.0,1.1868414920589554,0.9656363636363636,0.44547201978136397,0.6388582937283079,0.7818181818181819,0.41487775790101367
"ElasticNet (top-200, l1r=0.5) + SMOTE",Random Forest,50,,1.1760349407301562,0.9430909090909092,0.455524336283186,0.6348336589951136,0.7454545454545455,0.4338235294117647
"ElasticNet (top-200, l1r=0.5) + SMOTE",Random Forest,100,10.0,1.1628394426741195,0.9540541003304315,0.4676741804331159,0.6489228779595879,0.7636363636363637,0.4205809641532756
"ElasticNet (top-200, l1r=0.5) + SMOTE",Random Forest,100,20.0,1.1993339060419406,0.9836363636363636,0.4337369208745445,0.6366710718991505,0.7272727272727273,0.38714153561517095
"ElasticNet (top-200, l1r=0.5) + SMOTE",Random Forest,100,30.0,1.1824815970122864,0.9646363636363636,0.44953868427902166,0.6350287453176486,0.7363636363636363,0.41023284313725494
"ElasticNet (top-200, l1r=0.5) + SMOTE",Random Forest,100,,1.1821402008837423,0.9724545454545455,0.4498564875065071,0.6271313103835156,0.7454545454545455,0.3887530562347188
"ElasticNet->PCA (top-200, 95%var) + SMOTE",Random Forest,10,10.0,1.1601118601316323,0.974709253423107,0.47016852261131215,0.6542374588241524,0.8181818181818182,0.4710549515133706
"ElasticNet->PCA (top-200, 95%var) + SMOTE",Random Forest,10,20.0,1.1584079984656057,0.9245454545454546,0.47172371160853743,0.6764353704478647,0.7909090909090909,0.5464928782585328
"ElasticNet->PCA (top-200, 95%var) + SMOTE",Random Forest,10,30.0,1.191904511123422,0.9445454545454545,0.4407307391983343,0.6444414797371951,0.7909090909090909,0.47253184713375784
"ElasticNet->PCA (top-200, 95%var) + SMOTE",Random Forest,10,,1.178172699179076,0.9354545454545455,0.4535430765226445,0.647050927173054,0.7727272727272727,0.4956674790143515
"ElasticNet->PCA (top-200, 95%var) + SMOTE",Random Forest,20,10.0,1.1789709827841188,0.9465099636052892,0.45280231009929395,0.6388176878472965,0.8,0.46149306580112126
"ElasticNet->PCA (top-200, 95%var) + SMOTE",Random Forest,20,20.0,1.1681181447096864,0.9454545454545454,0.46283023165018233,0.656016662980487,0.7636363636363637,0.4890817469204928
"ElasticNet->PCA (top-200, 95%var) + SMOTE",Random Forest,20,30.0,1.1389089675490471,0.9068181818181821,0.48935856975533587,0.6682717468102728,0.7818181818181819,0.4973190348525468
"ElasticNet->PCA (top-200, 95%var) + SMOTE",Random Forest,20,,1.161131892907637,0.9336363636363637,0.4692364003123376,0.6559713828012171,0.7909090909090909,0.4738299639988922
"ElasticNet->PCA (top-200, 95%var) + SMOTE",Random Forest,50,10.0,1.1481355537002558,0.9192347812437984,0.4810513885666916,0.6672448266185896,0.7909090909090909,0.49700342465753433
"ElasticNet->PCA (top-200, 95%var) + SMOTE",Random Forest,50,20.0,1.1420428267721916,0.9232727272727272,0.4865445080687144,0.6741082215470714,0.7727272727272727,0.4416204559457796
"ElasticNet->PCA (top-200, 95%var) + SMOTE",Random Forest,50,30.0,1.1776586941894498,0.9538181818181818,0.4540197813638731,0.6393896267093006,0.7818181818181819,0.47101449275362317
"ElasticNet->PCA (top-200, 95%var) + SMOTE",Random Forest,50,,1.1593415058871683,0.937818181818182,0.47087194169703295,0.6655741602103826,0.7818181818181819,0.4783959751405742
"ElasticNet->PCA (top-200, 95%var) + SMOTE",Random Forest,100,10.0,1.1367359144160358,0.9210995411756067,0.4913053317480657,0.677902574189056,0.8,0.5037037037037038
"ElasticNet->PCA (top-200, 95%var) + SMOTE",Random Forest,100,20.0,1.1438777747803144,0.9267272727272727,0.48489321967725163,0.6623357443066608,0.7909090909090909,0.4979919678714859
"ElasticNet->PCA (top-200, 95%var) + SMOTE",Random Forest,100,30.0,1.1484926880679105,0.9197272727272726,0.4807284942738158,0.6676631708648741,0.7818181818181819,0.473042730140522
"ElasticNet->PCA (top-200, 95%var) + SMOTE",Random Forest,100,,1.1385676807446994,0.9159999999999998,0.48966456272774606,0.6753515107254973,0.7909090909090909,0.48782234957020054
"Lasso (alpha=1.0, top-100) + SMOTE",Random Forest,10,10.0,1.2209930547800685,0.9775521966674534,0.41842394217509693,0.6192537649534816,0.7431192660550459,0.4763092269326684
"Lasso (alpha=1.0, top-100) + SMOTE",Random Forest,10,20.0,1.2610247762191402,1.0211009174311927,0.37966344890990245,0.6069887263803448,0.7431192660550459,0.45255474452554745
"Lasso (alpha=1.0, top-100) + SMOTE",Random Forest,10,30.0,1.253033017569476,1.0623853211009173,0.3875013133701073,0.6025541741745033,0.7431192660550459,0.4289807613589849
"Lasso (alpha=1.0, top-100) + SMOTE",Random Forest,10,,1.2566155214731909,1.0091743119266054,0.3839939584975044,0.6065538334545817,0.7522935779816514,0.48621359223300964
"Lasso (alpha=1.0, top-100) + SMOTE",Random Forest,20,10.0,1.228371133637184,0.9712566647213319,0.4113741423021804,0.6329578260598723,0.7706422018348624,0.4731182795698925
"Lasso (alpha=1.0, top-100) + SMOTE",Random Forest,20,20.0,1.1875597522388568,0.9536697247706423,0.4498373883635407,0.6730680001615266,0.7889908256880734,0.5378973105134475
"Lasso (alpha=1.0, top-100) + SMOTE",Random Forest,20,30.0,1.2515953122667378,1.0013761467889908,0.3889060447859205,0.6088180197107055,0.7798165137614679,0.4985971943887775
"Lasso (alpha=1.0, top-100) + SMOTE",Random Forest,20,,1.2539570394876907,1.0004587155963303,0.3865976326503806,0.619544280561681,0.7339449541284404,0.41959798994974884
"Lasso (alpha=1.0, top-100) + SMOTE",Random Forest,50,10.0,1.2109444152488946,0.9609220081856275,0.42795716630457126,0.6361070263822319,0.7522935779816514,0.4541935483870967
"Lasso (alpha=1.0, top-100) + SMOTE",Random Forest,50,20.0,1.2374092497537534,0.9811009174311928,0.40268028631468333,0.6167964780395765,0.7155963302752294,0.4042086804033319
"Lasso (alpha=1.0, top-100) + SMOTE",Random Forest,50,30.0,1.209820670614398,0.9708256880733944,0.4290183740478064,0.6452366857659334,0.7614678899082569,0.4365482233502539
"Lasso (alpha=1.0, top-100) + SMOTE",Random Forest,50,,1.1864015441043607,0.948440366972477,0.45090999474651927,0.6786240682328301,0.7981651376146789,0.47523016220955727
"Lasso (alpha=1.0, top-100) + SMOTE",Random Forest,100,10.0,1.2162896361204234,0.9744589650966807,0.422895920337067,0.6525147868985507,0.7706422018348624,0.4155844155844156
"Lasso (alpha=1.0, top-100) + SMOTE",Random Forest,100,20.0,1.1902432100552258,0.9453211009174313,0.4473482400840556,0.6699301945496309,0.7522935779816514,0.46658259773013866
"Lasso (alpha=1.0, top-100) + SMOTE",Random Forest,100,30.0,1.1787935054284815,0.9418348623853212,0.4579297149986864,0.676712717684921,0.7339449541284404,0.382699868938401
"Lasso (alpha=1.0, top-100) + SMOTE",Random Forest,100,,1.19166293491856,0.9407339449541285,0.44602904517993147,0.6531361852562796,0.7706422018348624,0.4623979372582724
"Ridge (alpha=1.0, top-100) + SMOTE",Random Forest,10,10.0,1.2621889411114093,0.9994144218257257,0.37851754377059743,0.6310323419159133,0.7798165137614679,0.5094549499443827
"Ridge (alpha=1.0, top-100) + SMOTE",Random Forest,10,20.0,1.266288371000899,1.0275229357798163,0.3744739952718673,0.5969358428565757,0.7064220183486238,0.39302325581395336
"Ridge (alpha=1.0, top-100) + SMOTE",Random Forest,10,30.0,1.3346820395843315,1.0541284403669726,0.3050784738639347,0.5795446699911448,0.7522935779816514,0.406020841373987
"Ridge (alpha=1.0, top-100) + SMOTE",Random Forest,10,,1.2241079882806405,0.9568807339449543,0.4154527843446282,0.6377006574308194,0.7981651376146789,0.5419354838709678
"Ridge (alpha=1.0, top-100) + SMOTE",Random Forest,20,10.0,1.240911997013166,1.0264657009084692,0.39929382176126105,0.6383596807618808,0.7798165137614679,0.5218417945690672
"Ridge (alpha=1.0, top-100) + SMOTE",Random Forest,20,20.0,1.1981445900706627,0.9486238532110092,0.4399863737851325,0.6530933790772095,0.7798165137614679,0.518716577540107
"Ridge (alpha=1.0, top-100) + SMOTE",Random Forest,20,30.0,1.2018334617261957,0.9550458715596329,0.43653270291568136,0.6733465608005543,0.8073394495412844,0.5358581788879937
"Ridge (alpha=1.0, top-100) + SMOTE",Random Forest,20,,1.2083425603359612,0.9660550458715594,0.43041272655634344,0.6570805550722332,0.7798165137614679,0.5117924528301886
"Ridge (alpha=1.0, top-100) + SMOTE",Random Forest,50,10.0,1.1827047675407185,0.9553654211039992,0.4543265455585078,0.6766331846036008,0.7981651376146789,0.5240556660039761
"Ridge (alpha=1.0, top-100) + SMOTE",Random Forest,50,20.0,1.1858400034412182,0.96,0.4514296558970313,0.6795266274976544,0.8073394495412844,0.4982456140350877
"Ridge (alpha=1.0, top-100) + SMOTE",Random Forest,50,30.0,1.2153105843831697,0.9484403669724771,0.42382462568951906,0.6558127579451883,0.7981651376146789,0.5518814139110605
"Ridge (alpha=1.0, top-100) + SMOTE",Random Forest,50,,1.196370658405487,0.9710091743119268,0.4416434200157602,0.6677102224689363,0.7981651376146789,0.4908366533864542
"Ridge (alpha=1.0, top-100) + SMOTE",Random Forest,100,10.0,1.1868705472714924,0.9564074303257819,0.45047578112868714,0.6701946581472498,0.8165137614678899,0.5285545490350532
"Ridge (alpha=1.0, top-100) + SMOTE",Random Forest,100,20.0,1.2307266444643568,0.9825688073394495,0.40911449303913827,0.6422736569414664,0.8073394495412844,0.5072863332020481
"Ridge (alpha=1.0, top-100) + SMOTE",Random Forest,100,30.0,1.2181166844275364,0.970183486238532,0.4211608254531124,0.6491081435092485,0.8256880733944955,0.4860267314702308
"Ridge (alpha=1.0, top-100) + SMOTE",Random Forest,100,,1.1717159846241978,0.9386238532110089,0.4644193951930651,0.6877830492221141,0.8073394495412844,0.5468628969790861
PCA (n_components=50) + SMOTE,Random Forest,10,10.0,1.2801876296989732,1.0027807329254392,0.3606666127163636,0.6126727094763668,0.7614678899082569,0.5242144177449168
PCA (n_components=50) + SMOTE,Random Forest,10,20.0,1.2641129899562566,0.9871559633027523,0.37662135539795094,0.6420248033506442,0.7798165137614679,0.5109433962264152
PCA (n_components=50) + SMOTE,Random Forest,10,30.0,1.2652736586180322,1.0220183486238534,0.3754760966640396,0.6208730315362085,0.7706422018348624,0.5465244575211474
PCA (n_components=50) + SMOTE,Random Forest,10,,1.3431443322471739,1.0935779816513762,0.2962385080115574,0.5668398781282553,0.7706422018348624,0.4990533888678531
PCA (n_components=50) + SMOTE,Random Forest,20,10.0,1.2003322848306301,0.937358648073133,0.4379394465985732,0.6600734548089158,0.8073394495412844,0.5455268389662028
PCA (n_components=50) + SMOTE,Random Forest,20,20.0,1.288400971832986,1.0068807339449541,0.35243671197793525,0.5992016953157565,0.7614678899082569,0.46380090497737547
PCA (n_components=50) + SMOTE,Random Forest,20,30.0,1.2350574773981429,0.9678899082568806,0.4049486143945362,0.6453167144606473,0.8256880733944955,0.5486725663716815
PCA (n_components=50) + SMOTE,Random Forest,20,,1.2546975950586148,0.9752293577981652,0.38587289860782736,0.6301301556637436,0.7889908256880734,0.49230769230769234
PCA (n_components=50) + SMOTE,Random Forest,50,10.0,1.201992771700528,0.9516753447618916,0.43638331131860386,0.6712614243126982,0.8165137614678899,0.5618729096989967
PCA (n_components=50) + SMOTE,Random Forest,50,20.0,1.231620101084135,0.9669724770642201,0.40825626477541366,0.6375612260702274,0.8256880733944955,0.5996261682242991
PCA (n_components=50) + SMOTE,Random Forest,50,30.0,1.1676794206278527,0.9201834862385321,0.46810319148936164,0.6705898244093093,0.8256880733944955,0.5590361445783132
PCA (n_components=50) + SMOTE,Random Forest,50,,1.2681171479470779,0.9924770642201834,0.37266591804570504,0.6173871531936398,0.7889908256880734,0.5395033860045148
PCA (n_components=50) + SMOTE,Random Forest,100,10.0,1.2049376070417235,0.9526420937338071,0.4336182505721542,0.6568434869387927,0.8256880733944955,0.5898123324396782
PCA (n_components=50) + SMOTE,Random Forest,100,20.0,1.2014612662553572,0.9342201834862384,0.43688164893617,0.6547801212157172,0.8348623853211009,0.535796766743649
PCA (n_components=50) + SMOTE,Random Forest,100,30.0,1.2083315511955646,0.9571559633027523,0.4304231054636194,0.6492489299111192,0.8256880733944955,0.5617452278924815
PCA (n_components=50) + SMOTE,Random Forest,100,,1.2037201509631974,0.9582568807339451,0.43476220449172553,0.6494450548786255,0.8256880733944955,0.550539352776668
"Lasso->PCA (top-100, 95%var) + SMOTE",Random Forest,10,10.0,1.3041165751718586,1.028066762705857,0.3365427234469127,0.5563798072858704,0.7431192660550459,0.3934553954031943
"Lasso->PCA (top-100, 95%var) + SMOTE",Random Forest,10,20.0,1.2316916092039785,0.9688073394495412,0.4081875492513789,0.6126265425851848,0.7798165137614679,0.4591346153846154
"Lasso->PCA (top-100, 95%var) + SMOTE",Random Forest,10,30.0,1.3194035349632025,1.0724770642201835,0.32089736012608316,0.5266948272921191,0.7431192660550459,0.3615230460921842
"Lasso->PCA (top-100, 95%var) + SMOTE",Random Forest,10,,1.3149807268270535,1.0220183486238532,0.32544260572629335,0.5491113234658204,0.7889908256880734,0.401854714064915
"Lasso->PCA (top-100, 95%var) + SMOTE",Random Forest,20,10.0,1.292894267445072,1.0192734698137351,0.3479120847557239,0.567927591568689,0.7522935779816514,0.3960959739731599
"Lasso->PCA (top-100, 95%var) + SMOTE",Random Forest,20,20.0,1.2932073774537933,1.0155963302752293,0.3475962043603884,0.5625427368267939,0.7706422018348624,0.3946838501812323
"Lasso->PCA (top-100, 95%var) + SMOTE",Random Forest,20,30.0,1.2965108433686459,1.056422018348624,0.34425884883110025,0.566322062199082,0.7889908256880734,0.4285714285714286
"Lasso->PCA (top-100, 95%var) + SMOTE",Random Forest,20,,1.2454964744590442,0.9894495412844037,0.39484707446808476,0.6085847896239273,0.7889908256880734,0.4208822339133954
"Lasso->PCA (top-100, 95%var) + SMOTE",Random Forest,50,10.0,1.2595370025587973,0.9935963103662747,0.3811263479136905,0.6024621184157094,0.7798165137614679,0.41839270919635463
"Lasso->PCA (top-100, 95%var) + SMOTE",Random Forest,50,20.0,1.2476296792372974,1.005137614678899,0.3927723666929338,0.5910320553695358,0.8073394495412844,0.424061433447099
"Lasso->PCA (top-100, 95%var) + SMOTE",Random Forest,50,30.0,1.2397040191295143,1.0055045871559634,0.4004627790911477,0.6083432316035167,0.7981651376146789,0.41638225255972694
"Lasso->PCA (top-100, 95%var) + SMOTE",Random Forest,50,,1.2424317676426768,1.0148623853211007,0.39782152613606503,0.6187228912965039,0.7522935779816514,0.3960231980115989
"Lasso->PCA (top-100, 95%var) + SMOTE",Random Forest,100,10.0,1.2629367136158458,1.0160636161493672,0.37778094223744874,0.5873235212322565,0.7706422018348624,0.4228382292097641
"Lasso->PCA (top-100, 95%var) + SMOTE",Random Forest,100,20.0,1.2474623783189218,1.0081651376146792,0.39293520816916183,0.5848201805192413,0.7889908256880734,0.42471042471042475
"Lasso->PCA (top-100, 95%var) + SMOTE",Random Forest,100,30.0,1.2077900814023705,0.974770642201835,0.4309334613869187,0.6411061041724433,0.7889908256880734,0.4740740740740741
"Lasso->PCA (top-100, 95%var) + SMOTE",Random Forest,100,,1.220948270361641,0.9854128440366973,0.4184666042815862,0.6240487895569621,0.7981651376146789,0.4503531366846697
"Ridge->PCA (top-100, 95%var) + SMOTE",Random Forest,10,10.0,1.3690956819108395,1.1192313005472647,0.2687805522930824,0.5417555946621232,0.6880733944954128,0.3862801143323805
"Ridge->PCA (top-100, 95%var) + SMOTE",Random Forest,10,20.0,1.2833442550867715,1.0568807339449542,0.3575098502758075,0.6117229247893203,0.7522935779816514,0.48201438848920863
"Ridge->PCA (top-100, 95%var) + SMOTE",Random Forest,10,30.0,1.4261000904178878,1.1412844036697247,0.2066220120830048,0.5035458542435711,0.7339449541284404,0.44009216589861744
"Ridge->PCA (top-100, 95%var) + SMOTE",Random Forest,10,,1.4572816216403204,1.1871559633027524,0.1715484633569737,0.44944556930921775,0.6605504587155964,0.3457189014539581
"Ridge->PCA (top-100, 95%var) + SMOTE",Random Forest,20,10.0,1.3517280589084482,1.1242343154733019,0.2872146092001179,0.5309841338720642,0.7247706422018348,0.42522231204527083
"Ridge->PCA (top-100, 95%var) + SMOTE",Random Forest,20,20.0,1.3382773399158001,1.0894495412844036,0.30132954097714704,0.5643231807940696,0.7431192660550459,0.41437125748503
"Ridge->PCA (top-100, 95%var) + SMOTE",Random Forest,20,30.0,1.3867161394373928,1.138532110091743,0.24983763462043584,0.5213257136008903,0.7064220183486238,0.43184559710494563
"Ridge->PCA (top-100, 95%var) + SMOTE",Random Forest,20,,1.3484275585784893,1.085321100917431,0.2906911610191749,0.545983202652229,0.7431192660550459,0.4163330664531625
"Ridge->PCA (top-100, 95%var) + SMOTE",Random Forest,50,10.0,1.3510363426578564,1.1219408405431213,0.2879439261398373,0.5398547974612793,0.7522935779816514,0.4223602484472051
"Ridge->PCA (top-100, 95%var) + SMOTE",Random Forest,50,20.0,1.3175414970050376,1.0728440366972476,0.3228128053585497,0.5853485415825436,0.7339449541284404,0.42441860465116277
"Ridge->PCA (top-100, 95%var) + SMOTE",Random Forest,50,30.0,1.3522879015976366,1.1163302752293578,0.28662406094037285,0.5332900406420782,0.7522935779816514,0.4004995836802665
"Ridge->PCA (top-100, 95%var) + SMOTE",Random Forest,50,,1.3505948400680154,1.1040366972477063,0.28840923299185695,0.5341554062417484,0.7614678899082569,0.44957472660996356
"Ridge->PCA (top-100, 95%var) + SMOTE",Random Forest,100,10.0,1.319493497882038,1.084773249404702,0.3208047483710166,0.5686574839283874,0.7522935779816514,0.4462118041021348
"Ridge->PCA (top-100, 95%var) + SMOTE",Random Forest,100,20.0,1.3132343293067406,1.0911009174311928,0.32723314617809285,0.5739447096171408,0.7431192660550459,0.44037478705281097
"Ridge->PCA (top-100, 95%var) + SMOTE",Random Forest,100,30.0,1.3204944167194181,1.0872477064220183,0.31977393288678724,0.5684588810303806,0.7522935779816514,0.4313395113732098
"Ridge->PCA (top-100, 95%var) + SMOTE",Random Forest,100,,1.3447202225980763,1.1092660550458715,0.2945861143945362,0.5427316227518304,0.7431192660550459,0.4247572815533981
"ElasticNet (top-200, l1r=0.5) + SMOTE",Random Forest,10,10.0,1.1960322303052298,0.9648068616568335,0.44195927000488267,0.6837723842335726,0.7889908256880734,0.5503626107977437
"ElasticNet (top-200, l1r=0.5) + SMOTE",Random Forest,10,20.0,1.2738369402944458,1.0211009174311925,0.3669940241660098,0.6104334049823846,0.7614678899082569,0.5108323831242874
"ElasticNet (top-200, l1r=0.5) + SMOTE",Random Forest,10,30.0,1.2473090300778558,1.0238532110091745,0.3930844496979248,0.6275451955081728,0.7706422018348624,0.5138999205718824
"ElasticNet (top-200, l1r=0.5) + SMOTE",Random Forest,10,,1.2139102032899205,0.981651376146789,0.4251516942474387,0.6463116617777329,0.7614678899082569,0.4862275449101797
"ElasticNet (top-200, l1r=0.5) + SMOTE",Random Forest,20,10.0,1.2174389226778943,1.0006209408097926,0.42180478003383026,0.6537561873942078,0.7431192660550459,0.4680337756332932
"ElasticNet (top-200, l1r=0.5) + SMOTE",Random Forest,20,20.0,1.165826477717327,0.9527522935779816,0.46978994286840015,0.6875623621765355,0.8165137614678899,0.5173267326732673
"ElasticNet (top-200, l1r=0.5) + SMOTE",Random Forest,20,30.0,1.162141727370381,0.9527522935779816,0.473136245731547,0.6954882432279326,0.7981651376146789,0.5386493083807975
"ElasticNet (top-200, l1r=0.5) + SMOTE",Random Forest,20,,1.1978286930866415,0.9830275229357799,0.4402816358024688,0.6667411027544115,0.7522935779816514,0.5023696682464456
"ElasticNet (top-200, l1r=0.5) + SMOTE",Random Forest,50,10.0,1.178481677681901,0.9629038280942959,0.45821646615142575,0.6766046989017845,0.8073394495412844,0.5465538089480049
"ElasticNet (top-200, l1r=0.5) + SMOTE",Random Forest,50,20.0,1.1777602752916427,0.9548623853211008,0.45887956396112395,0.6883565398914334,0.7706422018348624,0.5006257822277846
"ElasticNet (top-200, l1r=0.5) + SMOTE",Random Forest,50,30.0,1.1976184318291365,0.9732110091743119,0.4404781192540057,0.6673778867675293,0.7706422018348624,0.4783137413862991
"ElasticNet (top-200, l1r=0.5) + SMOTE",Random Forest,50,,1.1807834438559863,0.9554128440366972,0.4560980168111374,0.6818871783275828,0.7981651376146789,0.4973501834488381
"ElasticNet (top-200, l1r=0.5) + SMOTE",Random Forest,100,10.0,1.1895184575774123,0.9776586109510372,0.4480210669208369,0.6739022632200529,0.7889908256880734,0.49937264742785437
"ElasticNet (top-200, l1r=0.5) + SMOTE",Random Forest,100,20.0,1.1713185544348312,0.9568807339449541,0.4647826569477277,0.6897414329242108,0.8073394495412844,0.5171835708298408
"ElasticNet (top-200, l1r=0.5) + SMOTE",Random Forest,100,30.0,1.1737960843802564,0.9523853211009174,0.46251611833464645,0.6830203949857452,0.8073394495412844,0.5081127241673783
"ElasticNet (top-200, l1r=0.5) + SMOTE",Random Forest,100,,1.1846305505449384,0.9668807339449542,0.4525480726293667,0.6794683188346181,0.7889908256880734,0.5058236272878536
"ElasticNet->PCA (top-200, 95%var) + SMOTE",Random Forest,10,10.0,1.2776435790377978,1.0249274517187938,0.36320511623369967,0.5863235838639224,0.7522935779816514,0.43203883495145634
"ElasticNet->PCA (top-200, 95%var) + SMOTE",Random Forest,10,20.0,1.3237769151563707,1.0688073394495414,0.316387903861308,0.5491214285664138,0.7247706422018348,0.46936416184971097
"ElasticNet->PCA (top-200, 95%var) + SMOTE",Random Forest,10,30.0,1.3020449688537763,1.0211009174311927,0.3386488705017072,0.5507000084711726,0.7431192660550459,0.43181818181818177
"ElasticNet->PCA (top-200, 95%var) + SMOTE",Random Forest,10,,1.302819807011424,1.0394495412844038,0.3378615051221431,0.5961048702527312,0.7522935779816514,0.3979416809605488
"ElasticNet->PCA (top-200, 95%var) + SMOTE",Random Forest,20,10.0,1.318365978931339,1.0509613332252723,0.3219650092208748,0.5551985517671075,0.7155963302752294,0.3896995708154506
"ElasticNet->PCA (top-200, 95%var) + SMOTE",Random Forest,20,20.0,1.2412353272505092,1.0041284403669726,0.39898074271079564,0.6251835691474639,0.7614678899082569,0.5165289256198348
"ElasticNet->PCA (top-200, 95%var) + SMOTE",Random Forest,20,30.0,1.2227019260637484,0.9862385321100916,0.4167948844234304,0.6538100456489249,0.7522935779816514,0.48581701957650814
"ElasticNet->PCA (top-200, 95%var) + SMOTE",Random Forest,20,,1.2726750704175775,1.011467889908257,0.3681482302337795,0.5924314321265658,0.7706422018348624,0.44280442804428044
"ElasticNet->PCA (top-200, 95%var) + SMOTE",Random Forest,50,10.0,1.25626334545792,1.0194727371744197,0.3843391908290743,0.5962322040094906,0.7522935779816514,0.44806007509386725
"ElasticNet->PCA (top-200, 95%var) + SMOTE",Random Forest,50,20.0,1.247175156728049,0.9807339449541284,0.393214722878907,0.6012667298393021,0.7614678899082569,0.4723492723492724
"ElasticNet->PCA (top-200, 95%var) + SMOTE",Random Forest,50,30.0,1.2462729758264155,0.970275229357798,0.3940922773837666,0.6142586891378973,0.7706422018348624,0.4828411811652036
"ElasticNet->PCA (top-200, 95%var) + SMOTE",Random Forest,50,,1.2569980257332338,0.9933944954128441,0.38361888626214846,0.6066135003493976,0.7706422018348624,0.4680161943319838
"ElasticNet->PCA (top-200, 95%var) + SMOTE",Random Forest,100,10.0,1.2229105496635104,0.9592647505086244,0.4165958486191621,0.6270925638801748,0.7889908256880734,0.5251711639146195
"ElasticNet->PCA (top-200, 95%var) + SMOTE",Random Forest,100,20.0,1.2324742027930884,0.9728440366972476,0.4074352574205409,0.6348201892370201,0.7614678899082569,0.48421926910298996
"ElasticNet->PCA (top-200, 95%var) + SMOTE",Random Forest,100,30.0,1.2329077288629138,0.9722018348623853,0.4070183116627264,0.6247750265434772,0.7706422018348624,0.4951219512195122
"ElasticNet->PCA (top-200, 95%var) + SMOTE",Random Forest,100,,1.2484489459494137,0.9802752293577982,0.3919746224060937,0.6174932226857598,0.7614678899082569,0.4825910931174089
